"ASV_hash","Station_47"
"00388366b55dd4edf42cc2ecacc844d1",17
"006900af0aacc2afcaa54e83c8f86414",6
"00966f2b8afe3dc61b3bebf8c001ef7e",30
"00c4c1c65d8669ed9f07abe149f9a01d",1811
"00e6c13fe86364a5084987093afa1916",163
"00fa711f0a437815895e1b4cc38dc1dc",9
"01a1f21c3aa65e58c61e1006eae24437",74
"0200f6b1f2a061f4de6bdf99be9debcf",13
"021c5508cc0a176b8f550d79a56631f2",1
"024fadf9d96e6c325e8abbe3b89d2711",2
"02a24115232b57750fdad54e4e4333eb",105
"02f7e459415fee49a3231499b3f0d781",34
"031b680cda8a8971f7876aae2a4a26d7",7
"033748db867bf98952e7bdeb6ac12b8c",30
"03422dea4b5a5e0f9bcae57c3254336c",255
"0369ed25113dc257ea5bed8edc5bfd9d",110
"041c1050b674edad9b75bd2940da6aba",40
"0441cd17a1235443caa3291fe52a7cec",90
"045d98a7e4f0ed5847ae030a06b16efa",67
"04a47212749ae920d5426a2650d9f8e4",56
"04d4763d622605be9a0a2fbfc26dafd7",10
"050d75494e23ba8f5bc615df4a8a63f9",40
"06118fb2cd2d11122541c8e4e253dd81",431
"06b69ce18833c02143fee89f69ce7322",32
"06bf6b60a144f0dc843f203beda0b812",18
"0780c22c545ff02f8993b1837b08b3c5",84
"07a53c783415b6977510bb5b9c7dd0d0",43
"07e2e66cf40c8537319eb0f890ee06c9",80
"08313e9b8d8e92e731b60387a377d676",8
"0890ed476bae8eb01f15ef5fc32be5fe",3
"09304de7bcdde93714df6d4800a79b4d",15
"093f1444ae902f6e60bcb9fee55a3a80",15
"095fc9119cf3281ceeaa14bea826fc57",124
"09aff1f6cec4877b4add1d79de328670",50
"09b83b9bba43a194624197fd345f054c",15
"09c5541f881afeaa0ce6f20b29cca151",35
"09f3cd676de76ab8ae1add6f0fcc8243",58
"09fd66261cb250cf7dd51acd2ffef068",5
"0a20789820be6f787a869e03cddbc7d8",17
"0a306f379db2907fd24248137e0c5acb",40
"0a3438ada762e2ce55b6490d28ce38d5",36
"0a4a4e47925268a65cd02cd960799001",92
"0a7c959485d7c38cc32bd0b5935f76c5",4
"0aab1402e5f19567993ee8e9b5446ae7",47
"0aae395b3b70c171c8302384c6318e1f",10
"0ac80fadf450fe32140aae16df0b829d",1
"0acc75ad3011d768963ef7d0ac32ffb3",14
"0af28d922604e34ae0cadc9578073342",114
"0b1c2b9ed02095f223b442c9bdd35006",943
"0b7267ae37ab0ff526e67cf70b54d416",30
"0b7ddc30b83837d984363135258cbe6a",3
"0b8f71c6fc7d5e9ea572a0ace04ccfcf",30
"0bed9f2be5d35fcbd80bef6f3f2f83db",23
"0bf3895d8552459d9b95b53685566843",16
"0c48335f6a129462bf72c2804212883f",17
"0c598a388e812e2158ac6a42cc0ae87a",34
"0d3001c47d4f5061378d3fd000680ce9",54
"0d754b3546373fe64021cd1d8957fa91",57
"0ddf16589465c7006c6a0caef4108db2",23
"0e26d35a67af25a2b4ce071c774db4a2",443
"0e2e6ccbbf688139cd1e7766498c23af",9
"0e5915bd9df9a70a51abcfa8739f1a84",6
"0e62c9c5a0d8bf78cbc19bb54d46a25f",3
"0e775fc1584ed21db02c44461c5e120e",5511
"0e83728f7ad4609c0503c725c0ca4881",1344
"0e9ce56fa49a75312b7d6037f8347c64",37
"0f1fd18068237357f65062d3484edf66",18
"0f2551eb7c43e82c8bd59d9e51a5aadf",279
"0f66fa0c945c20a10b949e9982cb5ad0",14
"0f98877f126d541eff239229a54a90bb",3
"1045d7488d25640787cc37ee0561900d",6
"10a775bdd81118aef7acd79dff91ba62",3
"11692343aed5c63b093ff4e945d328ba",3
"1169e4a9b8791b0ba26c062c610fed24",20
"11d8b95a8526220c96ba8dd68ba18865",7
"1200c8790170c35af29a0810ec48d411",180
"12342bc5a8b458024ce32abaebef3521",37
"12410564eef73c3c877af2b6ea638ba2",142
"125f64423c4da602db2e46fe8dec7b2f",65
"1268d3d1ba0cd0b6e98dd6efe48f175d",3
"127438ddaebedb754d91e47193098eb0",5
"12b395e24b1bd194e86fc49b4c1b8567",16
"12d1eaf07de6878166ab954c6bed8efc",82
"12d5ccc750efc584519f6dc6e8badba0",117
"12e989817f9f6ef4c94992d8af17b5b6",39
"1349107ded88ea96c02c60ffe7d5d39f",12
"135b70c427d463e98996f4e155af0dbd",3
"136b19f05eff5715b5d259885254d86a",62
"13eea987393ec9079bd9805404f0d4b3",3534
"1401cfd6a11ecc38fc403120fd9baf85",770
"1420b942486d34fe7d7170821a6f13df",54
"14244a5ca23d163c729d468f01ccc474",309
"145e5a48abb5de0e121ff0819f704ca0",29
"149406eca345af3438fc056cf5da206f",236
"149b86b3dcb8fbacf8fa1639975b20a7",19
"14b7c8ed490ec491f4e5e833d8904009",11
"14b80c114f83d3890a10ea17a66e3ac5",138
"150ed97135adfb05a0cc757799bdb2f8",5
"155887d600fc88a24f01cd62da008cb3",24
"1566e93a7e265b875c302d909fe9ed52",22
"15eb9ffecabb4e2b1cbf0739405d1c7b",14
"15f796ea0adb378a6d8ac787878d3c8f",53
"162c51ac348c66dd6c499a84b695b964",4
"168a80b054cfc0ae1004a1c0689712af",4
"16e38918752fb9e2d65f793e14115534",5
"17894cd22fa9599e317e6c7151ccbd05",5
"17eeb85da8cd0782fb5890c49245c19d",35
"180753f885299772fe19be9d501d090e",1
"18236b8ca1a559f2b8fca10508fc0805",25
"18d157a090ff870bf4fc7a62a8f7f2d5",15
"195d16225396d4466eaf0d521cb48728",42
"198e92c86ec244951e2909fe7206e5e0",30
"19a97ce61e5838cdf56cc50b2f113b02",42
"19d24340ae23aa2485c8e532eeb8601e",5
"19d5d336e114851a607429967265945d",22
"1a1a54185da8b8bb5460205f9c8d4b76",86
"1a581efa3cd715366e5ee69d07fe5dd3",56
"1a6bd1bbf5a6f2c628e22e9c3883056f",18
"1b35c3e27a2ff4a79b32028a017aaa34",493
"1b3de43da43a9830fdeab8bb23a7c161",147
"1c1c5585f76e947a9d168740634b0488",27
"1c6445feb63dccd94d087a48c79116af",3
"1c9b722217592cbca01202112c753162",6
"1ce3b5c6d85ce967f8677e23e3e9b0be",6523
"1cf354e9fa6ab14d2e27b9aea534f5ba",54
"1d179d7e4f8c8398f5a9b0a049bcd8a4",69
"1de30884c7c8852d282082dbccd1cfa9",13
"1dec8fd194135d2aca47a9737433e707",6
"1df60b9f54cf25fefe73d5e70fa3c2a8",99
"1e1ee9807591a6f163e0ce725302f682",47
"1e2cc6e89c75793ae72dfe764a7525d3",105
"1e4caa5f24ed5f332adae3f8e3e37898",16
"1e69c9c9d36e838892bd47085bf21c01",134
"1e78a66d190923756bb8f457e94f43f8",40
"1ef491eb408e17e53f8e0c8402b97ea8",4
"1f0c68a48a3b74ba0ecb1a49d52f8d74",23
"1f767f37d98e105755de0670e3dcbf2b",5
"1f98f23a4ad0b079653b5bb5b16111c1",6
"202658431e3d7608eb9c6fe33da8b0dd",11
"203977cc27952a79c400398b5cfaaecd",168
"2068098ed7b9d97b644e14e220b74382",125
"20a0d2f150b3312772f5c00e54fd7baf",2328
"2184e4fe540274d6ad4cc6827f0a57d8",12
"21ddfc89c4ff2cf41bd991c7a8f4831f",108
"2203735633034a0a483d1b1d84c0ed27",4
"2218d02ed922504d0777eb6323c18199",51
"22c3b8d63ace309f323cfe27aad8f807",23
"22e4b787fb4f71025077a681e1929f15",11
"23055c37de39165a762be57551f854fa",12
"23ae0b78bdaa43e65b91299db4253cb2",55
"23c5522522a9cb6ff45dddb2c86fffe0",11
"23e3e7f29cd9fcc39b19adb80addff2d",6
"2420a403f528f62fb5ba1fc74012d78b",93
"24339694ef72f152e76276103c2e21e8",55
"24a7b701f7ecc27d1e1a663ab5e0a9a4",24
"2504ff5597cafcda9d0250e80a6c544f",47
"250e04c615f6a25418beff7be797f69e",264
"2556d53c7fc5b4b4f7f2be4db48377f2",14
"255823506ddfddc9954c1d3679eb76a2",90
"255bf6ca10e3a0933f892445970dba50",41
"2584b34a5d4d276e424b5343d5e17291",13
"25daee8a412e3b8656cd805e474bc41a",9
"25eb03f20a463fe6e1d7b2bd3f920a60",21
"2625f5e0556b084be1313777d7183606",146
"264b3995cdafdc725e702aa363dd950f",19
"26890e84294dff1f0c41306271cab529",44
"26b516b9c624e29db70b6f00680208ec",209
"26b8f58594a7f9fd057287eb238fa295",5
"26beccec978ee96b9c0fa589a5bd096e",1268
"26defcad0a413ccbc4134c59b5c0905f",120
"27519dfda8b463271f576f8bc5200f63",107
"2785fb0b491e01264e5358053d12618e",55
"27ca2b8f287c3a7e4d864cc870cf67b7",179
"281c419d5c32e036d9a3909fe8db7046",83
"28e922d9e130ca4149d6b71d5a5347ba",58
"294588f133f5fd2f43d565b2de6bd814",9
"2970af3e30642198ba1dfa1f304f310b",4
"29808558f20a5459a28bf60ddf886cd5",259
"2983438e2b03eb1c22c5b4d99292e6cb",64
"2997f1920aefbb91632b549f2538b73b",233
"29f1cb3273915742ce58efe5f28cec6b",58
"2a388a77ee914a7b9b56657193a11fd4",334
"2a9709bc2cb6c0955d30917a1bb0fabb",48
"2aa34cd477e9ef796f303c1cd51530be",12
"2aa9a3c6f6965c9b78a271efe8096b99",8
"2abbc9b67b10bb3248d97f8a4ce36dc2",10
"2ac8c0a8da6018294a277338c1a2ac09",5
"2af8cc20e9c55f552d409ca069fae820",8
"2b572102bd80d619cde0da8b43d92342",17
"2b57c198938e7481ac86753a8cfaa087",59
"2b960d231c6b78b310080bb76a33c796",10
"2bab1af5b11f4de526b8dbfcc5d8c44a",247
"2bd258879cb8451bc486e4e086885a5e",99
"2bda0846b7ea1488b719ee947044901a",159
"2c02e94292fc4564e5b7b6a590cc16a8",88
"2c99e9d4dbd7344798766318460bc89a",4
"2cffaf6f9b8ce320c364dd2a47aaffb0",177
"2d14ed5af2d6a72d11791fecb979b291",3
"2d62adb040f1ace245442f09ef93f0ce",17
"2dc430a9dc60fbacf282b9583b3d07fd",30
"2df9e9c4fb0322d75ba0539a876b99bc",62
"2e14fc6b852ef66f4b323e6b70373d2a",32
"2e1e5c2ea7f827178cf21eac758bae40",16
"2eced27d02b63926276c9148bb3d1413",2
"2eea8d24d896598b2f0e6cdc2d5f4be1",56
"2f40337e415f2ac5ace3b30657a80109",311
"2fc57e79de44ed1f662497532b95668f",226
"2fc6df40801105bb0c66f78e830ace95",32
"2ff557af50a736c7514752cfb4543dce",8
"306aba95bd1684219cd49a029eb27d6e",25
"311bfce3b55e75cbc8ed5281f6d5c51b",274
"3152207514dbef092ba6c74544c667af",38
"31585575327cd5075087e17e25635478",18
"319fdcdef7671af914fc9f3b6431a4b2",38
"31dee5d3f90d982bd7484cdb179e5047",12
"31f1c6b0fc2ac518e94e7cadfe7f28a1",982
"3255ddc492867f649285e5c812a44deb",22
"325ca25e9c6f6066b183bad6d04cd2c9",45
"329531866292c2449ce918ad60425ec4",73
"32a063141705abebe4d1cdb3e2ff1f13",28
"32a1de2e50f861d3faa0a10359894288",418
"3305193a7e5714d91f4560db7110d4d6",33
"333d1ced4371f361362e840cbf16bf7e",33
"3361c3e833e2394f3cfc9db71cb9b0e0",26
"33b69fbe5944758f407cbf396a074ec0",70
"33e4ce0575c7bbfc7623cf2fe3813837",288
"33fc6b48715b25ec074e9133cecb4732",268
"340f6074f68591a09e14534ba2134a44",1
"341e4bfa50206f2d382df0b8685de948",6
"344089ebc509c879da59f936bf57322d",48
"34778596270f1eff5ee7de7047ed0ae4",3
"34c61d0e24b390ea921fc479ee2dcf74",7
"34e17822da9d6908233d1e8044745489",2
"35376c683adbb22748a6f3212326bcd6",24
"35502a79450802679f58ce5b63501503",30
"35658a2371b5076895315d9e87072cf0",24
"35b5539d114aba63fdb65373b1358d10",24
"360867f296aa3990b51c54bc26c89a0d",88
"361cf0a87f45786b79081b4eb63a7c6c",8
"361efb2e1ddf9fcc3166dff41055a4ef",189
"36a60e54d06f133042affae533d3cf46",8
"36f4db0fcc3fb5ec86992593a1ddbea7",7
"3754b474d7e5d262794cf0d3e078f006",3
"37569180595c13dc2818dadf11078581",171
"3778cf6bcb8c6e79c7a7d8355110fa26",3
"379051a22843094040aa56d1270d2639",20
"38082aaada7ac6a97c40d800990f9a79",5
"380b145b2c7d0f57310afddc29315ae9",24
"384affac776dfd99d3eff2307b6fecb0",11
"385e8e67cb16256e8dc012b6abe004ae",14
"386c86c7b4c3d657090aa4de5792cdd7",12
"38bf982fba0076357c28cf541369974b",152
"39f889c49b86aab3fc1a426c23fe2e52",11
"39f9479aaf160ee2fd7c82e24a28f54a",11
"3a1cc68b00fcf7abedce1ae570356e7f",139
"3a67cb73d93259d9c46b09bb4e423d7b",64
"3a692c573f1c89e26f98a8c357a10a96",43
"3abe7b903dd88bcbded7a0569811b25b",310
"3b8a6a1e831ff317190dab9392eae0db",70
"3b8ab746d7585840a08b95e73283c263",22
"3b9848bcf6e8ea84a7d5ba080be7fefe",805
"3bc4b0800634e6b820ae133c2f074e14",15
"3bea169b9618e1d3e3b5aa76156f8321",248
"3c02be2760b174f34f80708b6adaa6f9",107
"3c1478c7ab2548ba9e8107071f15d406",16
"3cd8606df1e08a504de71c994afd008d",18
"3cd9becc87fb934c94bebc4efee8af86",3
"3ce75cd3fc45da312be462504f90da53",95
"3d0d96ced1f2cb596c86e245d598baa2",800
"3d1bcf41baec18a6feb2ddb21c3c8b98",234
"3d5c2d3cd93d0f1c332e9beb693aa1c4",42
"3d623625dd144b8c83b0abf9aa98136a",29
"3d852410f44d21c92c9c55fbbb25187e",208
"3da276b0f02020460280634bfa26644a",71
"3dcea00fee9e902fbf904364c2129a04",55
"3e446a5a08ac82358182b813f0b0405c",5
"3e478e9828bc57aa04bb32c24c3e520c",3
"3e706c095eaae0cca2544ac7cb2968ab",298
"3e8b85f36906934ea148cd581e2dfca4",78
"3ea06de188204fcea667c89b2e6d1fbb",7
"3eb760e60f9536beecf2260e8065c645",79
"3ebca60786781ddd1b31091f84a86f7d",59
"3f30d720e149e36acf3a0537eaa7959b",73
"3f75af9bba716b458ed2573d8ed7f5cc",91
"3f874a12de465a1a875b7b4ccbf9bec7",28
"3faadceacbe927800e22582fd1d5aac4",36
"401a67858704d406087efd35334e84e1",3412
"40468b5c5be21815dad91b11261d8687",30
"40885e1eaacc06cbbcc7a0196da0685e",33
"40dc4effba9737428f00e74f649aca7c",146
"40e52deefcbbe9f5dfcd7bc6badf56a8",163
"40e817ff5f9c655490603e4e02b1663e",156
"4112920e3e1fbc546d50c0d442d5d84a",48
"413acb769d9d1a100dc3fde5a388f29d",150
"421b608bd9127f78b2aaf5c2b958dda4",19
"424683e7ae7754d59d6398b5e301faaf",41
"43b357636f24d8d3ab42e0b4f83a6ea6",832
"43c811eee73713e92df41d5df808efb2",237
"44369269b45b7e1a562a501cea30045e",1819
"44396e4fdf8d35bf123d4a5340b3714e",332
"445b6909c9982cd67cbd85ef45ea0065",924
"44bdb3a8ff7f4fa6ccd87d4542c1a2a9",82
"44e9efaebe760c0be710f881f6e66661",293
"44f7addf68f40e3c4b350b12c5d51074",35
"45346e5e9ec229a3fc54965dbe51cde9",193
"4581c8e80ab96f3d122e9c969272a1e2",1
"45b4046ac58249d66fa567ce9c0f38d6",25
"46004c38cc51623b63b6c73b49ee5c20",260
"462993c33095037d4e24e6392da272bc",1
"465953a6030e0bfb6de6372f9c9ff09a",56
"467d1a4c190d906ae3517dc44924cd05",41
"46a18c97329e9afefa70b7dd6e8d3930",156
"46ea61405f399bd59b7184aff66ce5df",353
"475b065e4396bc0baa48bdf16330ddee",96
"478c0c297f8810ce17a77a0d94b6d9a0",135
"47bba424b829322ef84b233d7ccdf79f",61
"47d1229d0a73e0758cdb4e2f9140c00f",10
"47de4ce9d1d0c8980e9d57e3090334cb",62
"484ecd3210bb74d01b4fa00ab81a23c0",85
"48657b816ed6c21e8eabf0282ab0394c",10
"48c45e81402b779e627315a9d74a5d6f",164
"49337d5cfe8b2fe497bb9236615991b1",43
"494975433cf1f940b003816db0232f8b",39
"497eb5f95463dce4723ae6fed28731b9",66
"4a06b1cfaa2fd0c388172d9c57329053",16
"4a4a745d788aaae3cb33e55fa10d03b6",29
"4a73fc9c6e87a842b5cee27377279528",12
"4b0be352a821931e642b7c4a20507fed",58
"4b3fbe6150d2e83a68e344f9a283e315",69
"4b4e842744e2ee3505defcd8dc6e6061",409
"4b95e1e8f49fc3e4db7b9fa002e6f536",6
"4c1f47a8699c79cf9312b392d4e6c875",88
"4c98812256ffc96bbc6a532d8078a80d",2045
"4ca656c1bc8f8f64576a8676527dfe2e",127
"4caa1fea282b6d958c964fdf6cece5f1",49
"4cab0df7abb88b31989680d38a6e8df1",1330
"4cb8668bb32b3c9c88d5f8f79d9f67be",183
"4e8069bed51ba26cc0d75a87582b3cd7",1
"4ec510b0b639e6ea46a8d2cf1c8e4e10",75
"4ec70744dc57e247fb6cb7ba80e5f0c0",12
"4ed2f9733c0972cff1540d443ed02187",78
"4f2f30b530ae3f2b2f7e7b78d7b86a88",484
"4f8257e5a38397d186bc493c97412d42",1254
"4fd8d7e3b7063c989d0ca49d2c9144bc",488
"50f1e9678a2d5a29c5f35b4b4e80343d",6
"50ffc80a0543759f2d54174215ac7f94",56
"511613dd2d96407cd7d58dab8fd37879",46
"514ebf89ed024ec273d5007eadfdd358",51
"51617017322e10ee8b86116e2483fb49",1138
"5193d5a44e196f0e778b090e942ecf08",26
"51c2a7b6bf2d9cc9f88fe749dcff7543",108
"5269b0417432cdd7c5a48cc2d51ab341",58
"527c00e00c2e0a3bd17dd426b323b95f",9
"52941d0608e7deac737a1153fc1a5698",514
"52a5f12ec7cfe9325344e2a07a92b23c",72
"52a75ee11fef3d618c75204e0561c615",7
"5306c4ef7bb2d7904bea834c4f69e552",79
"53b5e72c1f75d323de76ae2bfdb00f14",456
"53b930f1613dc983f2d6cac0fbac3b54",7
"53cea4e60b6b56fa1760436ce8343448",4
"53febdc11c195ab9b194fb150904227f",1
"54195a169173145bfaf95b69edd15230",149
"542a45581a8b9269227134cc1de472b6",20
"54ed1411648fa7f732ddab54ad6f8b39",70
"5503d2098620b4b6a6b97155685d9d28",1
"550d31dd0bc49d06f4fbc790a7231b9f",75
"55691dc06d278cc9152e8a67abb0053c",185
"558da2864c26a00d137d4e515c15781b",3
"55971ffc1718eb3f8d1d8043bc11d097",428
"55a63a1a34d11a0c44a55bf9a7e9beda",2
"55ac7409e506a1ca99b52738ce35807a",122
"55ad0771bd3ed7f5e35afc02903585bf",125
"563bbed0ffc567f7fe532dd5199f53ec",21
"56560b8dc5ac727db4b95c059467c9a3",7
"56bc2ad1ee6fd4bbffbc70bfade8ad23",2
"56db607753849d081cd0356662dc0227",12
"5731ed09c9fc4e3d0e56ddade78d85a5",42
"57ae317d39ad161617de0873c0ae1db1",28
"58624df32c1c7e4e889a1c4f316241a9",19
"588253f8c914de60cbb9577946854a39",29
"5891c15315042c01b034fe98a5ed3f16",274
"58e8aeba3116c249efa913ed399dc2ec",25
"58eb69dcd350c8a4c0aaad29a8c2bda3",17
"59d3aa03e31eca0373baff22792b7d73",51
"5a1d0bcac765163d6db66edf58ac0b7f",22
"5acdf114492e2b6609331c988d7d2db6",15
"5aeb97e63c8faa57b9d7f002dba7654e",32
"5afb1cc94adf19263099ec95d0ee4757",64
"5b20b8b794982ccc9bb55c306ad1a976",28
"5b4613f1e15307ee30e96e020adfbaf5",1218
"5b9768f7ad5758083e5e57465731d9fa",89
"5c4a7f695bfad4beb32ce0816554a909",78
"5c76f778f77594c848d2c06ac5d9682f",7
"5c8a194e45c3a99fcd8d1a3296d8f1e2",50
"5cadb906e927ec37f15cd2b07b7d9da3",1288
"5cb1250cec910e6819b838249878d53a",897
"5cf311d6cacfe9f554a0d5c199140d71",49
"5d05fbe0979f31eaa2d1c51af6ba2f2f",17
"5d1eca5eed8bc208c96c46d29f236b48",208
"5de9b24643cac6e51451b7a59b633d4b",5
"5defc6dafe2a8f71e9314d744497d560",37
"5e02876b97448466fbc96a7b1effca07",35
"5e122399cb29970cea2eacd226696f87",69
"5e35daff08044ab4bfb2b7795211f3f7",67
"5e48e431abad10c87b94f9887a00d7a8",14
"5e4ba03402a627f3f60b77b68fdef427",72
"5e7a700888368869a76f7f233e62aec9",37
"5ec7475bdd19c6e6902d624e3b79b496",6
"5ee4a4a718b7ac52a83f8a1ba452499e",38
"5eea0e095cab834c6fd9393ff06a5c6b",31
"5ef1f9457352f75fb624764ae8c3100e",13
"5ef7fa0bb849cb26d94abe6dfde18947",2
"5f09004800bab13d90ffafb1e9fcc99b",52
"5fb96429197dfd03e8f4089cde61c1d7",19
"5ffec98b519926f688d4ca27260f914a",75
"600319a69f0a5314a18e09e0f6f23ab7",11
"604af5e37e0aadd368da4728591b6b9e",7
"60bd51baa3c1d4f67ab6de449a7ede1a",33
"61136832f4e5ab8fd01ebbc27569ca64",14
"61500f4544a07d64c6d53550edfd4af0",7
"61a3b4c8e66955e6bf7d7bf6e431b8c3",70
"621bf83f9436290e5d3f77f5e11ad5c1",3
"62406166265893a47e9f3a6b1fcd2f08",26
"625acc495ca69b192d6d3a22940ab977",102
"625c952820545258838cad5b007abd53",35
"626f13a54849671e7d2ba0a843ddd411",13
"630eed308f4c22ba515529e3999dd9db",58
"6391e664fed535f55022cb2fbf6c0b2c",30
"649aa5559b76ef7cc9ff78f305d1a3f5",180
"64c3064371bc238601a447312b48ee37",41
"651b591fb90aa2d4ad8edaf69b22b3c9",1
"65818426c1a9431240a966684bb0f3df",436
"658ba08c5bfa8e13006770474b418e6b",42
"659ed5c028a49ac18495504f2073e0bb",5
"65e79fcd1472d27aea989e24c2cf0afc",1
"66433b5b10e6c86656a68987e9777922",10
"66ba6b36a9f816dbc2bde85a676892fb",67
"66c51013d5cc709fa2ea3d3ed94b1829",53
"6727857c88df63441949daaa1dbae86d",22
"67388fa570297e3faa8e62af8a9d8c3b",51
"676637e79dd97b20cf7bc2b7d63f33e3",8
"67b9aade9d2ede6317abc38a83820782",1
"680327b09eb62eca606e1f69b5af97fa",27
"684cdc5095dfbcb6444403fd07f8d38f",98
"69187fc4de7d7f03a5b02407bcc363be",24
"695dd024febf0b75156d27625dace76a",5
"69bfc840c6207d6670e7aa72b240c3fe",30
"69c407593c54829ed451fb759e3bd5dd",22
"69e135938ccbfcd62f67c0ebe5a4b4b4",143
"69fe63fc42c21d341972d13112979bf3",60
"6a137a1ac0f0b1d692b17bd2fb9a0ac6",76
"6a25f59fb083eefd9df27dbf69aa7d7b",145
"6a35722f7cb149e1fcf07465d1ff7f56",9
"6a4ef2696ec550b3c80eb625de83e767",103
"6a7c293dd7d370cb2a4f5c90cc0497cd",154
"6ab05a176ca85c66f2b8044f134f5f04",8
"6ac45b550b50527e00131a14b0259cdc",10
"6b0411279a685a7c2d51a880131201e9",14
"6bada9b93743446a47e94a75b699b154",209
"6bb9ab42e9c40a696cbe38952c057d1b",36
"6c2b0faf901b2b88f4c972ea888162da",16
"6c52ee62bb791aa02efb91966df8365f",17
"6c9fb4eebf80f2c0f8f2876af39f8036",2
"6cbda7385e625a3ed2ecc24e3f4b6a0c",12
"6d1a5858beda1b50d7b20714bd39fd56",39
"6d3ec1a6ebb69e8b82176d2212b942eb",40
"6d9173168984fae6e3e004b72fe84159",182
"6db3f6c2d7c125f316914cbacf18dd29",12
"6e0abb8f40bb59ddb54555f67b6aadb4",15
"6f2eee7a62d605ff4b7b4a0bd4e1baee",128
"6f487d805d7bb0450f58504099062e62",5
"6fc349c12af9a0b375a698280627ffbe",31
"700af82f9f7bd3b41b1347c18eaa1b61",51
"7054871108bc41fe233bda933341d35b",4
"70a2ef8483290b0255e1d64ff71afe9d",13
"70c2996919942a371bfbe339ba930ef7",93
"711c514566917f3da94c8381e74781df",31
"7136797e184b434c7fb1b9589235be44",28
"7144dcb2e2029baffbdc3378f1beab27",7
"7182ae14e40b3851ef2fc36882053550",120
"71b77691f3b75789ab5e78ce8c5cd109",11
"71f3d3a20bb3b57532615d15c7ea0f50",412
"721c8d5c6b962e01e9fb8d2df0c68ab6",54
"725587de8257d162bc31783b80a5fd5d",93
"7271e32d4bf355780970a1fa3401ddd5",167
"72bef56c72d8dd34313afdc5771d5320",140
"72ffea71c1a6ff93099ae92e25d7905c",29
"730d3fd99af84364b9f9bf67c49ba606",116
"732af03ba32b7c6492f8e88460f0f2f7",10
"73748067baf6a8d8dfd693497d93c01f",120
"73adae9828df3d71acf3f5b84738cea4",71
"73d895f575c699b7bc980869d5e1f608",11
"74335bbccd7dcd90345b1b3c207ee91a",20
"744321cb23193b693d85f7e8e0fd6b90",260
"744bb3bc00dcd27e0a2e6c76f3573a59",49
"74e852f32df0a47edc868fd671ded35b",31
"750a754195bb558f779e73bee3eedd3b",7
"755e16df70cb7cb7827dc86e8875ea0b",2
"7571c05e28e2e8b0836687551a5b68b2",35
"758f1de1502c6b44d9f94be04ff91d2c",28
"75aa322ae960f3da266d0cec494d402a",625
"761f7e5525fb49ef1a0a4d37289246cf",36
"76251a612bc63e289df4e9341718a7e4",37
"765517459c3e7536e0e43fea734742e4",8
"768cadea2579bcc773862c6d2e9b3575",195
"76c61077f65384a56992b92b37b54684",20
"76d4068419169944cb4a5c4834f41a6a",554
"76d68be487b3bf3b8f343e00c4aead6a",20
"771048a5c6a9deda67f9adb891180d26",46
"77235a7c77fd3b308e6cbcf4d3cdde2c",23
"77718cf701509cd7300a5878156719be",196
"77ad962abeadf0133594754f4c7ce61a",33
"77d24901cbeffd3474c4fe3bb52d7d7d",54
"77f59992d1649b75324c553a62e67373",84
"782fa26279d7656e661b83b55c14c4cc",3
"788b4073d2f551c35222cf7991c10740",2
"78a0098fcc85c427a91ef77342220436",35
"78b5dc854d78b6a44a15f17fff523269",130
"78c6314fe506fbff8f9dbe71fe01144c",87
"78df80a41e7d1be8ac911eacbe797efe",24
"79075e9a20f6d4c2d17bf3e0ae25dc7c",2
"791d8fed952ce6b3ece7a7b251ea6aab",6
"79bcdf159239c3f0bcd34e574c112480",3
"79c06013efa07fc3de0c8960015182bd",23
"7a1011dfbc8b253cb0032a00e74454e9",423
"7a42de6f7a028a52b4ebf38e23483d85",14
"7a5075d991cc7d90b35db05cef59e5a0",52
"7a799205da253c4ea4d0fd54f05674a2",17
"7a7f649d8e4128447ac86e3e9afcb944",2
"7ad53600340527237173a1a2043303e5",8
"7ad60e677624ea28ffdf096d29c52e5e",593
"7b731c782416a790f6d0b1b86d46aa5f",89
"7b74bf428931286ad601ed529a7c19ae",339
"7b9a90d213d4e72e912d87103446cbb8",7
"7bd6130d5b6c34d6e1d44198b3472509",2
"7c47c9aaa4b6aa3d056c083ee7fba641",45
"7c6caf692f6158fa656244f9d6ec015f",2
"7d252938dc9274396c45a06fbe7121a4",286
"7d2fd800c809a0a1e93aa996f1ba0fe5",7
"7d376cdbb8bcd3697ef75cde87a5b39c",292
"7dbbcb451e4d06dd3ab9829bc2fc1a9d",1
"7dbbd5e628a910e8ce575fedd9d0eff7",38
"7dc08afa996e4913a41f06ab8303cb52",50
"7dc0d4a782bdf7402d2e82f1b23efddb",95
"7decc2bdac57aa1d0cb6f31abb8a91e8",8
"7e0b87b5438c550510ead003e6f82447",19
"7e0ee7feeb6adb72c8d2a7d5591f6469",7
"7e1c66a754a410c3df53949ee198d45f",202
"7e3f0611bbceaab2351b5a9297e56dc3",12
"7e7b8df8f7d5ae8860fe077398e75a89",19
"7e9d6a44d76c66268248c175e36f0db0",181
"7ef6803b3ce789ff4c7b1840c2e5c849",12
"7f84a8d17b4e6029500ffaeb7d3f5b3c",42
"7f93dede533707fdd12b0551021f1ed1",2
"7f95662d9e03798cca8549f1fcfb6b69",52
"7fa195248fab451abeb51eddf202bece",58
"7fb4b7a28f4bb70e84a1e5094e5c9ca4",157
"7fda097303c92051e93b901f30103dcd",201
"8007c707a1b98cd80542b93ca122db22",39
"801b6ea52b13d82d02e3c71bb1dbecc9",599
"803f0951c4dd8cbd0c24ae8082399655",17
"816e245ca59f836cba504377a90b8e0d",421
"81785d28fb844c25db1ded11eae109f0",58
"818fa580ad72af9518f74af59d0ec420",1
"819223c325988a73b4943cf9d3725dc3",18
"81b1ad2aa6b50f431d80e6d77583267d",5
"81b647dce47ff9f8c4d40862748906a6",60
"81f3198e2f4a995d6063df73d1207066",56
"827de4d2398788b9d4c5a942ff0df8fc",141
"82e83a7714a82dd2183395739dab616d",5
"83634ed3881418764ca60a0d62139574",3
"83d46ca19e23aba21571da338d6519e3",10
"83ea1455c3fa0bf280f1794cf278b24f",22
"83ef632ac05ea9162978b167b94e4d6f",43
"84116e0fbfc1cc20a9945f057e7e2e0b",202
"844e885a379144e8de2e93ee60655646",104
"845b44335c535fda771b5a34b17ee46f",23
"845f665b7c5ffa15112f1aaafc5e5465",15
"8469f8530f6db0e05d6df381e5a465ea",17
"84ce402bbecd33b12a0d464ecd799c90",263
"84d91c9d3ce0baab5be94160f41573aa",70
"84dd7bcb561653f26a52fff1e3ee9a02",38
"853debca79563a309dba887514ae5171",17
"853eb1db511cf957ac265fa5099fc8db",80
"854530d7ba0df1bf2811d9bc1204edf3",27
"85731ae1eabad4b4e697e25ab60f3919",35
"85b9b5b20975d7745b21729c3c8efea2",171
"8642a35b1251211335f411d77971ee37",5
"8672854fe193e314a17604464ab1cd6d",9
"86c62d7fce433ecc9cb8c0a43e2dfa7b",15
"86cd70d2450e3f44f4a7c543f53008ee",409
"86efdfd52d76d7321723442defa79683",64
"87194568add027ff66ccc0fd4bee0128",11
"87369144d8b159baf684348d6e1111ca",7
"874f68e0f8ca56c99e556c882f7c8831",3
"878b053bedceaf71c4ea2e099b3e9a89",32
"87a82dc7992d6aebae6db681b0b4b6d6",56
"87b396483aea8bf1adc024e6ca992029",50
"880f2fed8cb6295b029133582bce4c3d",44
"882c87ec3006de8037c7b9a9d33af8e8",8
"8852e538212c224726292171f3bd4859",918
"88a188fc500f3995ddf3f6b176c4c200",45
"891a94802c16b5af10ca85253da037c7",126
"891d43c64a26dfb5004a7f43465d5121",4
"893b5788fc96f5b33e1f028c955f25eb",20
"89416cdeca75668a8b8f536b6e46fcc0",173
"8a1f685785f2e32249c8ef9d73b7bab8",6
"8a2c57a22556a6364cdd3bed4ec632d2",42
"8a79658cc3d0b1da5dc3381db590e744",330
"8a8e9328c39e8a5d801d0ea80491bdbc",78
"8a91a36fe5b9c646e938907cb010e3ee",70
"8ac628f6dec4466b545bb4795c22908a",39
"8b42a6437be00fafe094b2d22c2c8ff3",65
"8b97a650a2ba97bfff492152c66e5da1",10
"8c115af3d60731dde7ca3d05cea1c893",5
"8c14284152260668849dd8b0f955f95a",145
"8c2049ee403f618db5742532c2f092da",5
"8c2096c279424bb2d76701d354caeb34",24
"8c503b9a08b45abca26fb4a1f42d06ee",161
"8c5545b9e585e609e5bbe10fa9775c80",4
"8c6722d0dd47783909f6812f4c989d98",74
"8c794e38b972beb94b38ea3899be9c15",1
"8d13a21c6fa4455824b63ed8431a8141",1164
"8d2871b2e4fea57084cea714e7074dde",377
"8d663c040137426d4d2b711be75df9a2",96
"8d861474f88da7973f330449fc7456ab",36
"8df388fdeb3f409a8fbdbd4c4026e659",8
"8e8c9fdc7c501094f3925d17e4ab91b0",425
"8ea3ec2dc256cb1367ca65c4f93152a9",657
"8ec712ccbac6aa8fce1976a44087ed20",341
"8ecf39e8696889b7828de9cc7fc282ee",21
"8ef25434f0f7f6369d7aab50ee6ecc29",51
"8f1dbc98e67fdb4846c0d41c8a06553a",33
"8f2a9ee4af880c70fa4c1639ab060eb2",56
"8f62fc30f4434d2239877e8cc80fb496",14
"8f74e4cc2d6d6dc1df50371bff74264f",137
"8f9b48e8735052497a39c46c84bab598",136
"8fdf7f8a9cef31500427958bd257b4b0",53
"905a64e28b0fbf22e53c51853435e9ce",72
"906ac6ed96eccc36f207c4bc14e0b788",31
"911936783ff9baf117921b7dd7981b16",354
"912dc151e3ecdf57069e8103e82ca984",845
"9135aad5cc6b65a19711a6b48e3ce800",7
"9138e2b6c20f47d8f90d7c079fe30435",51
"91769d8b3471e3061bd977bd0f860251",89
"91dc4689e28a475d539081a8738997de",23
"923e5aa9e92957cf510e67d96d077c7b",31
"92496092a1fe4fcef31438dfd43aba45",51
"927732499498c6e1e97374814482f798",3
"92fba8659462339f06e1b89b128670e2",26
"938063dbbfa27069be2ed7d9e06f4b74",17
"93a2248e8680ae60253aa2c996d3b7a9",27
"93f178a72eea5198a7d679b5c07cfd6a",300
"93f98c6625e819480641388a012067c7",59
"9434dd1c24a763dd3ad1b5d8d45f92dd",64
"9464ad0a508881a9c21ea5770eceb302",57
"94dca25b3addd7ac929d2fe925cfe0ee",3
"94e36cb9423742f3d4d9dad2aa8e88ea",150
"94f222781dae77d265c798b17b6aa8d8",364
"94f5527652d4df9bc3cf46f944a5fadc",11
"9502e725b87e0e9c2ee58b624b7f6dd1",383
"9503d1d30c2825aeeffee8cd7fff7217",6
"956f8b6b82a2f229a3aa59d2a1401503",92
"95b69504e48f4fbc3d481920851f50d6",28
"95b95d56ccb7282becee14f5fa4cd969",151
"9643e6df0af19e48ad852783d6ccf62b",5
"969290b83ee71f2e1918fccec0520a85",101
"96a85a923423ce9e09d4053b28c1e8e9",7
"96e8e6e10569f45a140c3e4b8798931b",20
"96fdeab2b972266bc2657f46c218c4eb",48
"973bbd0c55a6ca9bd2bdaf9f844332b9",44
"97c82253e7fd3e830c3660e30700690e",18
"97c962f665aba58c626afe0d13396c7c",22
"9828955991fdae690299ef5d557ca5a5",87
"986a3dbc2f3e44c22467b760c26f5bde",56
"9890ea66c1afab13b20fc2678b73bedc",30
"98a41f8c8b7a74929b34362e498451c2",1606
"9909343246e07bfd6e0f6eca0ca809a7",150
"990e7ab2ce8bf2e0c1f12edfdd26e944",250
"9944d96cc273e194e4d62ec1919fee64",36
"998029e58241e6de5f1cdec2dd0b12f3",150
"9981fe95a6d97d6fb24edd6cdd405372",10
"9982f1c35d7c8e4d0f64b966957a2a2b",15
"9984174d20c619f2619fe6a43635a0e4",88
"9991802e83393381adf803a208f5c038",11
"99a776e1f79fe5ec7ff7ee5f4004641e",47
"99f93e915a4619523ba1ca8403ea71b0",48
"9b5776f7c4361d35c08b67203af739d5",13
"9b6a6f7a6591bda1fc4974fe16ea803e",104
"9b6bc114ff1919d7368bad73b25c695e",98
"9b7de2437f7a0c1c72a1444aae7bc29a",5
"9bd851f67c83e3d109743f07a3db3320",42
"9bf2f86e5401c2beb1f9b42014c08a42",296
"9c55d3444f0f94539985e8a27cfbe900",62
"9c7e878427f9389b2a4b107594b94d42",14
"9cacc34af67c6f5e482caa2a8248fedd",40
"9cb561e1fc81c592199c3756c2eebce0",94
"9cba04c3054aeda77098f8abbe8cf426",252
"9cd56a5cd353432f0e6de5a5ed785abf",84
"9d87ec551f8acf565f76a80e172a3d8e",11
"9d8d092832f3bae808cf358d620031cf",47
"9dbb987046c9f60ed95e2e1ccdc8aaa3",7
"9dcdaa4c7f6011088f2ff586e8bde272",25
"9ddef18ae4cb2cf8b4be0440aacac4df",50
"9e104f002e09a18e13dbf9c6a844e067",30
"9e3cf7d92b360c98728e6f2aa3725c30",51
"9e4fa66e8506c36d0218840e619e77fb",6
"9e786b1cbaa09a1fcc973e0ca29eebaa",128
"9e90e1278c4c0d34f22d1fc91ef23695",375
"9e9c209c6f6730606f9a98e21684938c",1
"9ebabb50cd524f1148965f3290c03686",361
"9f803e441194ec971d80f0b358606a94",153
"9fd7b7764bc46856a688a5b5840231d9",103
"9fd9c373e07e82629409fcca4fd2a56a",17
"a044e9880da9ef69e10dcab7f9c4533b",57
"a10e3de502fdb9ca8687a327d0094836",27
"a13044d076a2138ba2316833367dfd1e",2
"a19e915d64b2fd165a383896007c7be0",5
"a1a3a8b0ac9b46884f2c1025e4b9b7c7",22
"a1edbd72f4094d6f451b68eaaa1093a5",208
"a21a8ee9cf18b4ba5ee313e28748c31a",37
"a2289fa9f84dc326d014c39dd037fceb",12
"a294dedeec53172c0880ea08799b71f9",46
"a2954f0bdf5e0a4b20a761010a05d175",15
"a2c45679733004eb45e94334e3d5094f",572
"a2c9f0a0d5c8619648f227239058eaef",162
"a31465b4de932854f00f3d97f5adb362",1458
"a31cb6e3925c9862460bccf371bf5bed",7
"a36917df178b41054a8e65ddd26e6f32",67
"a3ef1ded70c468438e851fb58537c85e",11
"a426afa4b7a6b6ad6a64b490c34f6aa4",22
"a4aec20c7d1fbf820d97607cc4e2a4f4",124
"a4c09d4de3a22ad1e1c34c00b539a718",3
"a4d191ef4aecdc79f83881c90a1eb398",338
"a51a148173f28564e700240b91545f74",3
"a56107c8bf519e6c28ca4d0374f0fd0a",77
"a5fbd147a9648e33b17e4ea689572a41",37
"a62a792f9fe5524bded385ebbb16389f",94
"a69d6220173cab12da0fcfaf2fa8d741",6
"a6d6d03a9e3312fce1c90ed3dc4e5951",12
"a6ee68d72dbeb5fa7549e997a36ff7dc",31
"a72f1edf42557de5b6b6571657c56164",22
"a75c196c5e0767918486d5cbf35d8621",13
"a75c85b41518320ad2e041919882e5b6",17
"a765c0875680074484571fb845e1d7b3",72
"a7a639bf7f8e8f2fa0a3a602b28b8442",21
"a85f1c83ac4ad89797676d0357bdfe21",192
"a8740fb49fe1eabaf816f95db6a5b4e2",37
"a941f89c855deef3ab38875b9972198f",49
"a95ac75d4f26df7c485c513c4301b5f2",17
"a99bfc6d1ed34224e40a36ddd3c59390",67
"aa6537dbd462149a8d7383c03d45d1d9",183
"aa7d342ade00c2a4825b16ae9ea76fe9",89
"ab2aadae878f0f3ad645c385b527d8f9",18
"ab3564244dacf3baabdab240216c12d4",67
"ab400409c7c923740bb8756469f3fa98",2
"ab8713aab2e3548dfad39f6e82f9ed4d",317
"abc24320252b0bfadd7b7a1db091f7f9",254
"ac3699e21d8347cdd0c52c4834911c11",12
"ac863ad4e273dee1ee0b05753557f42d",16
"ac9b7d9e24fc27b43a9b90e096bffb9b",33
"acd0c988b1722b9cd56887cffb29c370",10
"ace6708db81edbca81538f31bb7d175f",105
"acf2d93ab17e13bfd5f4e20f7488685f",55
"acf34ec22b03d786dbcefbff909beb52",29
"ad163d7f006fb4a2d853bab5c000cf4a",188
"ad6a1356b4362d8211355ac704b7225a",60
"ad7a812323880fdbfb5bb08777efac8e",1243
"ad88b33d8af64197ce807651bdc50f08",18
"ad923ef855d14976f7ada478a27c10f7",5
"ada10e8f1e4c22fc52a015723aa50c2b",12
"add0f1cfa7d8d68b35dec3a4317f2685",8
"adf1b9483106f8b06cc2d6073174d28b",394
"ae8637cfed08207c69490254d4b9e73f",19
"aeb06cf3c12fd4c4f878b503160d1868",910
"aedc109b1bd46d5cd3bafef82be817ed",23
"aeff53cff23f3076ad6c9071930202dd",103
"af29b7e631845eb748744d7b38e4f955",7
"af2b15ce779aafa3aa19e1403cdaf4f3",70
"b0117e3d41e8a81b344a78b99c9b0fa4",50
"b0998b3f15fb950a801626bd6bb631b4",13
"b0fdd785f6842efa41365a889c794c52",1581
"b10e1109fa709cf52ed6699442bda693",33
"b11b9f09253c3888c7c7662983a0e44d",7
"b1463f5d9e81a8e9ca4e765591c0d03a",1
"b1918240ff0a498e4063e5d739183dfe",28
"b19e3f8cb1c80990e5a63924afd38930",42
"b1a3099701fb5614a22882557308985f",50
"b1b6a3e2591819844fe196e410a1d7fe",61
"b1f9558b126174117f88458578da293c",7
"b2eecdbb2c568db926a690f17c3a0609",79
"b2f1fb50537621b5f25f8ce7f52d2667",42
"b30b22d73b90060475e1b49fb5b309bc",5
"b321bb86768ee7334e2d02da0d493f07",79
"b3380379ad3d80841e69c26a0661b1f4",54
"b3392c973f84d3492b74af601fb50b74",27
"b345befe38870bcc9f9c6869c49f1729",13
"b35daeea34ceb7b858261bcb1de86850",50
"b366861fe53a53ad0be14a972406f3e2",63
"b36b2834e2b19810c1a0412b3b1e1af9",37
"b3c62d3267cc49f8a936944379d88ece",22
"b3f4e3e3cfa7e6606972cb72553b3db8",57
"b47d970bc71e755601feb287ee1d2a53",62
"b4b2d3ce03144d82af7b97147d241766",15
"b4b92d74af1964e7d5de05c7040b0b5a",272
"b4f6e425ae839c2341f78f45c334e73e",126
"b5132cb54303b84bde6e8d69a65453c7",107
"b54cecad18a74b5dcaef6600be8fd80e",15
"b563a70ccb41df75ac47e04b6fc8d603",9
"b59b05df20f1c7e1eea316b50ff4bb6b",130
"b5a7a07879ba56da18a821b39f6e6f97",60
"b5d3407f536593532af4ead661d89ecf",79
"b61544254d41106cdf4d57450dd907a8",17
"b666db7df6c018b14a62c4e265902073",20
"b6712b0f2c53fd26c0db7ca322ba33bf",110
"b6f71e0369450be7ea5cffac62952527",32
"b7270bd005eccbe8844d4d8c8aadcba7",4
"b744a86ab59b0435f1467f53bb025a88",42
"b7a4b33d31d5b3d48a925a2d010af9e5",15
"b7b69e96e16ef4714d506a92130f1e8e",627
"b7c773c8e5f52f7b28a1b72893f8010d",6
"b8382b492f69a2b41ff1e433e9ecb9e9",45
"b85a5022ebff16a18b5a13edb232eb80",259
"b967225ad47b7d8162b7705d5b51ced7",3
"b9956a94e9d21ed6428c75e1e176840b",75
"b9f3d9439f0dc5434f5ad3e30895cc6f",66
"ba2623a7fa2eba75b02b47fc766d8455",9
"ba6e78eca6f302a4497bb77e4ceec024",72
"ba9b6dfe6bab3128ce34e15616140193",39
"bb23357bc1ec37c91159887ba2ccd3de",12
"bb4a48da2fe1a3d1ef28d6ec379b06d4",193
"bb670befce44290500bc443b3dbbeed4",8
"bb84e09d82d9646c96057c226910746b",100
"bb928831d9839a9117e7637291cd519d",6
"bbbc2122bce61647f9db7d965424ae48",122
"bc0a6f102edbafaeacdc8ce3d1d3f54b",38
"bc4b196663922b68cbbd394b2678b96c",39
"bc558c68dc52660df40909a19cb830f2",16
"bc643543bafe3ab0d8ea4b59b311ca05",7
"bc71fb5c9b3d061fb6f5a43fcd62efce",17
"bcc2af624eacf915d6e4c7cd3ea30544",5
"bce1b3b8668284da056fb97bd6994733",16
"bd12a01b19d65a23d2fd580d90cda4df",72
"bd5037ef9a74b74e15194fc07aad17de",235
"bd817a444e5c803f270d06503657a71a",5
"bdabd1bb52003b7f405355c58b155140",437
"bdeb83591c11aef772f735b1a1f04494",28
"bdf18e8980906003f3978e5ee578c9ea",7
"be108f847cd5989f363b4c99e1be4179",26
"be619d3694eac866407c706828d1a099",8
"beb80782511f563d282863675357d306",10
"beb8cb17f8152e488b6bc95bfcdb484f",7
"bf0e44c5ba84a5e9c1666fb5a09766ea",71
"bfa2754cedc514a60cc372872d71812c",95
"bfbe7005884f10fdbe826aebf38c184e",191
"c16832d95923874b7ea6f23264e1a22f",15
"c1d3f9c7cba0d7d1afbdf664f885caed",6
"c20dbc7bed348868335c9f64d16c0e7a",23
"c22a8729ccf823300489a655f9e1a1df",8
"c28a1db474603a1b2606fdc5bd5015f3",253
"c2aaa76c68367a9850f3c8d112b648c0",3
"c2e5dd03fe8ff3b90984eef0627c8b71",320
"c2e6af00c126ecdc0dd8219e43cb7dbb",88
"c341b9852c0c85b494ae2efbf7cbbc65",16
"c3930eedbb5069eb4d0eb85909d1b360",7
"c3d3175336c5b544d3e7112ffa77efe1",9
"c40167a83d799cba6a285f10d674f460",77
"c41217963bf1181ec8ab4890472f744a",5
"c47c474b771cc6cf606c1caf0facbba3",1057
"c497da3b39f30aceede6bec3b03cd100",11
"c4af075ce31e13ef94e891f3ac731475",5
"c4e7325bbc41258354c1104065303988",12
"c5ed9180e8a11a6e04ec087b0ca88f99",10
"c6009068431b345774e66096025e8798",23
"c63451c82539feaba83284b63c632626",938
"c63868a72fa9e2ecc8b9a6ef1e275a93",10
"c68c72aaef8808eb519fc99530248b52",17
"c694d5a4afd7af599be1953eb2217c00",43
"c6a91f897833b204adb9103c967f0a8b",3
"c6abffdf888c42cc888bac5471527071",111
"c6f791fe05bfd5b25f074e299d2c023b",60
"c70cb0dee57b70dec4cc51a38f20acb4",13
"c72b2ea9f3cb26026106967226b145da",8
"c73ba05290db62af6cd8e45c8656cd43",283
"c7ccb9ca56eca56875c9a6071b4e97eb",41
"c7ce79bce6d6d5929fae232a7a83698f",34
"c7d189b3a5bd7d1e6e0eea03addea317",29
"c805136496f98a2bd3c8f4b4ae40e414",5
"c8915b2dad88bdcfce782a11bb6bf715",134
"c89a4b70ed1eef68bb124ff45b10d246",34
"c8b2ee0514ba0c0606532a05dea34c93",76
"c8bdaa001125adbe6112c25b922932e1",5
"ca3b031071350eca44100709543693de",252
"cac4289ae44532397a9989ce789be941",83
"cacff1e298385eadd9f8af5d8f9c7c2e",30
"cade4c09ff175437762fccf075e6ee57",9
"cb0c09bda0c3d4bc3eb48eefe5f74016",116
"cb315c9d8a347c4a906f18952e88d718",88
"cb7e8326d407dc39d17f839bf38d69e4",1387
"cbf09305d1be561f770e21efe8cc3b44",5
"cc1e9cc7b5d5c955b025d6e85c5bab2d",217
"cc205dc65fee83e2d0fb18179e4e8d74",22
"cc4f68e765cae6f8afd29f1a3cecc5d8",11
"cc9ad340a9a06aa31e114f2b41e10310",11
"cca25cdefb2eb125f6b558ae52dcbeb3",2
"cd2fe227d2d937b7c374fd48de14607f",81
"cd32be8e7ad6d2020e83f3ad231e19b0",881
"cdf1c3cd3583b33fa3694d0c254b63ba",26
"ce1bd51851d95930c04f7b2f6a0ef197",108
"cec282b81c6ff018c9b63baae23bd4ff",9
"cefcedd70b900a8c122c656830218be9",29
"cf19fe3ed14f19f703de53dafddc23b0",27
"cfa100901762ef48e3df7fa7441ed30a",3
"cfc527a99e1c21350a5ebef011e06412",64
"cfcfdd1f71459bf5622aaffc79b29df9",185
"d021ccf12a33784f4c086a451e9668a5",213
"d089e76cb77366eba904ed413876e849",16464
"d0ae9c37c51a1cd75514e3a4f7fba016",4
"d0bc0c977ba6fb78a2c87aab861919b5",349
"d0ec7f2a454ed03efee8ed04dd78614b",161
"d127dfa83b0fea8ef26ffb3c253a03be",319
"d12a9f3b67bb7607614d0d9ae267c1d9",63
"d19f901e0048b513e04cee6a6b137447",13
"d1a6e36fa27e15661323ab0d43fab8b4",29
"d1d6395fce14fb0079c4d9f0ceb49f77",133
"d20d87342256b2e5c2cd487d67e258c7",8
"d21d7c8a1b2094d232a1c02750a2c70b",99
"d2795123b40e7e75a1882a3095ce831d",16
"d2c8ceb66453a63def7bdf32ddae7267",99
"d2f6000a818b03d9f23f5e5ec3789ae0",203
"d3c89c8b98fed4159342d4ea3493c036",109
"d42de5834259301101d16dbac708873c",16
"d4308a283a943b3626f43784eb441fa2",44
"d44455303c4dbb93284178a3834fac18",4
"d45c378769d3c0167987f1865dbe55d5",102
"d559ccce80c42db302448c2e2bc681bc",171
"d5954a0b84ab1b2492f8c25cf07dd93e",44
"d612992f1570e4a7ab959faeb4feeac4",40
"d640174036942b8ad5dcb5ddfe5ca0bd",20
"d64d76fee6fdf2437f3b6a8e4cbda626",168
"d699c6c9c67bcc2d7e70f96fd09f51e0",10
"d6ccb614518ab88c4f2cd4d64b7b783b",7
"d6dc663cbbe3e978ec969ad559cb848d",106
"d75cbbb8421234d5389bec9b7b3db469",16
"d7758903ac7fcb8626034d373e8acd41",4
"d77a580c447029d486136bda85ef6090",4
"d782c14064048e32bac292d4bfa9516d",124
"d7d57a2ac022e1c6bd8dc0fe36c1a249",28
"d7d77a00119f8aa16e7501062e9add9e",9
"d83779aa0ec680e8187d454074a53bd9",32
"d85f758bbf93332216dc460721822fe7",144
"d8cc16474b42eaea1c7786ec23a39c4e",31
"d900aaecd6c53fd9b72ff2862ddbee0b",7
"d934f520d46bae7870b7dcb33da35edb",59
"d93a198e9c7e437bab5431b9c00aaa83",42
"d9420bd5bfdd58d4a63a85711c5c13e9",2
"d9a1bb34e7edc1a2865adb3763c04ded",41
"d9ee23e9f7813262b2afbc47ae750180",34
"da17db2491e58cb05784aaba051934f2",9
"da75221315e31a6f64e24eae6de28bbf",3
"da8bf4ac8323c84f69f8ae14bc623c84",19
"db041f412bf371637722e94767101d1b",97
"db633a18ae6457b0d7cb5b601fcb7496",481
"db64d1fbf5f4077b6bf383215044ee9c",4
"dbe8c98323d6ff4fb99ddb951077f957",8
"dbf9017ff796619d0d579d4a8216ad13",17
"dc554c8afd843778b15fa4ffc4b41325",13
"dc558c1844b9a6b158e785710fa5cfb0",24
"dc5da7e44d58c332f563ef4945d389dd",12
"dcd1ad03817b762d52aedb3a9ee7e65e",12
"dcdf330815706cc302b1288b8d871729",109
"dd0a680c9e6bab0acdccd2b158e07bc7",94
"dd3125e97e4adf7da83b3e693f6af891",14
"dd5613cb4eee231490d94cb6db4b0a3d",157
"dd576a7a0d75dabc6b228cff650e5f64",1
"dda5e386a5ea3d7e59228eea6bb793aa",13
"ddeb7a85942593ec57e0cd5f3e06701e",14
"de2f2887bfcea7e32e566841a3b21929",394
"de56437efac9f94d4cf79a5a8d7ca6d7",22
"de688742d7bb0aa194da33a718a38511",21
"dee4b761c8b2c2e9440d4b5b4f5d67e5",16
"df1736fbb5d6438252c046af57c62ccd",223
"df1a0c8b7768e333bd777d114aa83967",59
"df387ce8e4acc7359fe4b538eae9f4e8",12
"df4c64d202f196b2ef229469dbb6184a",5
"dfd5c4ffaa986112332b793fbf9a2a34",166
"e00966b6215446fd5be9d74c7e1e5c8c",226
"e03a944941df916ca06df1aa8c9f111a",3
"e0736825a40f8b828c23932730f39046",23
"e09d08dbf2d660a36ec1d369235610d7",23
"e0b3489e026d39ecee961359be00477a",85
"e0edab2183fff2963d2175d548d033aa",182
"e0f3507d90e54c3ea4ba492637995ac0",3
"e13c44c4d44499506ea94ac2c57fcd4a",118
"e143f599da606733afa224733b5c727b",25
"e14bc030e67fc1797e991ac313aaad56",45
"e152c17bdbb4e1af93c0180b1fccc627",1126
"e161c36faeb0d36ccbc287f4faa16345",1
"e1e6bd40565a671387d9fbd6e70f9992",17
"e20dbdab49054687bd2212aaf75acb5e",11
"e27a5b48a84aea12d56cecc291aefd1c",3
"e27cb9797985c373f5940757ecae6191",160
"e2af6ac1fc374a41f5dd49707e172715",85
"e320ad0389e6bb7502b6f783bbb2dc1a",51
"e358986f27243521c4a85c1f3a93af38",7
"e4035fd41c99bf021ad228c257574859",80
"e441d37e59f731408a60ca2a33ae8502",327
"e4b861735d0c95f2175b865c5622d929",10
"e4bef98ed855af8ee4db7c1ec2d4336c",327
"e4e473bd88e8c62e19c32f336744ff04",27
"e4eef321db330f681c5e54705002f04c",11
"e5113267502a0b978458f4307b949dcb",59
"e52767c7b6b18c305318a278b3848cb5",10
"e54b89ace80798a3427d0a8bb3d4af01",3
"e57030ce4f03d69449b3681aadb3c78b",27
"e614bdbb7c63eaed1a1355252dcc26dc",73
"e63ccc0e5c73b68108d98beea60e73d2",3
"e666549c0a0ebb85b6c3640ed17d8715",127
"e6d919de20e185018fb1a8818e7e0130",24
"e6db4791f956c72edf0b5b7f3fac6a5a",49
"e6f94c15c20a6595844c60ca0300c5db",23
"e70dd859bacfccfdbda689576e3762c4",23
"e72df5805ee2afd84cd61330b9a77856",8
"e766821d6fd96dd0a3cffa3e992292fa",765
"e789b668c0586b76f1d3341bc4d01ce2",18
"e7a0574a227b3fe1bd215774a7f5fc3f",8
"e7a11394485be31dc5b1ba4849f0a81b",2
"e7a976062285e7c9e4f54891a408832f",3
"e835e36958ed37182c6611e9427b6e64",56
"e84337c560d156f072360d843b3c3886",6
"e89b93f9084571e1d2450764327a7ca0",76
"e8d7030695689dfae0b34dc10f085df9",60
"e975ef9f3b3b70494daa054a644d4aa5",30
"e989936cc684ad988139a2b4f3be3264",110
"e9e87ae45ba51e4f163d98a05679a24c",9
"e9f376c867c2a1506d5b0996f9839a20",35481
"ea1681774a9a9d71bcecb46e4e711164",154
"ea31bb31874394b36db62bc44c0290c2",6
"ea3be9bf452686ab37f88742517287f5",70
"ea5ebcc47bc49c6890bc6bfcc1b9517c",31
"eb74d8be10cabeb66e519b3c8eec2437",21
"eb8f6015240f91302e58d72667c8600c",170
"ebe485d9b4072059c7bd003dc6500814",41
"ec11f34c95ba169cceebdef45196f11e",24
"ec15b493166e642e2102beebb14f5ad6",3
"ec4ae6fb42be2771f4efbde8c024a282",48
"ecbdd2dee41433b82a3e7999361d8011",132
"ecc516f6e1d12e7c4d1d9fa49da7801f",33
"eea46715b6680b336bae25cc979f5838",89
"eece291fe0261e9387e0fe82e4910524",91
"eeeae8fd761ba6a403d99befb5e67daa",182
"ef0106ca4ba42d99620a64ea009e5881",146
"ef04494de44f4f7489ba0338581a9e4c",106
"ef066b3fcade6a615810d1d8a6ba0c4a",51
"ef0e3f724c4355da1de73f9ddaf8347f",44
"efb7e5ebfd4573fcfad85ae64c8cb947",6
"f00870fd33d663fb7730e57da12f1a78",5
"f068ed7635479e9b4e835cd305e05043",65
"f0faa8c1a76239a5584e342528b40e2b",10
"f158aeca71e912cc326a63e5ad147116",9
"f1a2d046e4208ba026f026053e38fb83",13
"f1c2b6e853c3e59e2abc9f7f41e8b29f",25
"f2019979d78ccf7d2952667edf057321",71
"f2069cbc19c01f783f8afb7f8125869e",55
"f221d472af8422d93e717d31c833597b",7
"f2522232a38629045fca60eae089389d",15
"f256d83618e8f2b1167044adba963ea4",4
"f28f932525a0d7490f4c2cc18892e404",15
"f2a070ae9ad0d4aa9cf308a53969d380",11
"f2ce18e7d584badb0000d39a82fe2e93",19
"f2d5c40b120ff92809e11e7b3adbc953",38
"f2ec7c4dc0a4a7d8664b22eb1a4e96eb",66
"f318395b21141b8d2af811f9fd5d0184",24
"f331fe570c86dba18cfc622741220949",28
"f3476f066640b0339f1c40bf5b9da6fe",57
"f3824e8252ec821a8987a6204904ec5f",52
"f3867ccb9f5b0fc240dc553918bc18fd",68
"f43efdb477129efefe01ccf226f018a5",11
"f4ff8e107b704cb1f78d477233ca63b3",4
"f519a050c950a2d04e2690e7e4553401",54
"f55102ea53506326a7dc8b683414bda3",112
"f5a2e6d8b01cc9ec9f8c7dbfc8c62452",1
"f5b418c5df849380c4ac8ab67db32dff",36
"f5e2d6e5938ff137d7e4c1b496bcc5ec",5
"f6262ced3071459883954282a957d63b",54
"f633bec7d1bd6db9084f91542cd1bed1",136
"f6aa4d08f36e63945722488d13745478",41
"f6f5b996c4aa1781adbc8883a21d0a5f",75
"f77c9849d8e8a8baa676d607bf49d292",3
"f84fb8d7ceedc6c537f91b4ae4946e3d",117
"f8b308c12dd0885832440747714244e2",608
"f8bd30acfbafd105a51e1cf8db61ec9a",48
"f9398939e748a5a614b19d7b00943556",143
"f977a4857ea259f9944a73aaa443abf4",42
"f9be29f01a1fe21fd544850b7798c0df",73
"fa5b2286eedeec17773d8eb21e5868f2",55
"fa982d7318a5a769af379a6cb96f5074",128
"faa4836bd78efa9b8e95c7e5babb6316",1
"fb16dbac5a7e49363f0a0c023876cd86",19
"fba7654fda78c25bf8d7743f470144a9",26
"fc32c33214518b15a5fd59ff7c002a2b",538
"fc414e43721e26b76f1b2b6ad4feacac",21
"fc71f2d05a6710f7fe7643788d42611b",107
"fc8483af1ad4e2e98dd76669be21a350",572
"fcba53352705a1142fef7f5bf4516764",10
"fd3f00d2d360b4ec5bee8232908f14b7",11
"fd3fb4342edb7b45f73b85883adb6adc",21
"fd3fea7c47fc64073cab7999d71a5c99",3701
"fd47d13d067a206fdb01844942253282",11
"fd493c19f84a0f6fcb7ff9a227c9ebd0",168
"fd70a312c626eebbbbfa9ce6b13e0340",99
"fd90760971da54ffe9350790ba88ab0a",595
"fdd1df13cc8cbcfd93c7b879a03165fc",75
"fe2588206cb14a8c94b7bb5f92a9b602",25
"fec9d9da8eb38aac77b261d0913e336e",13
"fee258fc29df1da08551731a19142fac",18
"ffb9b13e7250700c574dd5b01718833c",30
"ffbc71d75c1b50408e921a078084ae41",28
"fff0285c40345cbb43271330794ec7c3",20
