"ASV_hash","Station_104","Station_15","Station_47","Station_70","Station_76","Station_84","Station_90","Station_96"
"0283fc489bd78459fa2c1913ecf3bb7f",47,0,0,0,0,390,100,387
"043f4fd2c98329e3591b07d75e433f87",10,0,0,0,0,0,4,0
"05110063c77ff440e5b3e14df95bdf73",9,0,0,0,0,0,41,18
"0aec45e126ef4644208261680651f321",21,0,0,0,0,51,70,5
"0d24ed3aa5dac11a25a099717066e722",96,0,0,0,0,0,160,0
"0df1db3df1f0876b817f5a4aac5539ea",5,0,0,0,0,0,0,0
"0ef709ca3e04dcba438d8b2dafc0b404",6,0,0,0,0,10,4,4
"0f9ce6bfb1ecc8674ed6d54429304593",37,0,0,0,0,0,0,0
"135fa0491ea6f5487dbfac4459ed3601",7,0,0,0,0,0,0,0
"147e3b8b48f284ee2c1e3321e4f252b4",12,0,0,0,0,0,42,292
"151e59f15d96c003d27bdef3d3b81b0c",5,0,0,0,0,0,0,0
"1557f92147ef23202b25bc9fced7ae82",13,0,0,0,0,31,39,0
"15b4e28e2e78e651ff42b1c6c4e7fb5c",89,54,37,0,0,74,157,33
"16e8ff2cafbb462a012ed7afaa560794",20,0,0,0,0,0,0,0
"19c19bb993d300889cdd53063f2cce8f",19,0,0,0,16,44,37,11
"1a4417c7e055810790ab2c0cdf8a9821",2104,0,0,2441,7172,8045,5083,1900
"1b5cab98e4f7c4c34a71f51614b5aa90",12,0,0,0,0,0,89,118
"1d0798e9fa9318b30a4ba865332ce94a",10,0,0,0,0,106,203,84
"1ed4cd164c76cfab0841c40a1d1427a7",4,0,0,0,0,16,197,14
"1fe7d824d15091af07b12760014f0aa6",116,0,0,38,142,155,30,33
"20df96479d7044a3dbe1f11dd162b36f",28,0,0,0,0,102,67,49
"22c42d5af8cc6499df57081705b5931c",5,0,0,0,0,0,246,0
"23aecfb8fccb1b0a9ab5d06aaf872927",12,0,0,0,80,19,57,8
"2774a74450e7278b7ecda2e93ba3571a",10,0,0,0,7,0,0,0
"27f3f3e2247c15b54b2d798380f7ec62",385,0,0,0,321,76,1018,169
"2bd78d319605af225f3fe23f65b7a4f6",75,227,95,0,0,0,618,260
"2c79f18aa33a4de1b470740c261d8a3c",177,0,0,0,0,45,52,52
"2e7d0312d9e551dc1a4232dbf3ef6c02",8,0,0,0,0,0,0,0
"2ea446964c8c52ab261270ab2a66bcbf",276,0,0,40,352,138,1297,293
"30c614adb3174bfe00e0d441dc685826",5,0,0,16,32,0,290,97
"313fc3c5b9be530c13fe99bb382b2a01",28,0,0,0,0,0,0,0
"33e4664a0a87722bbb7544a08fa88570",19,0,0,0,0,0,314,75
"3409068e569e48b64954c6c72ccaa9f1",15,0,0,0,0,0,0,0
"34f7f816bc2727cd33f0d5946c25c1f2",100,0,0,5,47,314,149,24
"35400c3b8713104f047bfc44c06fdd25",9,0,0,0,0,0,0,0
"35e25962f46ad22967b9c39ef31da11a",10,0,0,0,11,0,217,96
"3603e5a4b97ff65f7fcf9ef4bc1a4716",10,0,0,0,0,0,9,0
"38cc1e7622df1baef9eca7f09dd3e875",3317,0,0,509,2153,1966,1356,251
"398bc4bed58b1799b573fe03a554862a",31,47,50,55,47,126,258,52
"3a58f3c50cc7755079d2eeb16f935302",349,0,0,0,0,0,0,53
"3b8a762ca0f8eb813bee055bd3d5848c",1635,0,0,0,169,399,293,4369
"3b8bb52ff4d816df95d666a52869eefb",71,0,0,0,0,282,0,0
"3fcaaed2b5a111323b33ec8b1263cd39",23,0,0,0,0,0,0,16
"42f645698fa2a9f0c961ef3df271300a",46,0,0,26,307,91,242,34
"43a812882d9e939a268bd2be935e4d5a",30,0,0,0,0,0,0,29
"44056fa9628121e8fb06fb9f5559bf81",125,0,0,0,0,0,0,0
"45f28a9547c7a9ca7165bef2fbb18abd",23,0,0,0,7,191,105,55
"47d20316b9d08c4026bbb67248b57bd2",93,0,0,0,0,0,43,0
"4bfda8864fd6d412156dedf8574a44b2",16,0,0,0,0,19,0,0
"513b2f135287f5a029ce965c39fb311c",3,0,0,0,0,0,0,0
"520a6f483a96c8a689f70e5d9efd099f",94,0,0,0,0,0,48,253
"56bd6deda1cd22657cb632ed8c1e966d",16,0,0,0,308,26,185,34
"59928733564b445fd6fcdf2d58d40ead",12,0,0,0,0,18,68,0
"59f9d13e825b5aaa2c57bbfa77819433",40,0,0,0,0,0,0,0
"5aaab13452d2ece824fbaf68c1e3ed9d",20,0,0,0,0,0,55,37
"5b7bf170fdc07edcc73922ba6f7ac8ed",4,0,0,0,0,0,9,13
"5d81e3f4934a6c4f6da1b7da1db30360",3,0,0,0,19,59,33,52
"5dba210f0efc93bff636faeb68f9b764",64,0,0,0,0,10,0,22
"5eb9ede2c49be939dd0591e97d52b13f",48,0,0,0,21,29,45,52
"5f2405be697d7f325d00daae18c44f6f",194,0,0,0,0,24,178,44
"60abc6253c988628071901d267696f5c",99,0,0,14,0,0,193,265
"62550518d4badb5b0fefdebdd516667a",38,0,0,0,5,0,0,119
"644001c69690e0a10c6a2d3618c554e2",2,0,0,0,0,0,0,0
"6548efdc8303f7de90da35fbf70a01b2",471,0,0,0,0,0,0,0
"67e69cdbc3ed155519c79a2f4272aaa2",2,0,0,13,112,29,65,8
"6c776869551a388d07276410ef83ddf2",15,0,0,0,158,40,121,30
"6d10cee76277ae450333fdf455cbaa68",9,0,0,0,0,0,0,0
"70350fd2e8cfabeb3bf4f5023d832e13",18,0,0,0,0,0,0,0
"70ba0be45b90b1e0b50efcc4391a6969",72,0,0,0,0,125,247,28
"70f7713942f0b66c076774068766962d",4,0,0,0,0,0,0,0
"710ba688dfb347a7294661fafd29d913",6,0,0,0,0,0,0,0
"7813d3ac398ba0bc2c25d41bd510d86c",4,0,0,0,0,0,0,0
"7c8e4b4b1066e22f3ea94c82897d084f",177,0,0,22,33,80,18,29
"7dc0b8972577d9694e2fb1ac342621ff",3,0,0,0,0,0,0,0
"7eb588db1a0777abd0bcab9a540b5012",409,0,0,0,0,0,292,6435
"7fe655075ff2b11e16d840721861061c",186,0,0,0,0,0,82,53
"83789ea3549f7fd5e1759f85e0073ceb",29,0,0,0,18,19,411,111
"83cc83abc163819e5304601f1a18a98e",134,0,0,0,0,100,259,176
"843f36bf4a0643e3c5a10f7300c6481f",8,0,0,0,0,0,0,0
"85c0f033521a1df7de9fafd38c8d6c9f",3,0,0,0,0,0,0,10
"861471dd5b97c451e206e8fe0973bf44",35,0,0,0,0,34,65,25
"87e58544f75dbdcd752d527976661ca7",20,0,0,0,0,0,0,0
"895e7519cdf24bac0e114d49134add32",219,0,0,0,49,154,5454,716
"8a686a712769cc1a6480a2ff61407ed7",8,0,0,0,0,19,139,24
"8baa6b18415223f32dd527241c5ef059",114,0,0,0,137,0,107,55
"8bf4affb8e291dca7db0d1f25263b131",13,0,0,0,0,142,176,23
"8df2934251517ed327cd1788d3814beb",182,0,0,0,0,0,0,0
"8e86aabf58056b624414424f0a86f97e",24,0,0,0,0,12,56,17
"9053b62695f18b3f250170276df130ed",229,0,0,0,22,168,256,132
"95338517d1dff8a78f9a686261c67b0f",19,0,0,0,32,17,89,413
"95620d8b2a47b8cd378a3bf936bf85a4",13,0,0,0,0,14,0,0
"958431fa169c10046e6b489db48d0433",5,0,0,0,0,0,0,0
"96d61ae34fa2dc23690babb7c36b43e3",8,0,0,0,0,0,0,0
"9e7cdd16d373b3db326fee621bb5a1fd",4,0,0,0,9,0,297,48
"9fa7106b2544c803053d452b2066c468",14,0,0,0,14,15,0,0
"a23a6bb057c3c2279bb2ad46c28dfeff",6,0,0,0,0,0,0,0
"a317e54708c349f88ea0d5919aa5725e",9,0,0,0,0,0,10,32
"a866da18343f2eb6f780293347222d03",888,0,0,52,131,106,2597,2040
"a9fd3051fcc869585a9fdc9d4406e7ff",21,0,0,0,0,0,0,0
"aacf2e392e397fa60c2eb0de9bf99590",30,0,0,0,0,0,0,751
"abb4f2e0d9b8c80efb5eff31badde960",301,0,0,0,40,102,207,84
"ac49d5f417a627e237c1df37b73d2d58",42,0,25,228,227,83,125,59
"b37572d0e35ed735f55e9624c0409866",3,0,0,0,0,126,0,11
"b62c341815ddf12bb1995a6d925df5de",5,0,0,0,0,0,0,0
"b94bc3ae7207dba1cde70d6f7de7713c",7,0,0,0,0,0,0,0
"bb174fb88fbf6894983096a5890d5ffc",56,0,0,0,0,0,0,0
"bb2fbf0dea8867860eed84950d188261",23,0,0,0,0,0,0,0
"bb50eead310a55f13e4230fabb9f0340",988,0,0,0,0,0,119,96
"bd72b7bacb9c63ae0e4efe9ee489eb08",60,0,0,19,50,122,130,104
"bf6b22020f2e8519cc39885060d0f2e3",85,0,0,0,0,0,0,0
"c104ba5a3c3ed119dbab8240b1ba1972",478,0,170,227,6414,0,6361,360
"c18c95ff1938b155abae4e1b46344dd9",26,0,0,0,0,0,0,0
"c253819b94daa6acbda32f0f1bb43fe4",8,0,0,0,0,0,0,0
"c2b7762c304c4120e0e37403c19704ce",45,0,0,0,119,365,518,204
"c34906f561c8a780ae8377d3c7608b4f",5,0,0,0,0,0,0,29
"c5ded282a8caced13f46328c27371c92",19,0,0,0,0,0,0,0
"c6f3e1275474dc5dd55430db80480236",4,0,0,0,0,0,0,0
"ca89e83036460d5cf06a26269a7e42c5",73,0,0,0,0,0,307,22
"d1ffc61d6559731070ef7a3e9d44a90b",10,0,0,0,0,105,106,102
"d4a6dfb358463e3dcb18b9c0bc791620",33,0,0,0,0,74,158,0
"d4c16eae53c1ac6be21bd33a7def010b",42,0,0,0,0,26,341,258
"d773e94552df875a1aee4878ca43d71c",6,0,0,0,0,0,0,28
"d9e6122d0022c2e9d1dda8c1f6bbee4e",288,0,0,0,53,7,150,2728
"da384857e950fa724ce2615bb3496c3a",330,0,0,0,0,16,39,8
"dda723a155cb72a47728ed04f02a9bd0",185,0,0,0,0,618,19,691
"ddacd51577367a1846703604cd875abc",14,0,0,0,0,0,0,0
"e135ebf6ae27e33818dafcc1e348fa94",34,10,0,0,0,0,37,184
"e32da30a8acd2a354edabebe8993f277",70,0,0,0,0,0,0,0
"e5a8108f20979fbf9f7d2def60fff07e",233,0,0,0,0,49,201,45
"e75b1dd376db021a4cd117acf4e7da46",232,0,0,0,76,57,70,0
"e7ea820c1ced5b464f7e64af20c877d2",26,0,0,0,0,37,105,33
"e965656550423092ad805130760fe008",31,0,0,0,0,0,0,0
"ebf8b2c10b9fd7aa806c88e59c22ac51",14530,0,0,0,0,0,29,0
"ec6a13d61f4856347d3859d1eea7be43",8,0,0,0,0,0,0,0
"ee1f267d70d88dc21d083413f23f50b6",3,0,0,0,0,0,0,0
"eef499bee7188c52cf25d78bd7f73062",6,0,0,0,0,4,0,28
"f1ec76ed24d2f190db8ccfc3c8829853",24,0,0,150,226,100,98,0
"f23f172919c29c31c926760c24b1ea5d",19,0,0,0,0,12,73,26
"f2490c811dd067f3fd34a89298d96bd1",15,0,0,0,0,0,0,0
"f50425b3be8ca23926cd53757399c441",23,0,0,0,0,0,751,166
"f525e504d61fdb2f6aea183cb1c39f78",101,0,0,0,0,376,0,118
"f8ae2e457e8a9dd80f72eb07ce47fc4b",26,0,0,0,0,0,0,28
"fc2ea9577053c511ea9fa5db36c98f36",64,0,0,0,0,27,0,0
"fd2ab3c19bbbaf9070bfc43614f937e3",236,0,0,0,0,30,31,54
"fe0c81a571da8ba56d18f728cb32b8b3",3,0,0,0,0,0,0,0
"ff77da3c5c9c16d8085fabd9a7136d10",191,0,0,0,0,0,0,0
"0021da5e24a76f1d7754222e977e2c4e",0,19,0,45,123,46,0,0
"02844e36bfee71a127da3fed7d8be4c4",0,18,146,221,226,0,0,0
"04bb4879ae86944b8984acaabc6967cb",0,17,32,0,0,0,0,0
"076f650f3a80fa12c05b06db28f8ed62",0,2,0,0,0,0,0,0
"0b7a0216742132aadf4541c6f3175331",0,7,4,0,0,0,0,0
"0c9233e24ae0ca981e7a540dcb8d11a2",0,4,0,0,0,0,0,0
"10e15d094e1585e8afcdf00f8ce55e89",0,16,0,0,0,0,0,0
"1372fdf46e20b8f1b48159d6f436a522",0,3,40,9,0,0,0,0
"15dd5a6abec9acdb0014414c8168d0d3",0,3,0,0,0,0,0,0
"160e3bbb57a5862403299610d8ef7146",0,18,0,27,29,0,0,74
"1763013abf58682523843a8638ee027f",0,40,39,107,204,1041,0,0
"17e79e7428e1faaee8e0f51182338103",0,8,0,0,0,0,0,0
"227aaf9a1077c191f8f2cd743ca355f2",0,13,0,0,0,0,0,0
"289ad5c58063d28e35d4c17c69802d1e",0,13,8,0,8,0,0,0
"2a28c79e3c7aebd1df735cde2ad0d029",0,20,12,0,0,0,0,0
"303604de28181c19cd26116fe431dfd4",0,4,0,0,0,0,0,0
"31d317544151f200b5cea874135f5646",0,6,0,0,0,0,0,0
"34de7d46e76358cf3c1be328178050d2",0,7,0,11,0,0,0,0
"3714ddc760dfba40981e778a3f84a561",0,2,0,0,0,0,0,0
"3dd2a99668155bff1b97aa6bf6a08e5a",0,2,0,0,0,0,0,0
"3f7614f2da2c08e79a5a7fdd0dc0fcdf",0,32,0,0,337,0,0,0
"402cc8859868dbc873686fdf6362fe3b",0,6,0,0,20,0,0,0
"4347759ada5d26da5549aa48e693bb6f",0,26,24,18,0,0,0,0
"5193844f437c6233c03be5a0317df08c",0,23,0,0,0,0,0,0
"55e7bded43d2dac38fe854e452479312",0,3,0,0,0,0,0,0
"56a590539525a65acc2476c5098678d2",0,21,101,0,0,0,0,0
"5809ecdda3dbd9fbaefac492f3d2de53",0,3,9,0,0,0,0,0
"58624dd7811a1fdc4382f17eebd0912e",0,3,0,0,0,0,0,0
"587b19eee5ba8e77df784764252a8ae7",0,42,0,0,0,0,0,0
"5db92f9ffa0ae5299422c610944db6db",0,7,0,0,0,0,0,0
"5f1d48b8ee0517a42a1c1970585fd6f1",0,19,0,0,0,31,137,0
"6218707189497e2df68e4297d5ebe282",0,14,0,0,0,0,0,0
"625e2ac9e312226a9591b3e9c634c1e8",0,4,0,0,0,0,0,0
"656d47549a611be6a9120bc7b83daf7a",0,2,0,0,0,0,0,0
"661ba81d277a0ac0524dde33a787620d",0,240,0,0,0,0,0,0
"66bdd3c94b3b8a67626c85aa1bf27dc2",0,20,20,0,0,0,0,0
"6806ba1a4b47733d435d9e411b99715b",0,7,0,0,0,0,0,0
"71052a03dead5153b941c1282981f40f",0,33,0,0,0,0,0,0
"750aa8ae079867edc31d5618f84c890b",0,14,0,14,0,0,27,34
"76fc4269fa0e76104568be7d72d15105",0,23,0,0,0,0,0,0
"8350cc0473de6f3eae4e58559810b132",0,9,0,0,0,0,0,0
"88196d5111219d4c7e35988767af36a0",0,16,0,0,0,0,0,0
"8d36d4716c3478ffe62270edaa52a8f2",0,42,0,21,0,0,0,0
"96e7ce9f063bf80d7ce5a56ee6bae013",0,6,0,0,0,0,0,0
"973d656acbfcaa9a45325de371c89a5d",0,70,68,0,0,0,0,0
"97568989e5c6dfdeb0c5cdf147818e59",0,95,227,110,213,0,0,0
"9a8a637a9d6830691a699f88d7a953f2",0,11,0,0,0,0,0,0
"9bb07208da4d8114c715d9cefe018151",0,18,0,0,0,0,0,0
"9e6ca1f695da65da0db91b1223400279",0,5,0,0,0,0,0,0
"a15a00e12b5b222cdb90aafcc3c078b5",0,6,0,0,0,0,0,0
"a253b862cf7791c9c2bb94e865b775b9",0,7,0,0,0,0,0,0
"a42524968e82da3337440d7c998aece5",0,4,0,0,0,0,0,0
"a4bbf321b62347b786db54851177ca16",0,14,40,35,0,0,0,0
"a59cc42d97a8c37ca13e37e8d2ba5a90",0,10,22,0,0,0,0,0
"a76114a000f8b02e9e2e3271d584c849",0,7,0,0,0,0,0,0
"a852d0948ae18b7a2f2c9ca8a1531729",0,95,0,0,0,0,0,0
"afc98b648f5ac17fc54d1d079a506790",0,14,12,0,0,0,0,0
"b3f5da261006e1083258c3f423819342",0,9,0,0,0,0,0,0
"b521e4c09133a9e87bc78f51efd7a678",0,4,0,0,0,0,0,0
"b69c1a8078328fcdd1e8a944730833a8",0,29,0,0,0,0,0,0
"b6aea8f2f15a242d50940ccd3b51c12a",0,25,16,0,0,0,17,0
"b7be204f0f45165e657c46f5b2077779",0,28,51,55,85,0,0,0
"b837f0fe0cec97ec768e44c19acbb269",0,3,0,0,0,0,0,0
"bb59dbb25a47d0f97272194fa0bfb756",0,5,0,0,0,0,0,0
"bc63b40ded854a385d47328f0a82a814",0,12,0,0,0,0,0,0
"c190b38745a5d9f25267d6a0defd6b5c",0,26,0,12,0,0,0,0
"c377c90eab696336326e7b5f2e61f687",0,4,0,0,0,0,0,0
"c565099ff11844093dbc3e1abc724e6c",0,3,0,0,0,0,0,0
"c7090c2eb433415b33e1ba2ffc404268",0,4,0,0,0,0,0,0
"c7f8cd70fac448e629222c58bbcd6205",0,8,0,0,0,0,0,0
"cde7c9ae8a6386aa5abdcfde84a59a64",0,2,0,0,0,0,0,0
"d8074cadac349bb6e194bba42ad2b956",0,4,0,0,0,0,0,0
"dad64e8378f0afe565c235e21f5db16e",0,4,0,0,0,0,0,0
"dfa49575653773a74e343fc8e8f0028c",0,3,0,0,0,0,0,0
"e266ffede8fbdbbd00e6eae9f711a38d",0,11,0,0,0,0,0,0
"e4af7f2eff5dd0f124848b8fe76f41a0",0,7,0,0,0,0,0,0
"e6b538ddf40f27ffbd4ce3bb808cb35e",0,6,7,0,0,0,0,0
"ef479dc2a3c08cca4131511b87f003d6",0,2,5,0,0,0,0,0
"f07ca3c966c7917a358e48e80e9a6307",0,13,0,0,0,0,0,0
"f0f93efd0fdd28da8d9134ae2a54dade",0,2,0,0,0,0,0,0
"f3c29462f96971c793b3dd1106b81115",0,18,0,0,0,0,0,0
"f55ff00ea1ec100570744bff389c8e3a",0,2,0,0,0,0,0,0
"f76164959d7392124a5896d160a02c30",0,3,0,0,0,0,0,0
"f8b241caf3b486f8325c4710a49ae3b0",0,8,0,0,0,0,0,0
"f9c5107c50ab43996e917b184807e598",0,8,0,0,0,0,0,0
"f9f1e7775930785319191c1b7af08f75",0,9,0,0,0,0,0,0
"0251fb1fd036b23a4e0de37cadeaf0b6",0,0,19,21,0,0,0,0
"03307f1fa9a6146ac95ccc1310d9e7f2",0,0,3,0,0,0,0,0
"0577b6e77f2da13c32c779afae89fa5d",0,0,2,0,0,0,0,0
"07cbee7daeed9e871bc475266a4fa5fd",0,0,8,0,0,0,0,0
"07f1d379c77c2ea5f3def93d525fd27e",0,0,2,0,0,0,0,0
"08ce4efd581f44f5197d8e466f2c43b9",0,0,9,32,98,0,0,0
"0a503d897e5f69449125db2561ce5c49",0,0,2,0,0,0,0,0
"0b658fde33c473e0388ac69504e3cc7c",0,0,23,0,0,0,0,0
"0d7b1661e166b93a800dd8bd23cfc485",0,0,29,36,59,0,0,0
"0db866589f46e2c6d86bd8cda8a06fbe",0,0,42,0,178,0,2341,94
"0fb15abed7c626582b1f1b736f28b6a9",0,0,183,0,0,0,0,0
"100f7e7b2735e95132e999274427002c",0,0,4,0,0,0,0,0
"10e2e74932efcda8764d2aea7d562bb4",0,0,34,0,0,0,0,0
"1380b2e3349388b8bdcd1cf97f1e01e0",0,0,5,0,0,0,0,0
"14a617150bf85ec55faf49dbd6d9da7e",0,0,3,0,0,0,0,0
"1535ab26831acdd403aa5a8d50ef4914",0,0,34,0,0,0,0,0
"17e824d4c1c5dea81d26fc37c6c3399b",0,0,4,0,0,0,0,0
"191bb26dd58ddff76c529883f7ae16d5",0,0,6,0,0,0,0,0
"19fd6fb5184c6116baa6a7aca73e2210",0,0,35,0,0,0,0,0
"1ceb9e95d34d99de9e17b6ec217a9191",0,0,3,0,0,0,0,0
"1d033d7187ea58fdff84442c221b21c0",0,0,22,0,0,0,0,0
"22f254d6e601aa67bd58a0c35f91841b",0,0,49,114,96,0,86,0
"2462a11d7434e54d1a350a78884648da",0,0,3,0,0,0,0,0
"25406317b88e6e66c2cb3caa4a12b955",0,0,44,46,66,147,36,0
"28e23b061369b7aaae1277561e5f4944",0,0,7,0,0,0,0,0
"29e423890ffb848a8c3da67157e007d2",0,0,3,0,0,0,0,0
"2c903e1eed129344252e1f1fecdd0553",0,0,4,0,9,0,0,0
"2ea0fc42c8d0bc57864d91ebbd9b525a",0,0,8,0,0,23,18,0
"30a6c4b3119db2c38e80cd632cd5bba5",0,0,20,0,0,0,0,0
"315d41db68712ab931074215be118837",0,0,22,0,0,0,0,0
"31e11d7110448a2732a9d7fa421a85f6",0,0,6,0,0,0,0,0
"32c56be06da177822d92ca9678716197",0,0,127,0,0,0,0,0
"3456fee8aaffc0ab124ea2b86986eac0",0,0,14,0,182,0,0,0
"352e6cb516ea38802a9d480ae57bb74e",0,0,28,0,0,0,0,0
"360b46891d4fbd1eed8f8ea035ba4c60",0,0,20,0,0,0,0,0
"364ee1c544995cf21012f21565eec36e",0,0,25,51,108,0,0,0
"374f792489921cf492e77e7dde8e9ec2",0,0,7,0,0,0,0,0
"383d1b3a7addddcbe98bb8b1867754f2",0,0,2,9,0,0,0,0
"3880144d308c3dbad0b2d62c1e7c9bc7",0,0,9,0,0,0,0,0
"3b579685d02cb25edbda5fe3627c8e6c",0,0,20,0,0,0,0,0
"3c275e34e72aa375ff24a720afc41d3f",0,0,18,24,37,0,0,0
"41a0bf50f34050a347f89a3aaf94290a",0,0,16,9,33,0,0,0
"432a7c4c6fb9292e2a9a18f63d2c1d2b",0,0,38,10,0,0,120,0
"473b2cb83f5bab191bd122bacded9ece",0,0,24,62,13,0,0,0
"48ada015d84d0b345f6f3e65b698c0f4",0,0,3,0,0,0,0,0
"4b63faf022e3195f58803afb78777236",0,0,37,0,0,0,0,0
"4d95cf777ad3e4a6605d2406d6512d29",0,0,7,6,0,0,0,0
"4dcddbd3de3791702bc7fd5408cf1eb5",0,0,5,0,0,0,0,0
"4ed0e8a0e3c3f54fa827a80b98c36707",0,0,2,0,0,0,0,0
"4ee2893f2ec5a8d1cafd4fee13386fcd",0,0,7,0,0,0,0,0
"511a4720f21e990d5543d7c5afaf53a7",0,0,17,0,0,3,0,0
"53d3ff38cf10e0d6a56f481c95bcc01d",0,0,3,0,0,0,0,0
"54abf20edeea07f7ee872d7722e23ee5",0,0,11,13,12,0,0,0
"5928aaf2fcb6a32c1e3f878cdca17fe6",0,0,8,0,9,0,0,0
"5a0d1882482d6b296b7fcf6a09a681c3",0,0,3,27,0,0,0,0
"5a3c4b0c330ce14856ce1585f12e3980",0,0,18,0,0,0,0,0
"5a50db3ba62f4494d2d94d409bea5d40",0,0,17,39,0,0,0,0
"5ccebca8e15db0b37d80b8021851e7bd",0,0,3,0,0,0,0,0
"60ebb08f215d6a9bb43b428e575d4f01",0,0,83,0,0,0,0,0
"616274c4e0bebf233259a4d04545885d",0,0,22,0,0,0,0,0
"660ab054bc02ca9dece0b9b1efcd0fc1",0,0,4,0,0,0,0,0
"679bcd5e16fc75f89618738dfef86611",0,0,14,0,0,0,0,0
"68eef228aaf8f95a4121334f035f6578",0,0,5,0,0,0,0,0
"68f0dfe8f68f71b3f7f900d86220760b",0,0,26,0,0,0,0,0
"69102feab90827b42753e17a0f41860c",0,0,5,0,0,0,0,0
"69c30580325a7bbbe3c12deebebb09d3",0,0,8,0,0,0,0,0
"6b09f63ff7feebad1db6c1dadad7dcb6",0,0,2,0,0,0,0,0
"6b4bcd092c6429f8b6d2798994231a2c",0,0,6,0,0,0,0,0
"6b8de3608310b20a4661dd45a0e7f109",0,0,35,0,0,0,0,0
"6c94f1dcba1ecb22948df8db8c37fb7d",0,0,5,0,0,0,0,0
"6cf1910034583c319c18acf595a75013",0,0,90,59,58,0,99,0
"6fde1ccd5981a2d7770660abc9e8fa19",0,0,27,9,14,0,0,0
"701e189f2d746767bab63be97145eae2",0,0,18,0,0,0,0,0
"7027709c507fa945ef80aad8a895af50",0,0,23,0,0,0,0,0
"740bf1ccc1b6253987fb3af9f7def402",0,0,3,0,0,0,0,0
"746f079ac0344f6df085dcc9647e2245",0,0,10,0,44,0,0,0
"774bf1e8eef7606ba1698d277a6ea2cc",0,0,2,0,0,0,0,0
"7996a0ee55c6198bfaa4750c7ea4362c",0,0,28,0,0,0,0,0
"7bebb25a8bb551f108a3e9c275e87079",0,0,69,0,0,0,0,0
"7cd009e35137c7f8cd7ce4d992a104d2",0,0,52,0,0,0,0,0
"7e265b394852921baea4d10a57844af6",0,0,2,0,0,0,0,0
"7e26bc457a0d98f7710338efce99879e",0,0,8,0,0,0,0,0
"7e8b787fc9235a617ea0f4636b6acb09",0,0,25,0,0,0,0,0
"815faa4c45870e0dec67577a2ca2d545",0,0,26,0,0,0,0,0
"81c4e1aaaf4fa22dfbb0bc1c7fdb486d",0,0,4,0,0,0,0,0
"83b1157efc3c9f2bf93bf87bd4dbeda4",0,0,5,0,0,0,0,0
"840d98106ed9ffe49e53953e12c307fb",0,0,44,0,0,0,0,0
"86917e711bff0e57728f8dddc07f92e0",0,0,5,0,0,0,0,0
"8a4a8df2842a23803de4fea73f7a7d63",0,0,41,0,0,0,0,0
"8b973f276fcca9fb9292e99a335a9d50",0,0,8,0,0,0,0,0
"8bbec6b43f9fc16499d0262d8cf6ea51",0,0,7,0,0,0,0,0
"8be11993fc9aa8086201bbcbb5324eb3",0,0,10,93,0,0,0,0
"8c04c12f3e8f4565562a51e9d822c9e7",0,0,4,0,0,0,0,0
"8d361e07858ccb740f59127bcfdd3da0",0,0,6,0,0,0,0,0
"8d401bab3aef4e5ebe91eb4e66aeb274",0,0,22,54,0,0,0,0
"8d4f5a69b893d43d8a43f00bbf70f350",0,0,5,0,0,0,0,0
"8d99e8f4d4c6274cb1eeed297252ca04",0,0,45,0,10,0,0,0
"8df94a47621deadc81283a156855ba4b",0,0,5,0,0,0,0,0
"8f7e350a7e8207033cc534d76df5b0de",0,0,6,16,0,0,0,0
"90952c3f54f9d0a3d0dd53807ed73446",0,0,12,0,0,0,0,0
"92f08a49de0c7c7d59c0d73afa50d57f",0,0,54,0,0,0,0,0
"940c95eeb8784c002887c16a1fd38008",0,0,9,25,0,0,0,0
"95bd80b2dfd61d6680e9991d76233a3a",0,0,27,0,0,0,0,0
"98466a989c7f6ffd2d7ba1442b6a9f15",0,0,3,0,0,0,0,0
"9963db776f6dd455ee2cf0aec5a24441",0,0,14,15,0,0,0,0
"9ad040436ba5772d5786c0e89b020655",0,0,7,0,0,0,0,0
"9c224042173c0ceba3fd4da24bf3beaa",0,0,13,0,0,0,0,0
"9f613ed11d34ca60fe4ced444bd3e62a",0,0,40,0,0,0,0,0
"a11537f3827f029a39cec348dec00342",0,0,4,0,0,0,0,0
"a40bbce3d399826370cbbcb02f8ed7b5",0,0,3,0,0,0,0,0
"a4a5c946da1ce8a26a9422a072454d32",0,0,3,0,0,0,0,0
"a4acd7c501566da5f4cdb7aa803f138d",0,0,6,0,0,0,0,0
"a5b1b3df03a8871f0610904b8b082aca",0,0,3,0,0,0,0,0
"a6b5c0700a7e5cd5bf44e3d7d4f58999",0,0,14,0,0,0,0,0
"a83b9e80ff224a6a8d4aff7379415189",0,0,1184,0,0,0,0,0
"b03a52f67821e44fc5d7b3da85e2ccc0",0,0,7,3,0,0,0,0
"b0e2466263b65cb7b943191235ea41bd",0,0,4,0,0,0,0,0
"b19050b6b7fa410a18397412ea3310e7",0,0,35,0,0,0,0,0
"b2c11ed6507509a475fbb57da7c36b48",0,0,5,0,0,0,0,0
"b55fb309122be674ed86ecba4e02b2c5",0,0,3,0,0,0,0,0
"b5719f6049093306acdb2f6a5b59811e",0,0,39,92,291,139,308,0
"b62d22cf751eda91430f98b599fc7315",0,0,3,108,150,0,0,0
"ba8b6899674ebe1b49ac20933a4b29c1",0,0,21,0,368,53,2,20
"bb01f67b978ac0de8e5d09449d612bea",0,0,3,0,0,0,0,0
"bbb62c08e14a0c1d4b96a8a386f98d25",0,0,9,0,0,0,0,0
"bbbb9b17d241456841f66e8a1c64b484",0,0,19,19,0,0,0,0
"bda634596eca5918724f01957d01727f",0,0,2,0,3,0,0,0
"c4a99d2a84ad21402c418003b848fbdc",0,0,56,0,0,0,0,0
"c70c27ea1aa3bd36cf7d1c6f3e6964f7",0,0,5,14,0,0,0,0
"cbe118d890182b418f23d6eb1148c369",0,0,22,0,0,0,0,0
"ceb316f58c09ac3e9f02ae311b154338",0,0,89,0,0,0,0,0
"d12b4d4eac112dbb099fb9229f139b7b",0,0,22,0,0,0,0,0
"d1387daf7bd0afa149a2e38341b38889",0,0,2,0,0,0,0,0
"da7860c2a58e2a1c4695228366a86244",0,0,31,50,95,117,0,0
"db1d33afa0b7f0e74bfc6f65020d77d7",0,0,28,0,0,0,0,0
"db73a4f0bfafb1802af3f27cab791a47",0,0,28,0,0,0,0,0
"dc7a2caf1b761b17cbd869c02f679867",0,0,44,29,53,0,0,0
"de085e9e86bd9a565c6c516c862a8a30",0,0,31,0,0,0,0,0
"df94c2c0577e0373ca3907be825ce445",0,0,6,0,0,0,0,0
"dfe342a65c6f9dbef8cdfb81cc689b81",0,0,86,0,0,0,0,0
"e2526f1120fa68b12f0ea6ef497b83f9",0,0,4,0,3,0,0,0
"e2650fb93ff6c8c97c1d71f8cdb2f3c8",0,0,160,0,0,0,0,0
"e2bb03c7994323befa92eed91184b1f6",0,0,12,0,0,0,0,0
"e4108d5d1b5151c7b5e1c80d723607f4",0,0,15,5,0,0,0,0
"e753fcf50943e8174e96ba5872ce6d0e",0,0,9,0,0,0,0,0
"e844a31fb806ae1f804a9b34cc9a2bc3",0,0,27,0,32,0,0,0
"eae5624cbf26e2d824e510530dc9f6a1",0,0,8,0,0,0,0,0
"ecb7cff13a329794eeba34d0bafc1085",0,0,103,0,0,0,0,0
"ecf14f4e5dcf2014f5200c03abadd726",0,0,9,0,0,120,126,87
"ee83eb7030dc863ce165ca424421b806",0,0,6,0,0,0,0,0
"f0a69a48ad5d7624d10cd78944dde479",0,0,9,0,0,0,0,0
"f18767112aca05ed69879961beffcd5e",0,0,15,0,0,0,0,0
"f1effc1ad73f60fca1458b76ba211b03",0,0,5,0,0,0,0,0
"f20ca883260afeb9cfb918015ddda6c7",0,0,10,0,0,0,0,0
"f3064aa669c813828362687adf672673",0,0,6,0,0,0,0,0
"f312e5db64b015b32c4903e7a7c4d72c",0,0,10,0,0,0,0,0
"f841ab18b32e95b2b89139a9cb0b764d",0,0,12,0,0,0,0,0
"fa642e6e5ec9570228a10aefbe425acc",0,0,13,0,0,0,0,0
"fbd3a78821a28b7d96b55cc74bc70c8e",0,0,2,5,9,0,0,0
"fd6893732593d0de18d1f9e11fdbde6c",0,0,7,0,0,0,0,0
"fe8d7422be43f27110b636c267d01fab",0,0,5,0,0,0,0,0
"0211a6863a8cb949cebb1e013a539924",0,0,0,72,0,0,0,0
"068b2ff305da9bc4844faaf4e435794b",0,0,0,4,0,0,0,0
"06f004cb40308a4cbec56e502282de3d",0,0,0,5,15,61,48,29
"07a2d661328ec75992cd8ff33994fe18",0,0,0,9,0,0,0,0
"0813d0d48121514490977e2ef29e89cb",0,0,0,13,0,0,0,0
"09b1bdeb91539280534dd82b0f2d0535",0,0,0,19,0,0,0,0
"0ca99f008c746bd8427d8594b82360dd",0,0,0,16,0,0,124,0
"0d3a999d58c3720aa27e7fa55ff0a93d",0,0,0,34,0,0,0,0
"0ddcbe15516294dbe86c47de710ab847",0,0,0,9,0,0,0,0
"0f19b273dc53e4b274045a3ec25fdf13",0,0,0,21,0,0,0,0
"0f1aa17b87ff033aa2b20f4811fd429d",0,0,0,6,15,0,0,0
"0fd45137b71e532d06e224a357de6845",0,0,0,4,0,235,3,3
"10bec531f61ad8c7148ed98fd6dd2144",0,0,0,5,0,0,0,0
"11c4880f6c7b7b6ac966827f12a3b621",0,0,0,6,48,0,0,0
"126aa4444fa80dba3ec487a56cef054b",0,0,0,21,0,0,0,0
"12a7ea5f662cc15ee7ff3c89f7049d22",0,0,0,216,188,601,469,536
"12fcf515cec56a8a8ff3925b019584c3",0,0,0,5,0,0,0,0
"131f064c47541dd320db59799dd49656",0,0,0,5,0,0,0,0
"141f583a72baccc9a818ee359d1af7d2",0,0,0,3,0,0,0,0
"152d6fcd72943ee0de71d1e321aafdd4",0,0,0,4,0,0,0,0
"15e6ddf7df96b0304574ef310ef02da2",0,0,0,65,0,0,0,0
"15eae11a1ac4cff7d9f3f0932087244e",0,0,0,23,203,0,0,0
"16865e7a560354a65bd82f9d47a793cd",0,0,0,23,0,49,0,0
"1a24bf661a435b8e15ecd4a36a0e85ec",0,0,0,4,0,0,0,0
"1a6ec8fe374c8fcc8698f37d00c42d08",0,0,0,5,0,0,0,0
"1f5d5e364c1d3de092f3b00d87882b10",0,0,0,139,18,0,0,0
"2103d47eb972e09e56ce313418f80dd2",0,0,0,120,298,15,0,0
"255d48644a80d94ad3b75e44fbe1c71b",0,0,0,31,0,73,18,10
"26934c8ece34db2396d369a32ef682de",0,0,0,9,0,0,0,0
"284418684dc60ceab5e4a7e3c4cfc424",0,0,0,9,0,0,0,0
"2abbfb71f304203538418c1e7265c69c",0,0,0,3,0,0,0,0
"2ba61899812ccae431a6f98b7e9bbed6",0,0,0,15,0,0,0,0
"2c70e4c2a07fa30f8c45894fae37bb4c",0,0,0,26,0,0,0,0
"2d6ba8b242bbbee532291650c5a0247f",0,0,0,189,0,0,0,0
"2dfbe8b4e1f10ab108190246d190a084",0,0,0,12,38,0,0,0
"3263fda305ada99a8c9b7638516bb22a",0,0,0,7,0,0,0,0
"328ad8c08ec82314cf109ae4d647b456",0,0,0,53,35,0,0,0
"3392f058af4dba519732b85380fed8ba",0,0,0,4,0,0,0,0
"3848ece4ff5a7d1a097c6af8d25c6bb8",0,0,0,63,0,0,0,0
"3aab8fcf9b96c606200833675816787f",0,0,0,471,441,0,0,0
"3daf3658d21da190c54cf8a1359ed3ce",0,0,0,16,0,0,0,0
"3fa6d57979f6af6e75607e64037d5038",0,0,0,16,17,0,0,0
"40a60273f9d47f5fb3718eb1746011ae",0,0,0,4,0,0,0,0
"417b2502b1f12c342062d1fe56eba5df",0,0,0,8,0,0,0,0
"428fdff16e960ac80c7adbea7cfd9ed2",0,0,0,5,0,0,0,0
"42e18d378b0b277f123ac2c6287117d3",0,0,0,4,0,0,0,0
"4385870ca458f9af6796a14fa0cdc922",0,0,0,23,0,0,0,0
"43f709b9e2ca9821cd52df9dc680db42",0,0,0,2,9,6,0,0
"44ae9b84576508fc02bc4e8abc73a4af",0,0,0,6,0,0,0,0
"470f7f8b18eda42d0633c58d4d927b20",0,0,0,3,0,0,0,0
"477229b5aed7f8d5073ac057db542566",0,0,0,5,0,0,0,0
"47a78151dc3234362fd3010fe1f2ac17",0,0,0,52,0,107,0,0
"4ba3945e38b6bf8a59b5bab52265716f",0,0,0,7,0,5,0,0
"4baf1ee425a4fe814b17ac7bf3fb0ede",0,0,0,14,38,0,0,0
"4cac6bb7dcd7663580ff86210bc2ad71",0,0,0,33,0,0,0,0
"4d03f211a24062a32e695122ab7b1bab",0,0,0,5,0,0,0,0
"4e7f9e21ab6dfefa9155bc3cea0a3d3c",0,0,0,8,0,0,0,0
"4e9ea57e61d0ab2f59dd0d73755dc047",0,0,0,11,0,0,0,0
"4eb5bb8986d93dbe448420dd4108d911",0,0,0,9,137,0,0,0
"50252ce948a7190eb93465ca66c04fd5",0,0,0,21,0,12,0,0
"542a658cfde075b1ef6be1856226b2ff",0,0,0,4,0,0,0,0
"5460b418cb5aa0ed6c1a4b91e42b17be",0,0,0,1001,241,1918,61,0
"5467cf66abc9360477e00b76569aa39f",0,0,0,18,69,0,0,0
"54d5dc4d7981b8482dbf65bb83809d21",0,0,0,5,0,0,0,0
"571d4bb744063375b9315bf7db4c6fa3",0,0,0,6,0,0,0,0
"58349cc274ea25e70c4b6c54a01a3547",0,0,0,65,12,0,0,13
"59927026942d79cf0b2ed72f5061be42",0,0,0,63,46,0,0,0
"5c968b591f71b4be67166dca8a40ba12",0,0,0,5,0,0,76,0
"5cc37e39f24d7579d5e718c755dac7d6",0,0,0,2,0,0,0,0
"5cfa6d0191a250bada2c235c46dfab80",0,0,0,5,0,0,0,0
"5d70fd0f469850d4335a404dd63259bc",0,0,0,14,0,0,0,0
"5e2b7779c5a66ae0d06cbc36a596e211",0,0,0,17,0,0,0,0
"5e45573c29a63a4f856d7ad532efa20b",0,0,0,8,78,0,0,0
"5fdb831f04e80c67309bafe165ff7a23",0,0,0,8,0,0,0,0
"6067cdc7820ba8112ed8b14aacedbbb0",0,0,0,13,0,0,0,0
"60dad4b7a13debdd40c738bc746cc0de",0,0,0,4,0,0,0,0
"614c155a2af0e7df48c884fc37ed3389",0,0,0,19,0,0,0,0
"6263c247eb998431ba3f5fabddfce4e3",0,0,0,39,0,33,0,0
"627ee5dccfd9d02283494a2389061d4f",0,0,0,6,0,0,0,0
"64d463e6c13f6efa32bc0093a90518e9",0,0,0,11,0,0,0,0
"654d6f35ce3b8c6dd3375c55b28dfcd8",0,0,0,24,57,0,4,0
"65a7ead99734c50014b5b55fd7bd43c3",0,0,0,14,0,0,0,0
"6a089670346628aeb48c00c034f2de5b",0,0,0,4,0,0,0,0
"6a0b9e7e416a14ff6192e1533471617d",0,0,0,25,0,0,0,0
"6b0f7c8980ce1a1d6cb25aa9358db800",0,0,0,5,0,0,0,0
"6b555346eb394d79658fe22a088236b1",0,0,0,3,0,0,0,0
"6d68922ef5af2bc80f6ea6826f10716b",0,0,0,6,0,0,0,0
"700f1d4a2a924615078f4ff0300dce64",0,0,0,69,0,0,0,0
"70a226725b9bc29d4ac667272ad9fff5",0,0,0,16,0,0,0,0
"747550fc1bc750d9ab4d7592383d3c4b",0,0,0,3,0,0,0,0
"750e754e92dbdcd70dc8808b6236ac3a",0,0,0,13,10,0,126,80
"75c96d37c65e5b81f8bd2eaa8fb2e6df",0,0,0,26,0,0,0,0
"773f918e1c1b25ca2c8a46e72786289d",0,0,0,17,0,0,0,0
"7c196a91dbc0c6af32187f3046cf1d20",0,0,0,9,3,0,0,0
"7c93b1b297f473387aec98ec7c07508e",0,0,0,156,0,0,0,0
"7d66f9a091c5965c38c0955b9654da76",0,0,0,23,16,0,0,0
"7e3c16c0df1b70ea1845cc06c0957df4",0,0,0,15,0,0,0,0
"7ea3d83c7840c639b1dbccde39c9bba5",0,0,0,52,29,0,0,0
"80801be172b96353539db0fa3a33f9c2",0,0,0,18,17,8,44,11
"817eb3f4ab33c6ed59930850acee6831",0,0,0,298,0,0,0,0
"81e99a22162c794375c9a430a6781e1c",0,0,0,5,0,0,0,0
"841ae379877e31013f8fbef822fae2db",0,0,0,59,17,0,0,0
"878bf546270ee1e9b2325770039cab68",0,0,0,12,0,0,0,0
"8acc0ad55be1a369a23f3f680c917117",0,0,0,7,0,0,0,0
"8ad51676b3edc195fc88db5bef411650",0,0,0,2,0,0,0,0
"8c649894161fdb25513bc6de71dff6e0",0,0,0,9,0,0,0,0
"8f0992dc4d260d95a597090fb4388d27",0,0,0,300,31,0,0,0
"8f930a64bc0a7fab125d50f1005bed2c",0,0,0,42,0,152,0,0
"9015962672e2c841ed9d5c41a7c2dfa4",0,0,0,2,12,0,0,0
"9047c7803aae27cf4d7d8d819ccc2652",0,0,0,6,0,0,0,0
"9086bc956542d0c177e7c3d424e5d5e1",0,0,0,24,85,181,0,0
"90aa3ffd0e123ec3f045bf4bf752b4b5",0,0,0,4,0,0,0,0
"9544007a18dc1fa4047e62fb43c4a4e2",0,0,0,174,98,175,0,0
"969e00f680dcda491f2821808e54b785",0,0,0,3,0,0,0,0
"96b83a17b264b055f55e86b04c57159d",0,0,0,24,0,0,0,0
"973f8aa4a7b4bf767f0df7ba407e1f8c",0,0,0,14,0,0,0,0
"97f07c3e5fdb4eddb76b2a63c446ef08",0,0,0,24,92,55,114,59
"9abf374d970f1f4f252bf1bd69d09ed9",0,0,0,19,66,53,63,0
"9b13d6d55aead6213551f3ca1b0393ce",0,0,0,5,0,0,0,0
"9bb5699c217e246dd9895555aad784ad",0,0,0,35,270,0,48,0
"9da0db375b4cbe1705b60eb261f9488b",0,0,0,8,0,0,0,0
"a1555e0242efbb412da36e44480ecd42",0,0,0,12,40,40,33,17
"a57531da92a43f5d8858c7de6d696896",0,0,0,68,0,32,38,22
"a5a7a5285dde049d4752d5b229f78626",0,0,0,5,0,0,0,0
"a70a2403e33f620b49adfa2c11199c10",0,0,0,4,14,0,0,0
"a967dd1a3d24c3feb5f14dee083db20a",0,0,0,6,0,0,0,0
"ab1a8eb180fdfedbb3c8c39d093e7f46",0,0,0,3,0,0,0,0
"ab6c03fc9eb563396518fd182d9dc1cf",0,0,0,39,78,12,110,0
"ab8a3f79ca26633309d4ef39daa3291e",0,0,0,12,0,0,0,0
"ac68f72452035278b19df5aac421903d",0,0,0,15,0,0,0,0
"ad1a0709c8af2d96f8153664916f55ad",0,0,0,6,0,0,0,0
"ad7c2b35ad510fd49cdf0fb50d6cd014",0,0,0,21,0,0,0,0
"af9088b3d5b88b2ba93773bc662ac623",0,0,0,9,0,0,0,0
"afdb612de9f3bb37fdb0d9f5c7af63e6",0,0,0,3,0,0,0,0
"afe2a9125e3916824716d2c736cdcf7f",0,0,0,32,33,0,45,0
"b032f546d613f6fdb8dac0abfeaede3a",0,0,0,18,0,0,0,0
"b15fa62239f0870c7f2f17f18291b533",0,0,0,6,19,0,0,0
"b31345254e08c6b18a0bc6ac8b26426f",0,0,0,8,0,0,0,0
"b414f4eadb7b594b5e07e1d3f70f8ccf",0,0,0,7,4,0,0,0
"b4577d1964d684d7ac20193e52985ed9",0,0,0,26,0,0,0,0
"b69727221aa79b0c558264758838cc08",0,0,0,5,0,0,0,0
"bdd2fadcabf03cb371258e1527e2f6d2",0,0,0,78,0,0,0,0
"bdef40253b51de6e3a02a3c09cf28663",0,0,0,34,0,0,0,0
"c21b5586a3882e416dfff0e656fa4a2c",0,0,0,26,0,0,0,0
"c228ceb4a41853f223ac420803cd3ec0",0,0,0,17,0,0,0,0
"c35c2adf452f8d43a06a3f74f68935e6",0,0,0,11,7,0,0,0
"c4f4577920724fff144255355c601b07",0,0,0,19,0,4,114,0
"c4fe8753ac558c4cd855d55d9ac1cd78",0,0,0,8,0,0,0,0
"ce4308fb80577ab3f4a98d5dd78b6bd5",0,0,0,68,0,0,0,0
"cede60115d43a557804abe021a8b423a",0,0,0,3,0,0,0,0
"d0eae2b535d942d9374adef8b8bfb716",0,0,0,10,0,0,0,0
"d26f815fa771f5926209909770903457",0,0,0,16,213,44,16,56
"d39a1a5ac15e598528d94dc92f9c64b7",0,0,0,11,14,0,0,0
"d66a8d1be76df2e3d6f9a560c5576836",0,0,0,4,0,0,0,0
"d70e99573350cdad1c5d40d6eba13c12",0,0,0,27,0,0,0,0
"d9d41dbc2fe0776ec990790566ba1bdf",0,0,0,3,0,0,0,0
"db9593f0c99cd820f951423e0f289fd6",0,0,0,35,0,0,0,0
"de9b46501d422c73943ee767af83ad7c",0,0,0,7,182,0,0,5
"dff878776a6fad304fce3bc909b7d3c8",0,0,0,5,0,0,0,0
"e072923cf9c2a659c8fede3015c8f2b0",0,0,0,6,0,0,0,0
"e1158d1673521c1a9f99330e4ca2f0d8",0,0,0,14,23,0,0,0
"e2caf760053108fe433e783dfd5b7dac",0,0,0,6,0,0,0,0
"e2d2fa6b60a98f94a48494fb21795ab1",0,0,0,6,0,0,0,0
"e681dbf76c344d8343f40732f2a9f56e",0,0,0,37,0,0,0,0
"e6c633559bf5a079e508d617e725faa4",0,0,0,8,0,0,0,0
"e711b7569928d57088058120fe4c3931",0,0,0,18,0,0,0,0
"e9367a1aabac3a491258ea59cc7fc82e",0,0,0,7,0,0,0,0
"ea9c4452c893caad2db9dd41f3be52e1",0,0,0,8,0,0,0,0
"ec3c27402f2e8441125372f0f790abbe",0,0,0,9,16,0,11,0
"ec961d625ed277371763c50a5168699e",0,0,0,90,0,0,0,0
"ee36b24bb796dbb45a03d738da608159",0,0,0,33,9,0,0,0
"ee92dfaa4d2656007eb2987e9e7921b3",0,0,0,14,23,0,0,0
"f018bd8e681bf211e8626ca82805fba6",0,0,0,9,0,0,0,0
"f081226bb8c7fd1f54d312371445a8f7",0,0,0,5,4,0,9,0
"f15057b0d28e8772dd392e2a2b00c06a",0,0,0,6,0,0,0,0
"f1b0112ffe9616a245aedc7c68386fc2",0,0,0,9,6,0,0,0
"f3a1009eb0a2e0f9adc29b0d4ba9f059",0,0,0,3,0,0,0,0
"f44e4adc4579b101e6b4af485f908c8f",0,0,0,114,22,0,0,0
"f766eecc09ca54193fc7990fcb23df5e",0,0,0,5,0,0,0,0
"f90173610ff6df024a17eafd027719f2",0,0,0,21,0,0,0,0
"f90b1bf6003dbc2415142f65842c5204",0,0,0,229,79,347,336,122
"f9a37a00f4c2008c0471f022db4ee000",0,0,0,26,0,0,0,0
"f9eac3e855b9038f3722d1100bc6ea6f",0,0,0,8,0,0,0,0
"fa73146eba07f7a9a14b65b28f63940f",0,0,0,3,0,0,0,0
"fb85c2e4a3dd2f61632d023c613ec7b4",0,0,0,16,0,0,0,0
"fc46fef1a46ab993a1274d73b5a75409",0,0,0,29,18,53,23,0
"ff9ed165c4c162854f6f38de9720e505",0,0,0,2,0,0,0,0
"019a2d94a56743e95bd1431c840a544e",0,0,0,0,297,0,0,0
"02a71069a5c76a8b9abfe05305ff409d",0,0,0,0,14,0,0,0
"040f1851c527c288e06c264af8370066",0,0,0,0,57,47,42,8
"07b25c8829a162fca1a10ef120333edb",0,0,0,0,15,249,16,0
"0b28e149dee6dcfecae4e4009ccb6d3a",0,0,0,0,17,34,19,0
"0d7fca934b28e55666e2cbb4a5e76654",0,0,0,0,12,0,0,0
"0f42e5aab70526a500b159d07f468687",0,0,0,0,11,0,0,0
"0fdeaa3419afc286fe2133a750681cc2",0,0,0,0,6,0,0,0
"10b2dff4cbf160e11237f64e259ee641",0,0,0,0,15,0,0,0
"13731a93446d8b2986b18ec8ecaf853b",0,0,0,0,9,0,0,0
"173f1307f32103b37f4b6192f383d2ae",0,0,0,0,7,0,0,0
"174b031c22c9f0fc92202b844d126e1c",0,0,0,0,25,0,0,0
"17833388927b8dbf719b8b3bb29b593c",0,0,0,0,43,0,0,0
"188b8df99802f73e4a4ba34ae791702a",0,0,0,0,10,0,0,0
"1a95f5bf35e7dfd16f48ca32db16a7a1",0,0,0,0,11,0,0,0
"1b462b2d8c07721d2a6f17d19f99bca6",0,0,0,0,14,0,0,0
"1cc05359fb34e429e7efeb6cb7e1da58",0,0,0,0,11,0,0,0
"1f843a3e42cb3cc04ee956fc8f22091c",0,0,0,0,2,0,0,0
"20c24ffa530e086ac2d3d8ee2dd0fb39",0,0,0,0,39,0,0,0
"21f016fcc2093a9d5ff8bc1415a053c1",0,0,0,0,47,0,192,0
"21f25866c87f9d2731899aa31fcb720e",0,0,0,0,4,0,0,0
"228458d4910430c5cb47419e0f2d4151",0,0,0,0,16,0,0,0
"25e2d4aee0453680cb9acd38ed953f5b",0,0,0,0,105,0,0,0
"263b3349c41bce0258e9a68fdd38ed48",0,0,0,0,4,0,0,0
"265348787db8940237b64139f561cb19",0,0,0,0,13,21,51,16
"292eeb51a52c017638ead530cc70c53e",0,0,0,0,4,0,0,0
"2974ae5a4ae33d0601e24be9c363364c",0,0,0,0,5,0,0,0
"2c70b9c923b1a09b05f97bae58b87312",0,0,0,0,16,0,0,0
"2c8864d4100bfab816701e82c28c26d9",0,0,0,0,96,0,0,0
"2c903bf8a66960fd67dd69fc3d584687",0,0,0,0,10,0,0,0
"2cb7d97103d34bccbd2cabe788097f90",0,0,0,0,6,0,0,0
"2d3dbdb1e932d6366b5e8a9e8b002c56",0,0,0,0,2,0,0,0
"2d66db6fc3ba11123df876eb184b09cf",0,0,0,0,232,0,0,0
"347c038d597789cdbb18790e1b4d4d8a",0,0,0,0,153,0,0,0
"369f958f1a293b317f4ca3b21d7f23ea",0,0,0,0,54,0,0,0
"394a5af0b9a068d4a4930ecace92b832",0,0,0,0,4,0,0,0
"3b3e727bfcb74113377802cef5db1eb3",0,0,0,0,54,0,0,0
"3b9df7e479937f6dd1071056987dafb6",0,0,0,0,83,3,0,0
"3bc8287f8f4deab407e72351551d1308",0,0,0,0,7,0,0,0
"3be3aa79e8be0b39146bb55a1e642b93",0,0,0,0,68,0,0,0
"3d2a8cc551249a063afeb258644095a6",0,0,0,0,11,0,0,0
"41761d558e8aab9a600fac6ad6a4027c",0,0,0,0,16,0,0,0
"435e453521e7870d83b5ae0465e08251",0,0,0,0,3,0,0,0
"441532ab469239b9d44cad31f8fc84ad",0,0,0,0,12,0,0,0
"4438c9d228ab933c09de48f92758d154",0,0,0,0,72,0,0,0
"44419369ad152115b599a30359d94732",0,0,0,0,5,0,0,0
"4446b6d586d29a4cd35f7b19aaa631a6",0,0,0,0,56,0,0,0
"4462ade9bb8c56fa404be6ac9fdb78c5",0,0,0,0,18,0,0,0
"44ced7cc9225df4a802d5ddd7ef33af9",0,0,0,0,9,0,0,0
"46a8c2a68b593098680c78982a59357c",0,0,0,0,28,0,0,0
"48531c7a910162d7a3769a72de3b1b17",0,0,0,0,3,0,0,0
"48b7359f39786bcea5e783a311d544d9",0,0,0,0,11,0,0,0
"4a847498d9e82aef206ac5dac673ed6c",0,0,0,0,139,0,0,0
"4bee1d029d4614c2b299f57c284cbf00",0,0,0,0,5,0,0,0
"4ed3864133570fe1f6a272c617ca5093",0,0,0,0,16,0,0,0
"4f951959e0b39b543eb8d4210af1c659",0,0,0,0,7,0,9,0
"539591ca0b1ccba1670b9d2119c07091",0,0,0,0,64,6,0,0
"54fadab36cb0a6fbd38d269ba47e04b9",0,0,0,0,10,0,0,0
"55eef1113d8765d48370e1433c04f089",0,0,0,0,18,0,0,0
"560d86be08763c02ec54a5fc4e880b70",0,0,0,0,17,0,0,0
"595b3dc0f0987a5dc43764a34537d67f",0,0,0,0,34,0,0,0
"5b4882cc0717baedb3998ac9c6a13f3d",0,0,0,0,14,0,0,0
"5ba2f7d81a3e88e2981d1d5760a85028",0,0,0,0,155,74,217,138
"5ce78e3c4f46db218721ac9e571ba8c6",0,0,0,0,8,0,0,0
"5e1aeee8049cc0fe81b93fe9f6d449c1",0,0,0,0,5,0,0,0
"60342963986fece9c4bb15943689beb7",0,0,0,0,215,0,0,0
"60cf7ea17dfbe2f826829c2208523552",0,0,0,0,7,0,0,0
"63b4ab88cdd80411bbfb1a03a767882d",0,0,0,0,5,0,0,0
"65aee6e1f05c5c698715ffc5896ad12a",0,0,0,0,4,0,0,0
"660c515c2d1a21d203f89ff7ebde1fdc",0,0,0,0,2,0,0,0
"688bf046e5f1367e321bd21e6b5e1982",0,0,0,0,32,0,0,0
"68cf3dd77ce24ed5355f3c8e187b4aa5",0,0,0,0,134,0,0,0
"6a5c4cf4c68cae9d09df48c92543d2bf",0,0,0,0,33,0,0,0
"6be63c8f3bbcca285e37e409df19f497",0,0,0,0,42,0,13,0
"6ed349bc3446afd4ecbe1f16ed2bf24a",0,0,0,0,7,0,0,0
"6fb13b954a05330297e68ac1f330a7a1",0,0,0,0,6,0,7,0
"7122d10608274bae9841123342ffb04f",0,0,0,0,11,0,6,0
"724afae8ff97423035b622914b4f67f4",0,0,0,0,96,0,0,0
"737a668bc327deabf55db4f27ba34429",0,0,0,0,29,0,0,0
"7395ba8e0eaf4284eba9b7c8a64a8990",0,0,0,0,86,0,0,0
"75fd67f296684c88d6351002b95e0211",0,0,0,0,8,0,0,0
"76d51fa7a865a93a5d0a7975f0f5aa2f",0,0,0,0,11,0,7,7
"78f7db808e95eb324d9b8aeaf91a387f",0,0,0,0,5,0,0,0
"792979e10fbcd9c83e263b878ae82c71",0,0,0,0,7,0,0,14
"792f90ae7fd35a506dce7b65077ec160",0,0,0,0,11,0,0,0
"7a43cebedbbf13a80a0c17042beb73cc",0,0,0,0,3,0,0,0
"7c3c1a1288fe38c998f53548714dc346",0,0,0,0,8,0,0,0
"7cce63ccab109a110e5694c992c38045",0,0,0,0,6,0,0,0
"7d357e67b351bf195da3f405fc5160f9",0,0,0,0,23,0,0,0
"7de16043c17f3ce2931b8fee09cff66d",0,0,0,0,8,0,0,0
"802a02eb0faca94de99f430e163000ef",0,0,0,0,5,0,0,0
"813721ca7baa8f6cb65011e9abd3d34e",0,0,0,0,45,0,58,0
"827607d26d25192fcca4b7755208160a",0,0,0,0,7,0,0,0
"832646118c834bd939c44f6bab119cd8",0,0,0,0,52,0,0,0
"8674329587ec886336f4b62ab7cb6130",0,0,0,0,121,214,46,38
"896da2ba9b8d114fbbf27458cd7c6f20",0,0,0,0,2,0,0,0
"899f526177edef71a4f599cd914b78b3",0,0,0,0,36,0,0,0
"89dc0b26ac6aa81dbfd1896cc5a7d94d",0,0,0,0,21,0,0,0
"89e92c350d64ff65c32acfb907974d2b",0,0,0,0,6,0,0,0
"8d5aa494c7be6f2bca30ec08f1823e84",0,0,0,0,12,0,0,0
"913bc2cbce67e836d3a7305be8ffa523",0,0,0,0,4,0,0,0
"9211a2f113125ff64cd2414d0b280813",0,0,0,0,9,0,90,10
"92ec21bdd382b5145f39e5da4731922a",0,0,0,0,2,0,0,0
"949c4b655f2472c2e55f3b31655b5dad",0,0,0,0,156,59,235,0
"95694e29a59cf571377a8c07df25ddab",0,0,0,0,10,0,0,0
"97e33028f1e7553633dc29d280078ca5",0,0,0,0,32,0,0,0
"9cb6c2f5238a948855ebacc3007cb844",0,0,0,0,102,0,0,0
"9d52e81cafb933cda9824c4fa2edea84",0,0,0,0,9,0,0,0
"9d7d26c79c6012fe0ed4dc5390f83f20",0,0,0,0,4,0,0,0
"9d8746e73fca1770d1955375d3e3b66d",0,0,0,0,51,0,0,0
"a0590db97762bf12b1aab14368f4b16f",0,0,0,0,16,0,0,0
"a1348e00132f03c43e39014a5b2d3217",0,0,0,0,11,0,0,0
"a1abf857b0637d3c285f816e6c868615",0,0,0,0,4,0,0,0
"a24451b746b7436038aac658b022642e",0,0,0,0,19,0,0,0
"a58e6a7d02ff0e0494bc5e98e1156af0",0,0,0,0,246,0,0,0
"a64371d9c6a59e99940317dfaea7ef9b",0,0,0,0,2,0,0,0
"a6fb32c7c032954e1948d784b6b4890c",0,0,0,0,4,0,0,0
"a85b37aacae9fd1390aded496e5be3f0",0,0,0,0,9,0,0,0
"a975061cf204b25ddeb269ee79e8fa6b",0,0,0,0,20,0,0,0
"ae392dacfd9160bf986e33ba08ec1f30",0,0,0,0,124,0,0,0
"b05833e081f656970ea34ff0833aaa22",0,0,0,0,10,0,0,0
"b1cd763f8af22a0320ed0f3111d72620",0,0,0,0,9,0,0,0
"b544531bcd1b9e8a081f690a294f99fe",0,0,0,0,142,20,0,0
"b684480deb49cb413074a2d7946bbb01",0,0,0,0,23,0,0,0
"b7a8d7def2c020e5c48aa70648433007",0,0,0,0,87,0,0,11
"bc7707e260453b01c2fd99554a5e3190",0,0,0,0,9,0,0,0
"be6b994db809ae4298eeb54ad7636d9d",0,0,0,0,13,5,0,0
"bf87b6844d2ee3b750b6798de443c657",0,0,0,0,2,0,0,0
"c01bcf0aea85f9a2b97a09f0860efd83",0,0,0,0,38,0,0,0
"c17dca315e99cdc9e805e4e2c0244fab",0,0,0,0,25,0,0,0
"c1caca1a956a6a88d59fd580b0312893",0,0,0,0,22,0,0,0
"c294bece2b53a09e9545f4a4bc6014d0",0,0,0,0,15,0,0,0
"c2ce7e26ec82752c363810f39ad0b809",0,0,0,0,4,0,37,23
"c45e845153edcb69cd7ca8d01eb5dd5b",0,0,0,0,125,0,0,0
"c49940e8957e2e644e03392a261b5921",0,0,0,0,10,0,0,0
"c53ab31caf99cb5c529d0374d5f37969",0,0,0,0,11,0,58,92
"c54097d055a7bc4af26bd60aa2407e13",0,0,0,0,40,0,0,0
"c5681da7301e4d3b3a6095f404db16d9",0,0,0,0,20,2,0,0
"c76af96d472aac3700471667508331e5",0,0,0,0,19,91,188,0
"c9388ae8b1e211f5a8f037b68d6de7a7",0,0,0,0,9,0,0,0
"cb6cb823433eac6d42654ae25235c95f",0,0,0,0,309,188,123,13
"ccf680ab63c68ce187a7f6b8706c91ce",0,0,0,0,18,0,0,0
"ce81069bbe0c8cd0785ec88aa1b9377d",0,0,0,0,42,7,0,0
"dbd151119dc9c404a51154d93d13d8b3",0,0,0,0,33,0,0,0
"de66bca309af4c0541cc97b862adc6c3",0,0,0,0,2,0,0,0
"e21cfca60d51da83b475c2782527285e",0,0,0,0,164,133,0,0
"e3ca02d00a38191771f23da9c2511e8d",0,0,0,0,2,0,0,0
"e80127d5c332784522dd06cb2d323d9b",0,0,0,0,42,0,158,24
"e94a61ca63478051fe3f2ad0f78c911d",0,0,0,0,6,49,49,22
"e9e6165ba746611fa03b2984e5c2e496",0,0,0,0,4,0,0,0
"ea4bc55151a330a1dd4ac779448d7f46",0,0,0,0,28,0,0,0
"ea77c28b068f3b7505ce0162375db02b",0,0,0,0,11,0,0,0
"ec86dcb95d9173c531dc6be02662afe7",0,0,0,0,12,0,0,0
"f039364c2c0da44b9d20b88835c8b666",0,0,0,0,9,0,56,0
"f2327c73f6db7b113737ee384e8362b2",0,0,0,0,8,0,0,0
"f2dfffdc0d49759c181a0f3177ba2c20",0,0,0,0,2,0,0,0
"f8e46fe61c324fa785dc98462d7447d1",0,0,0,0,3,0,0,0
"fa044a2bcca6822392e0dcc76d76d7e9",0,0,0,0,77,0,0,0
"fd4d3360cb819604a3e503ad646f5527",0,0,0,0,2,0,0,0
"005ab4d80a519e0cb9b36b6f67856d21",0,0,0,0,0,26,0,0
"01780661b222a9e712fac8cd8d382ae2",0,0,0,0,0,8,14,0
"084421f5274a7e618c52eecfe20a4a84",0,0,0,0,0,28,31,0
"0b997da479a540b1558785a84167c796",0,0,0,0,0,96,0,0
"0bf03b95bfda47d9b7f9423c2a0eefc9",0,0,0,0,0,7,0,0
"1317ef0443b7e01cd23b26fe72ca2e53",0,0,0,0,0,23,0,0
"15f8b7b1b524868ace84a7d30c71ee2e",0,0,0,0,0,2,0,0
"16a5df516d2848da329954d1e50482a3",0,0,0,0,0,60,310,164
"18e7739ba2bf719343cca2749bcc6f20",0,0,0,0,0,23,0,0
"1b00f488d0db1cef74f4612df8964ce3",0,0,0,0,0,18,12,5
"1d9f4b127c1ab56709a71d43cb6dccd6",0,0,0,0,0,8,26,0
"1f50d648748c8d760ff3329a61cd13ad",0,0,0,0,0,9,0,0
"214d2cb851dd14775656548cc524f79d",0,0,0,0,0,2,0,0
"217e9f019f1f71d40d188dd8cd5856f1",0,0,0,0,0,22,0,0
"25883022a691fcd467293178f18b23cc",0,0,0,0,0,2,0,0
"259e2fea2eb32629c5fe13950fe3fc46",0,0,0,0,0,54,0,16
"27077b1a565bfb51ff404af3369dd0b0",0,0,0,0,0,53,0,19
"288477f962c42170e1f9ed4c1ee1fa73",0,0,0,0,0,10,40,0
"292f5ad487339f610c5b605613486217",0,0,0,0,0,22,0,0
"309882d63c9bbb1057c674de083f6825",0,0,0,0,0,105,45,0
"37b7ddb8d679da8cb7be126cc1863299",0,0,0,0,0,8,72,4
"3ac0c634419b40d26a82d68c593f073e",0,0,0,0,0,36,20,0
"3c59677c5b4b45f9e91853b74da5710b",0,0,0,0,0,74,65,54
"3cf27c3f6dac3eacc959da20bfe707b1",0,0,0,0,0,15,58,12
"3d0ef27be38e6a9c60f6370dda3d7a9c",0,0,0,0,0,20,0,45
"3e12933df267f907a666bd00a3dae4e4",0,0,0,0,0,18,0,0
"408301311f9735f4c912204388986eec",0,0,0,0,0,18,0,0
"46e27b38b41d093a34605d9b65849ff7",0,0,0,0,0,9,0,0
"48c6748b666d8d5da93108906b9a3a6a",0,0,0,0,0,5,23,0
"494e14f54f49792cd32919349d2ce358",0,0,0,0,0,4,54,85
"497fb1a291bccd8fb819fcf8d963112a",0,0,0,0,0,7,55,23
"4d2ec2c11aae0c04f8c03529bdd94818",0,0,0,0,0,8,29,0
"4f7ceb494d86333455a88ca009bb547f",0,0,0,0,0,8,0,0
"553dfac9fe9d58b77aab35f38e1c8cdf",0,0,0,0,0,5,0,8
"56dffeb970e53975c0dc543e025fd92e",0,0,0,0,0,4,0,0
"5f23a4cdea43ea10b25318c9e60c726e",0,0,0,0,0,144,0,0
"7bb7702e12dd89e772166e4255dcf2b7",0,0,0,0,0,30,42,0
"7bddda4517f8cf2440086852e266044b",0,0,0,0,0,11,17,0
"7d284f9f821e9d3e2cc74b775ca3315c",0,0,0,0,0,11,0,18
"7dacf9bed0ec89aee7af4623b10c120b",0,0,0,0,0,134,68,0
"7fb26f95987cd3d2e5040404e866841a",0,0,0,0,0,3,0,0
"80cbdf01f311173b935f7187facdb3ae",0,0,0,0,0,6,0,0
"8286a26f53076c4e69d74a294072dc7a",0,0,0,0,0,2,0,0
"83ca75932c683b1622a98d3fd3762de9",0,0,0,0,0,100,0,0
"84fe46c429d31d2a5e22344e30d70755",0,0,0,0,0,16,224,0
"8b04fba0338e96efa4e3b6cca6ce51f0",0,0,0,0,0,9,0,0
"8baa7fc2dd52fcc434dc012655d91cdb",0,0,0,0,0,11,0,0
"8c638cfd60b725318073f49106d3406a",0,0,0,0,0,2,0,0
"8dfc4860124f8f122992a1cb0e5ddb86",0,0,0,0,0,4,29,0
"8e1592cc412d35dbbe948faa7f1b111e",0,0,0,0,0,250,8,0
"8efd25c1710881ef9874e66f1f8a22fe",0,0,0,0,0,20,0,0
"993d0c9dfa8358b4b17296ef57b66730",0,0,0,0,0,10,0,0
"9eabec8a7cd02a1500f168eec3c46801",0,0,0,0,0,3,0,0
"a1fa443e118dec9232638e239874d672",0,0,0,0,0,8,0,0
"a30e9d69317b80d299592e17c04d347a",0,0,0,0,0,36,0,22
"a4b1a3f7ea9f502ae7d634183f1f65cf",0,0,0,0,0,6,14,11
"a565308bcb0f69416399d18787bd1330",0,0,0,0,0,10,27,15
"a56a2c2b7bb525ef70df5f317e83b1a4",0,0,0,0,0,7,0,0
"aaf6b154f0babffa80994fc9da7f0e38",0,0,0,0,0,23,22,0
"ab5aa79ae730c3ee95bc51b2f4278b5b",0,0,0,0,0,8,0,0
"aca563e382206183fb32461bca6a9a29",0,0,0,0,0,38,14,0
"b1c8e2014a0a0744def909d9910a3713",0,0,0,0,0,5,0,0
"b23e5b54646df2e7e2c93d797bc764c2",0,0,0,0,0,13,22,0
"be0fc6bef49e2ed9253651c1aa423b75",0,0,0,0,0,44,0,0
"be2a0d32ec7098a0742409ab0cd0d011",0,0,0,0,0,5,16,2
"bfa168f185d7a81045fac8b7092dc6eb",0,0,0,0,0,12,23,9
"c18dd3794bd4f041047e8b88a308d667",0,0,0,0,0,9,15,17
"c2d53cf0c2863246edd8ffd680cc4470",0,0,0,0,0,5,0,0
"c413bed2a95831184e69fba4fabcf32a",0,0,0,0,0,5,0,0
"c46d00bebc8a51f60389334d479b21d3",0,0,0,0,0,13,0,2
"c740176611c3f0bc1b04d46b934c9345",0,0,0,0,0,3,0,0
"cc771ee6fd228b6257f35768a08c1e38",0,0,0,0,0,5,0,0
"cdad2a7040606e6ca4fe5ddabcad32ac",0,0,0,0,0,21,0,0
"d838f79424bcb1824d32380be4d2852d",0,0,0,0,0,17,0,663
"d9d90c319c51405b72f68f9fed1398a2",0,0,0,0,0,21,0,0
"dc6335325380390ade4498967dd42231",0,0,0,0,0,8,0,0
"ddea9f8ffe90cc150c111eaeb2025a8d",0,0,0,0,0,6,0,0
"e036cafe8e74c5d442560af874ac8557",0,0,0,0,0,6,0,0
"e12ad628be05f3ff16398d429a4eb40e",0,0,0,0,0,3,4,0
"e1a109f34872f594829bbc483c699cff",0,0,0,0,0,3,0,0
"e270fb811fa2a092f077d16e2b2c09e3",0,0,0,0,0,4,0,0
"e3009dcc51b9f1b652e3a11549e6cc00",0,0,0,0,0,122,85,64
"e3c57f1e4437350f7b8d2d56a06d3970",0,0,0,0,0,29,0,0
"e44d23365e778c323bb9d20c865ad2b8",0,0,0,0,0,9,0,0
"e9081abc2b8fea7f6fe9a56f76d7e0bc",0,0,0,0,0,15073,80,0
"ec1fb7e0d5479f46cf8d51231f2fd543",0,0,0,0,0,12,0,0
"ece3f1ff1aa1240441247a0ccd43fe64",0,0,0,0,0,14,9,0
"ee3551143a6051449109695c436e007b",0,0,0,0,0,18,0,0
"efb79ed93f3a4462b5eb0cca02109525",0,0,0,0,0,13,3,0
"f345082ca64625d9ec9d7cce07d50963",0,0,0,0,0,15,5,0
"f70a3eb0f631b203677448a364e132e3",0,0,0,0,0,5,0,0
"f762c2fb4d963e9f329b5801003a0ca6",0,0,0,0,0,147,0,0
"f91045b2c84510993386662cf7d2d75b",0,0,0,0,0,14,0,0
"fc61a41ca612648e2aa47e5001e0e11f",0,0,0,0,0,3,0,0
"fd9432b901a43b09537863e330b34ce2",0,0,0,0,0,24,0,0
"00834c1430a49862eea424ca9b629b11",0,0,0,0,0,0,3,0
"02ccbf5a0b54effceeab95b15bd965e4",0,0,0,0,0,0,8,0
"04395577b5a4ae3f83f3b99a2d48b559",0,0,0,0,0,0,12,0
"0520eb87a31bb279ef658e460eea2633",0,0,0,0,0,0,8,0
"07109726ad63c065243670d302e9cd67",0,0,0,0,0,0,28,0
"088563345024262edfb2c855d04eee7b",0,0,0,0,0,0,7,0
"090d6396baf402e64735ba3006991e65",0,0,0,0,0,0,9,0
"0bda17dd02da77ee3ce74788c505a9b1",0,0,0,0,0,0,94,403
"0ea3c364e1b51591a231fdc4848e87fc",0,0,0,0,0,0,6,0
"0eef60da3afcad0465c304e492ad3673",0,0,0,0,0,0,42,55
"137ea6795954715a6521abc797668a94",0,0,0,0,0,0,3,0
"17c585ffc4723cc909b7ee2688c05d7a",0,0,0,0,0,0,35,0
"202327d8c882ee5d0d9f38d1c42b9bdf",0,0,0,0,0,0,9,0
"27677cbb4a2d95c6810b88320bc07403",0,0,0,0,0,0,10,0
"2908b5737fc1b99c61a60502381b0a99",0,0,0,0,0,0,8,0
"2aea0e048bddc7e556e178cb94f94513",0,0,0,0,0,0,7210,204
"2c70b910aa20d58e7445116e9a8f500a",0,0,0,0,0,0,70,0
"2cfb443629925691a9fbdedee5a57a70",0,0,0,0,0,0,67,0
"2d0d7c30d69e4617075f5a52a1b086ba",0,0,0,0,0,0,31,0
"2d332a68da71eea901f1ef6bdc820cda",0,0,0,0,0,0,354,0
"2d500731fe4ebc9eb8ddaaf54ddd819c",0,0,0,0,0,0,6,0
"304db63ff39123e82e6ee20f0f88eef1",0,0,0,0,0,0,12,0
"31a4714c6c97360bc3c4de861e724035",0,0,0,0,0,0,9,11
"34c5e07d6b3e044d9491e80bf7dca2b0",0,0,0,0,0,0,10,0
"34fa86c8cf3258ce7bbc2a687e7232bd",0,0,0,0,0,0,70,5
"357ae8f9c76907428a7ea58d7abaed95",0,0,0,0,0,0,58,0
"39f13a4fcae76d330cf8855bbc46013f",0,0,0,0,0,0,10,0
"3b9502937404134caabbb4e90ffbcdd8",0,0,0,0,0,0,3,0
"3bf4d02309b91feea073443ba5a32665",0,0,0,0,0,0,4,0
"3dc67c899286f572040f42e38ab8c909",0,0,0,0,0,0,150,43
"3e86dd0d4dc1688ef0e303019127ec0a",0,0,0,0,0,0,17,0
"4010b9f0b0c33a5deb390a1b81df573c",0,0,0,0,0,0,5,0
"411bdd61a2e58bf9f76a166b2fcbdda2",0,0,0,0,0,0,5,0
"41419a3fff82b71e858d045785e45ab5",0,0,0,0,0,0,14,0
"41dcce8c308ef307f72c2a2aaf1ff9d4",0,0,0,0,0,0,18,0
"43954e031d648528b663f3426df154a6",0,0,0,0,0,0,9,14
"44a63daa178b564c65b5cabdee761faa",0,0,0,0,0,0,15,0
"45c4e6c2ab6dd0a1ad03e781065ba2cb",0,0,0,0,0,0,7,0
"46b801b5cc504d497c87e32100fc46ca",0,0,0,0,0,0,18,0
"47e9514900b72c16a49276f36b2b825a",0,0,0,0,0,0,33,88
"49c1a88c57a3846ec09d0bca802bf168",0,0,0,0,0,0,63,0
"4a5fecec98319cbebfd43effe5c71605",0,0,0,0,0,0,25,0
"4b332447737f55f7d1d3f57c3679cced",0,0,0,0,0,0,49,0
"4d023c9fbe899c05ca5d6d212b7bf475",0,0,0,0,0,0,26,0
"4eccd55fe566b584d98e02742b9acf63",0,0,0,0,0,0,16,0
"5450e74d323fbbc19236cde08ced83c3",0,0,0,0,0,0,19,0
"549712bf9779bde2c836f0f995908ce6",0,0,0,0,0,0,4,0
"59d5432bc4a31b1a3a74f7792e57e35d",0,0,0,0,0,0,13,0
"5b65fdc3ca50faa77bbd4fa5523f910a",0,0,0,0,0,0,151,23
"5d1e7b54a191b3d1377eaa858252c7cb",0,0,0,0,0,0,9,0
"5d6332446995cd28eeca613c8c41d58c",0,0,0,0,0,0,182,0
"5eb2d674d8852e0c436c60d0d9d259bf",0,0,0,0,0,0,53,0
"5eed9740ce4560c18857692950356a50",0,0,0,0,0,0,10,0
"6278909b7c2f4fca4f2237250de35f1f",0,0,0,0,0,0,18,0
"62fd37c7f4ea9eacac329bddb3d3f23d",0,0,0,0,0,0,23,0
"632f23e4cb378345141065bf9cd7ada7",0,0,0,0,0,0,7,5
"6734b2990a20db73d3120e1131ef7f83",0,0,0,0,0,0,5,0
"681fed5c9b0eb4e9f46c176d763e4474",0,0,0,0,0,0,13,0
"68e162713923b1abc74a3b575ac4e734",0,0,0,0,0,0,8,0
"6d4594f6534ecaad15e70b20b762bb8d",0,0,0,0,0,0,66,31
"6e2eaffa74a9e1858c6edcf68d147c22",0,0,0,0,0,0,15,6
"707c6db213be64c10ed881b02042953b",0,0,0,0,0,0,10,0
"713c13acc57c9192aee8c5a0c948685c",0,0,0,0,0,0,23,0
"756ee3d940c5243c097aa0a72c491234",0,0,0,0,0,0,2,0
"78259ed0b95f9bc71ffea4fc1b5557f6",0,0,0,0,0,0,26,0
"799a318db31839cad58cf7930a96720b",0,0,0,0,0,0,42,0
"7a8cef6e64b382b09ebe397b0c4ced03",0,0,0,0,0,0,23,0
"7a9178907d51497751945ed6c6a74f21",0,0,0,0,0,0,6,0
"7ed2f9bacc3f7f89322b6481dcaa2517",0,0,0,0,0,0,57,0
"7fbc1d37944b366a937a62210e4767c6",0,0,0,0,0,0,13,14
"7fcb39f284c58d96ddd24c09a6f1f809",0,0,0,0,0,0,4,0
"800cf227267127e4be65601c09b2ee65",0,0,0,0,0,0,65,0
"848330fee9bd7361b25d499aa0b23c84",0,0,0,0,0,0,4,0
"8606c3c4c80ad6d42d39440d8bb8f6ff",0,0,0,0,0,0,6,0
"89d0c11dcb948666e96c662a2daa3f62",0,0,0,0,0,0,22,0
"8ce3513787192a9cb69678e1bf602c46",0,0,0,0,0,0,12,0
"8cfb49caf0650c3520efd851dfc29c02",0,0,0,0,0,0,164,0
"8e140371eb742ac1e7066f7f88a3b9fe",0,0,0,0,0,0,4,0
"8e19d8880c1908f6752c07a1bbe6ff1e",0,0,0,0,0,0,8,0
"91035b1ac2b6d7723746abbbfe0b5926",0,0,0,0,0,0,3,0
"920a5bda34733cad3c029f83e9ec827b",0,0,0,0,0,0,8,0
"948fec247dbf40cfb5915d71e925cb01",0,0,0,0,0,0,5,7
"95026a6d1d63eb7118aa0629d64aa587",0,0,0,0,0,0,31,0
"973291c965bc0b80cd6d8396cf159b1a",0,0,0,0,0,0,5,0
"979bcf05a9397ec82036f297ae533689",0,0,0,0,0,0,9,0
"982d27d85820a7060bb0144ff4a1909f",0,0,0,0,0,0,73,0
"997172ca75d0b1373dd5c07828ae714f",0,0,0,0,0,0,25,12
"99d629f4b4a4e3a51c75b02f0d89d4f4",0,0,0,0,0,0,276,0
"9a2aac3f8cf45ce11b3805ebed68dce3",0,0,0,0,0,0,86,0
"9de581e5558d4d3352f3685834f55dc8",0,0,0,0,0,0,6,0
"9ec6a1ce722e89e0ac039d63be3b3ccf",0,0,0,0,0,0,63,0
"a1f54ecb90b2959f7025f22e462b8f53",0,0,0,0,0,0,58,3
"a70a92f49b21117beb92a0224dae01d9",0,0,0,0,0,0,14,75
"a93d340ed2d93fccc5444dc8f7cb2013",0,0,0,0,0,0,16,5
"ab5e30fc0a42ef08781f53a3769de153",0,0,0,0,0,0,3,0
"ac9980982d0c2f3dea2a44f79e4f7965",0,0,0,0,0,0,11,0
"ad2cd1a525310b04f01a394d3bce46d3",0,0,0,0,0,0,9,0
"aebf1d277b40305614e35a48853cc5c8",0,0,0,0,0,0,15,0
"afe6eab7e1b048fd3b8299edce944a16",0,0,0,0,0,0,8,0
"aff9f8f033cb2774e375660c3f336d6a",0,0,0,0,0,0,21,74
"b077d9baa89e129a5731b982550262c4",0,0,0,0,0,0,39,0
"b082593bf0aff5157979ddfe55997c32",0,0,0,0,0,0,4,0
"b328d05145b2230e975cbeac00773ac6",0,0,0,0,0,0,50,15
"b4ac15825bf0fb5f9f971547b3378007",0,0,0,0,0,0,19,0
"b50d1945d4efa665157870bd953ec0f6",0,0,0,0,0,0,28,0
"b51a93c679edf2ca9e84df7363d871b5",0,0,0,0,0,0,26,0
"b6717bff66f3fe52bc276e53c304025b",0,0,0,0,0,0,21,0
"b6c5ded430b02be79e534abe8f2ac79c",0,0,0,0,0,0,42,0
"b7a7a32fd689c68e682da2e06c29f304",0,0,0,0,0,0,15,0
"b89a947cc00a4d30d28282dd71913763",0,0,0,0,0,0,17,0
"ba3dea37ca9d1281963632c6a38cd886",0,0,0,0,0,0,57,0
"bc6d45fd6973799c377809000ac5d077",0,0,0,0,0,0,20,0
"be285122a3c40c3947bf2e9ad5d1973a",0,0,0,0,0,0,31,0
"be6622fd8aad3e85adb6d2fb863d2755",0,0,0,0,0,0,2,0
"c0810ed933491a7fb551f3260da0236c",0,0,0,0,0,0,3,0
"c915ec331f659b9b654887ef9f6a2620",0,0,0,0,0,0,29,18
"ce88d71eebf20661c7a38156cffc7c86",0,0,0,0,0,0,32,29
"cf4897560726e5ec4a563f2831413e1a",0,0,0,0,0,0,18,3
"cf9a04996afb23e0e41eec9bfd034abc",0,0,0,0,0,0,7,0
"cfb438d0a2af39ad6dcfdf9ffb63bf94",0,0,0,0,0,0,20,0
"d09f2ff6333afa5046a4c217c45392d1",0,0,0,0,0,0,6,0
"d2a79e78b893e8797ddc62131228bdf3",0,0,0,0,0,0,3,0
"d2f9651d1669b23155b314232acfbd36",0,0,0,0,0,0,110,0
"d491e51718fecad07fd1ee505a8cd8bf",0,0,0,0,0,0,35,0
"d5473706c7035d81fb6f134aaf945a39",0,0,0,0,0,0,11,0
"d9006814132bf1872b02cef52b2872d9",0,0,0,0,0,0,37,25
"d978cd0bf563da9044aa3c526dbf822c",0,0,0,0,0,0,780,350
"db8d5c2b511ef4477a112ea9a4f51d84",0,0,0,0,0,0,8,0
"e3f564d3ebbeabcc1b602bdf5a4ee539",0,0,0,0,0,0,3,8
"e608779fc6e35a30e0731b9b262a003a",0,0,0,0,0,0,4,0
"e753174c73f2e20963ab24cdc18c8000",0,0,0,0,0,0,8,0
"f019e28a04129fb5db758f02a8d86bdd",0,0,0,0,0,0,89,0
"f0eea2f6a8c7bd8d5534a07454899aa4",0,0,0,0,0,0,30,38
"f465182002654ff9ca071fa5b2318d5d",0,0,0,0,0,0,2,0
"f83a417a5517360a4f8e1bee1510b894",0,0,0,0,0,0,7,0
"f860e31c9f331266b125ebfe1c6d728d",0,0,0,0,0,0,13,0
"f94a8562e77bb7095663842c6c5da04d",0,0,0,0,0,0,6,0
"f9c4e322293ffe0cf40d56d818382f04",0,0,0,0,0,0,8,0
"fa6fc17ce8c581375b925d4b7b330bb4",0,0,0,0,0,0,3,0
"fe92733e3f269247984034054260893a",0,0,0,0,0,0,59,0
"fee0fd7d306652bee01d47b539896659",0,0,0,0,0,0,444,148
"00f1deb46e98f0546e25e03c33042238",0,0,0,0,0,0,0,3
"01f342b8d610fed1846c9697ecc4a026",0,0,0,0,0,0,0,14
"03a0587ca414f235ef76dbf9106b5705",0,0,0,0,0,0,0,2
"04e35249575354dee9b73e0d61b3b697",0,0,0,0,0,0,0,13
"0828282b611d1a13696aa318825d1f60",0,0,0,0,0,0,0,45
"10be0cb362b0b8cb6a12daa736d1bf5d",0,0,0,0,0,0,0,4
"11e9a7445326e8aeedc1d75f0c8289d7",0,0,0,0,0,0,0,20
"190b257a33af457a45a13c8a9f5d73d7",0,0,0,0,0,0,0,6
"1b891056a510a4c7d8dddbc02345b04e",0,0,0,0,0,0,0,47
"1d414b5fbc37ab00cf2f8f15b2c5b041",0,0,0,0,0,0,0,25
"2155950a114c0a99b949c6ffcd5dccd6",0,0,0,0,0,0,0,13
"2541806104cd9a7658c8f40160c513d8",0,0,0,0,0,0,0,9
"2aad4adb90d73779442eee7df70cf9f0",0,0,0,0,0,0,0,2
"2bed057580b62ad9e37c2f5493042036",0,0,0,0,0,0,0,18
"34b6f7c1003eb4363342ce48a4fa9a95",0,0,0,0,0,0,0,10
"34df589cd82ebf8de35409c5ecccaebf",0,0,0,0,0,0,0,24
"35f0d210287c541ac2fafaeda7b74bce",0,0,0,0,0,0,0,8
"39b993ae57b83dbae39527f46d1741e7",0,0,0,0,0,0,0,12
"44a5635b7c9337c8cabbfc9664699d84",0,0,0,0,0,0,0,50
"46a9855159ff7c5cd13c8fe2236d218a",0,0,0,0,0,0,0,15
"4c673a45f16b18646e1f32e51c9cb7a6",0,0,0,0,0,0,0,4
"4d6f6042727f47aa5a97730ce0d31a3c",0,0,0,0,0,0,0,3
"51da21ea3dd4fdbb020c98392667e118",0,0,0,0,0,0,0,66
"538f333e4aff08bc50500fd3e375448c",0,0,0,0,0,0,0,50
"6b7d93d014b47abff72d28a3db5bd9ae",0,0,0,0,0,0,0,40
"6c8dd68c297e1ef08b7a8d1150556343",0,0,0,0,0,0,0,69
"786ecddb109286e3414ef32d83653ca2",0,0,0,0,0,0,0,18
"7fa37f4fd67db038007e17c0cf068346",0,0,0,0,0,0,0,11
"84a72294ca38752e4d6ea06821677605",0,0,0,0,0,0,0,98
"85a23d89c72e1fa70db2ab96c0f67541",0,0,0,0,0,0,0,2
"86b529a8e3bd3e9590097980c7f9a2fb",0,0,0,0,0,0,0,4
"8f02ade960d8a734c20a161a810bae59",0,0,0,0,0,0,0,69
"a42469960f5d1959618fb4d0a7f74c68",0,0,0,0,0,0,0,3
"a57fd5a7dda5057b520368d492f887bd",0,0,0,0,0,0,0,36
"a6865a10204a3f16ad9de4640227d6e9",0,0,0,0,0,0,0,14
"a9caaa6ef8c27cdabc21d48a3b7672e3",0,0,0,0,0,0,0,10
"ae3554149544a723d8bd7832b4a56ae3",0,0,0,0,0,0,0,3
"ae3e72b5a311c24bb01ffc87b7cbefd3",0,0,0,0,0,0,0,24
"c25bb056bc8adbf7517a11f609537eb8",0,0,0,0,0,0,0,21
"c6b8ad3a0bcadc867281afcb96bd1941",0,0,0,0,0,0,0,16
"c6c9d0eddea4f44ffe34999ab204c32e",0,0,0,0,0,0,0,259
"cac9b9d420765137d59d7c955fc297ed",0,0,0,0,0,0,0,33
"cb01bb6ed430ebf5b55e2958b908c53d",0,0,0,0,0,0,0,8
"ccda40a1549737b8482dc128f282beeb",0,0,0,0,0,0,0,20
"ce8848ea4e7ffe3791fcfa9dec96ad58",0,0,0,0,0,0,0,14
"d48258eb308c18d87e05934fc82a2a1d",0,0,0,0,0,0,0,13
"e4acc57b564cc0e43acb2e7ff52d9932",0,0,0,0,0,0,0,32
"e52616cb43e8c4c25df816bccf4a7c7a",0,0,0,0,0,0,0,11
"e6f494e2f27b15f8a957dc66e3e68dfa",0,0,0,0,0,0,0,26
"ea38b33c9d401486736b68981bb28bce",0,0,0,0,0,0,0,3
"ed7b77794ddf0c0da92330f0a64bc4f9",0,0,0,0,0,0,0,3
"edd45fec2186ac134dd64ac54bc50f7f",0,0,0,0,0,0,0,28
"f507c29d8a6a4fa45eedee322d97720f",0,0,0,0,0,0,0,20
"f74c4f5d759b5563aa6b442ac2aa53d9",0,0,0,0,0,0,0,69
"fbd9d46957829b8927b385a2438e26df",0,0,0,0,0,0,0,5
"fd5eb38607297fff23f7d3be7b0e4f4b",0,0,0,0,0,0,0,5
"ff72afa52ec0448dadd8f64848294c8f",0,0,0,0,0,0,0,4
