"ASV_hash","Station_1","Station_12","Station_14","Station_2","Station_20","Station_22","Station_24","Station_25","Station_27","Station_3","Station_30","Station_33","Station_35","Station_38","Station_4","Station_9"
"04bb4879ae86944b8984acaabc6967cb",43,0,44,0,0,0,46,0,0,0,0,0,0,47,0,32
"12531edb01e8f87a9551369410364b4c",8,0,0,0,0,0,0,0,0,0,0,0,0,0,0,0
"203961820c4ca01e32f937603129c2a5",8,0,6,0,0,0,0,0,0,0,0,0,0,8,0,0
"2103d47eb972e09e56ce313418f80dd2",44,6,10,13,0,0,0,4,12,25,3,8,0,9,17,26
"2511f5954f3ad13e49fbe9af563fec54",62,0,0,0,0,0,0,0,0,0,0,0,0,0,0,0
"25406317b88e6e66c2cb3caa4a12b955",34,0,0,23,0,0,0,0,0,9,7,3,0,7,12,29
"255edeb9f22578ec3e9ec0669bffe47a",15,0,0,0,0,0,0,0,0,0,0,0,0,0,0,0
"2bd78d319605af225f3fe23f65b7a4f6",39,0,60,0,80,114,53,78,104,93,0,47,0,90,53,35
"30a6c4b3119db2c38e80cd632cd5bba5",3,13,7,4,4,0,6,0,10,0,12,8,0,10,0,0
"31004641b09063f00d07b93ffb7d5d22",7,0,0,0,0,0,0,0,0,0,0,0,0,0,0,0
"312d784f3afa99e6e275c6274bb18fc7",3,0,0,0,0,0,0,0,0,0,0,0,0,0,0,0
"315d41db68712ab931074215be118837",26,0,0,0,0,0,0,0,0,0,0,0,0,0,0,0
"34fce6e925975e17a26266523836c8cc",10,0,0,0,0,0,0,0,0,0,0,0,0,0,0,0
"3a5a1f9653dbf0a62053d73b524f65cf",5,0,0,0,0,0,0,0,0,0,0,0,0,0,0,0
"3b5b8e8a3cbaa5e23e35b588dc2af880",3,0,0,0,0,0,0,0,0,0,0,0,0,0,0,0
"473b2cb83f5bab191bd122bacded9ece",25,0,0,10,0,0,0,0,0,11,0,0,0,0,11,34
"4b63faf022e3195f58803afb78777236",22,0,0,0,0,0,0,0,0,0,0,0,0,21,0,0
"4e135be9cafe3aa04e6101dbc7f6e553",3,0,4,0,0,0,0,0,0,0,0,0,0,0,0,0
"52fcf46c2895ab2b8a90f2ccde994f44",14,0,0,0,0,0,0,0,0,0,0,0,0,0,0,0
"5460b418cb5aa0ed6c1a4b91e42b17be",9,0,0,0,0,0,0,0,0,0,0,0,0,0,0,20
"5928aaf2fcb6a32c1e3f878cdca17fe6",5,0,0,0,0,0,0,0,0,0,0,0,0,0,0,0
"5d23b18722606e31c8a0a5f2bf2a1240",3,0,0,0,0,0,0,0,0,0,0,0,0,0,0,0
"6dc48a2b6237422c971e1f7a20da4eee",43,0,0,0,0,0,0,0,0,0,0,0,0,0,0,0
"6f7d7b1642ab5086f89204ea566c2c2b",34,0,0,0,0,0,0,0,0,0,0,0,0,0,0,0
"715f795b2fb54b6aa78aecd0133d2c97",4,3,0,0,13,0,18,0,0,0,0,0,0,0,0,16
"7825573aa8e9e71181c822368a9bc89a",5,0,0,0,0,0,0,0,0,0,0,0,0,0,0,0
"7a114a07454ea81f6ee15d973db8d360",7,0,0,0,0,0,0,0,0,0,0,0,0,0,0,0
"7ea4fda60db7da19d003e6e4335270e9",7,0,0,0,0,0,0,0,0,0,0,0,0,0,0,0
"86917e711bff0e57728f8dddc07f92e0",10,5,0,0,4,0,0,0,0,0,6,4,0,16,0,0
"8e9e02f039ac6e45ddfd3217829128bf",17,0,0,0,0,0,0,0,0,0,0,0,0,0,0,0
"92dcce833e04baaedd93fe757feeac97",7,0,0,0,0,0,0,0,0,0,0,0,0,0,0,0
"94dce64128228f1f551df0b765c354a8",8,0,0,0,0,0,0,0,0,0,0,0,0,0,0,0
"9925bd900c1952e931aa2e683876f8e6",58,0,0,0,0,0,0,0,0,0,0,0,0,0,0,0
"a7b197e43e28a3cc0ca1d147cf4b31ec",67,0,0,4,0,0,0,0,0,10,0,0,0,0,0,0
"b2c11ed6507509a475fbb57da7c36b48",7,0,0,0,0,0,0,0,0,0,0,3,0,0,6,8
"b4b51e28dd55faa0b8a61edb835687a8",29,0,0,0,0,0,0,0,0,0,0,0,0,0,0,0
"b69f7a4624378efa9c2072684958cbe6",2,0,0,0,0,0,0,0,0,0,0,0,0,0,0,0
"bda634596eca5918724f01957d01727f",3,0,0,0,0,0,0,0,4,0,0,0,0,0,0,0
"be6b994db809ae4298eeb54ad7636d9d",27,26,30,32,21,0,0,16,0,0,0,21,30,30,23,0
"c22c784d9cfa4001e536e450551d6374",14,0,0,0,0,0,0,0,0,0,0,0,0,0,0,0
"c934aa2789c86511ddb122cc93325058",63,0,0,0,0,0,0,0,0,13,0,0,0,0,0,0
"cb5acb4b8c673193c0ec1c4a88102cd7",5,0,0,0,0,0,0,0,0,0,0,0,0,0,0,0
"d518ab9f56774d3e6b287ea597f77abe",169,0,0,0,0,0,0,0,0,0,0,0,0,0,0,0
"d5a1276c598decd2f5c8de36c17664e1",4,0,0,0,0,0,0,0,0,0,0,0,0,0,0,0
"d5eaa389f526e5d0c71a609c0ffba28f",16,0,0,14,0,0,0,0,0,0,0,0,0,0,0,0
"d92cb312f473896a4aa4f2936556ed9c",3,0,0,0,0,0,0,0,0,0,0,0,0,0,0,0
"da7860c2a58e2a1c4695228366a86244",32,0,0,0,0,0,0,0,0,0,0,0,0,0,0,15
"df1d544fb865755b0e94bac7e3a2afcf",11,0,0,0,0,0,0,0,0,0,0,0,0,0,0,0
"df696563696b689abe85a396d13b600c",3,0,0,0,0,0,0,0,0,0,0,0,0,0,0,0
"e0c78bcbe8a46a974c09b8b5e44ca7cf",7,0,0,0,0,0,0,0,0,0,0,0,0,0,0,0
"e5b6c7b16770519bc6002b1c047408fb",7,0,0,0,0,0,0,0,0,0,0,0,0,0,0,0
"e7d8e5a01f7ba103cb0e5e94d89409cc",1221,0,0,0,0,0,0,0,0,0,0,0,0,0,0,0
"e82f84c429a45fe5dd8e81b2d921e04d",5,0,0,12,0,0,0,0,0,0,0,0,0,6,9,10
"e94d320ee4aa7004769b484db88faa6b",14,0,0,0,0,0,0,0,0,0,0,0,0,0,0,0
"ea9887ddf4348d74f8b8edc33fd08a95",23,0,0,0,0,0,0,0,0,0,0,0,0,0,0,0
"f0dcb9fbc3d3f9a954f3c7d13b7dd85b",3,0,4,0,0,0,0,4,0,0,6,0,0,0,6,0
"f45376e50ee63ff8683b1b0b6400ae20",4,0,0,0,0,0,0,0,0,0,0,0,0,0,0,0
"f6a9d6bc475e2c5f88390d96c68c3c32",14,0,0,0,0,0,0,0,0,0,0,0,0,0,0,0
"faad9cd4d05a1d34efc9b13dfa8e16f9",7,0,0,0,0,0,0,0,0,0,0,0,0,0,0,0
"fc3642efcc1ad80187fd56078f686b5d",26,0,0,0,0,0,0,0,0,0,0,0,0,0,0,0
"fed7ee51557b33acfbb9c1762118ef9a",7,0,0,0,0,0,0,0,0,0,0,0,0,0,0,0
"02844e36bfee71a127da3fed7d8be4c4",0,9,15,27,0,0,7,0,0,12,7,0,0,34,10,16
"055ae88987890faf68df7ae2e85c58d9",0,13,0,0,0,0,0,0,0,0,0,0,0,0,0,0
"05e5d65e380c063c3fdcc7c69ff04a35",0,4,0,0,0,0,0,0,0,0,0,0,0,0,0,0
"07f1d379c77c2ea5f3def93d525fd27e",0,5,0,0,0,0,0,0,0,0,0,0,0,0,0,0
"08e4cbfa6c172578555d6dff7f0fd223",0,4,0,0,0,0,0,0,0,0,0,0,0,0,0,0
"15dd5a6abec9acdb0014414c8168d0d3",0,3,0,0,0,0,0,0,0,0,0,0,0,0,0,0
"15e6ddf7df96b0304574ef310ef02da2",0,9,0,0,0,0,0,0,0,0,4,0,0,0,0,0
"1763013abf58682523843a8638ee027f",0,27,23,0,0,0,0,0,0,0,0,0,20,44,0,0
"347c038d597789cdbb18790e1b4d4d8a",0,3,0,0,4,0,0,0,0,0,0,0,0,0,0,0
"492083dc7bebbc04a27c919b513f5080",0,10,25,0,0,0,0,0,0,0,0,0,0,0,0,0
"5c53c9bdd066c43291c58ec8523c6cf7",0,3,0,0,0,0,0,0,0,0,0,0,0,0,0,0
"5ca97e22baeda04ce07b9ad0b1ad8022",0,294,0,0,0,0,0,0,0,0,0,0,0,0,0,0
"5cd9834666581f6d71753b63c2faa05a",0,8,0,0,0,0,0,0,4,0,0,0,0,0,0,0
"6177a5e82efbbfee92dcabadb4df28f9",0,12,0,0,0,0,0,0,0,0,0,0,0,0,0,0
"64b7934453929e195503ee0c0c9cd54b",0,2,5,2,0,0,0,0,2,0,0,0,5,4,0,0
"6b7bb775bb2db26ab84c425008b57c10",0,7,0,0,0,0,0,0,0,0,0,0,5,0,0,0
"6df175f3c6cd95632276c8d2e8e14955",0,21,0,0,0,0,0,0,0,0,0,0,0,0,0,0
"750aa8ae079867edc31d5618f84c890b",0,45,56,27,17,11,40,31,45,14,33,53,42,68,0,55
"76fc4269fa0e76104568be7d72d15105",0,128,0,0,0,0,0,0,0,0,0,0,0,0,0,0
"8039e0880ef1a50dbabe19b6b7397ca7",0,15,0,0,0,0,0,0,13,0,0,0,0,0,0,0
"9cd204b97eb84b98145930f67635ddc6",0,8,12,0,4,0,6,0,12,0,0,8,0,6,6,0
"a28ddde40cb9fac545378d99dc7cb855",0,4,0,0,0,0,0,0,0,0,0,0,0,0,0,0
"a4bbf321b62347b786db54851177ca16",0,13,0,0,6,0,0,0,0,7,0,0,10,20,0,13
"a777ecb221fdce017be265db4dacf0f0",0,2,0,0,0,0,0,0,0,0,0,0,0,0,0,0
"b6aea8f2f15a242d50940ccd3b51c12a",0,5,12,0,0,0,0,0,11,0,10,0,18,22,0,10
"bd6456aa1714bdb73cb878a5be55a466",0,3,0,0,0,0,0,0,0,0,0,0,0,0,0,0
"bdef40253b51de6e3a02a3c09cf28663",0,13,15,0,0,0,0,0,5,0,0,0,17,26,0,27
"cd2ba75957bcacf6ee73be135d45a709",0,7,0,0,0,0,0,0,11,0,4,5,0,0,0,0
"ce9302f61ff41258fab7126404e60b07",0,13,0,0,0,0,0,0,0,0,0,0,11,24,0,0
"d0cc7c0cf4535f090849792d5e028b3e",0,11,18,0,0,0,0,0,0,0,0,0,0,0,0,0
"d67a243f38a87b91a9e83ded05c92721",0,4,0,0,0,0,0,0,0,0,0,0,0,0,0,0
"d740b6553dfd44521bc26bb60edb16ce",0,9,0,13,0,0,10,0,0,0,0,11,0,14,0,0
"dc7a2caf1b761b17cbd869c02f679867",0,14,20,0,0,0,17,0,0,0,22,0,19,0,0,0
"dd8cfc2696fdcf0859150946a7eded86",0,10,12,0,0,0,0,0,0,0,0,0,0,0,0,0
"de085e9e86bd9a565c6c516c862a8a30",0,19,35,0,9,0,0,0,12,0,12,0,14,25,0,0
"e24a6b3022f9de6be2ecd0d449610fed",0,20,0,0,0,0,0,0,0,0,0,0,0,25,0,0
"ecf14f4e5dcf2014f5200c03abadd726",0,5,0,0,0,0,0,0,0,0,0,0,0,0,0,0
"f4c898ae31a347f48be36385b994efaa",0,3,0,0,0,0,0,0,0,0,0,0,0,0,0,10
"01490db0357d694ce4f65e73f90b2b55",0,0,2,0,0,0,0,0,0,0,0,0,0,0,0,0
"0251fb1fd036b23a4e0de37cadeaf0b6",0,0,9,0,0,0,0,0,0,0,0,0,0,0,0,23
"03f5ef76a5a72c709cfbc548bef7046d",0,0,33,11,0,0,0,20,0,0,0,0,0,0,0,10
"099f469b1ac614fd72a986bb48121ac2",0,0,5,0,0,0,0,0,0,0,0,0,0,0,0,0
"125d36f7f7ebccbafcd934ef3551f17e",0,0,14,0,0,0,0,0,0,0,0,0,0,0,0,0
"1372fdf46e20b8f1b48159d6f436a522",0,0,12,0,11,0,0,0,0,6,0,0,10,19,10,0
"15b4e28e2e78e651ff42b1c6c4e7fb5c",0,0,43,0,0,0,0,0,0,0,0,0,0,0,39,0
"20474760ece4cbde53eb395206c1792f",0,0,14,0,0,0,0,0,0,0,0,0,0,0,0,0
"206bd9605a94e3d90af8074cf52b7f51",0,0,3,0,0,0,0,0,0,0,0,0,0,0,0,0
"2298f11429acd27855575698db161172",0,0,6,0,0,0,0,0,0,0,0,0,0,0,0,0
"27449c3c102697ceba30e41be740dd34",0,0,8,0,0,0,0,0,0,0,0,0,0,0,0,0
"289ad5c58063d28e35d4c17c69802d1e",0,0,8,14,4,0,0,0,0,0,0,0,0,0,0,15
"294d044411ef66282ae75ce078b70acb",0,0,8,0,0,0,0,0,0,0,0,0,0,0,0,0
"33ab6c4afea41c66e46dda29f24d9302",0,0,7,0,0,0,0,0,0,0,0,0,0,0,0,0
"383d1b3a7addddcbe98bb8b1867754f2",0,0,3,0,0,0,0,0,0,0,0,0,24,0,18,0
"3fb182d5fcbd98a34bcc896218cbe212",0,0,8,0,0,0,0,0,0,0,0,0,0,0,0,0
"428fdff16e960ac80c7adbea7cfd9ed2",0,0,3,9,0,0,0,0,0,0,0,0,0,0,0,0
"42d2f68f33dc334f77d13b7df03307fe",0,0,2,0,0,0,0,0,0,0,0,0,0,7,0,0
"437fa67cfd3aead9225a05bdb404c37d",0,0,12,0,0,0,0,0,0,0,0,0,0,0,0,0
"55f524ab213259e8af9bf5e8c8e053e1",0,0,2,0,0,0,3,0,0,0,0,0,0,0,0,0
"5ad8b05d14549c1a2aa6d0e230c627f6",0,0,7,0,0,0,8,0,0,0,0,5,0,0,0,7
"5be02ec5131c321d4b03fd7cfcab01e9",0,0,4,0,0,0,0,0,0,0,0,0,0,0,0,0
"6087c4e74c59eaae9dcd58a1cb9d301d",0,0,30,4,0,0,0,0,0,0,0,0,0,0,0,35
"66bdd3c94b3b8a67626c85aa1bf27dc2",0,0,73,0,0,0,0,0,0,0,0,0,0,41,0,0
"6b9d41aaa57da2edc15fda9551e99fe5",0,0,10,0,0,0,0,0,0,0,0,0,0,0,0,0
"6cf1910034583c319c18acf595a75013",0,0,89,0,0,0,84,0,0,0,0,0,0,0,0,0
"6d7fe285d7c38f5657ed922821cce45f",0,0,14,14,4,0,0,0,0,0,0,0,0,8,0,0
"7864b65b8a4651423885a958c4836773",0,0,25,0,0,0,0,0,0,0,0,0,0,0,0,0
"794165db8c3b7e63d613e1cdd52a11d5",0,0,3,7,0,0,2,0,0,0,0,7,0,5,4,12
"7be0059b2e1487016b5c543cfa6dbd74",0,0,30,0,7,5,0,0,0,0,0,0,0,0,0,0
"8be11993fc9aa8086201bbcbb5324eb3",0,0,16,0,0,0,0,0,0,0,0,0,8,0,0,8
"963550282dbec203453a41a7b5ca96f8",0,0,6,0,0,0,0,7,0,0,0,0,0,0,0,0
"97568989e5c6dfdeb0c5cdf147818e59",0,0,67,0,0,133,0,0,0,0,0,0,0,0,0,0
"a253b862cf7791c9c2bb94e865b775b9",0,0,28,0,0,0,0,0,0,0,0,0,7,0,0,18
"a59cc42d97a8c37ca13e37e8d2ba5a90",0,0,9,0,0,0,0,0,0,0,0,0,0,0,0,0
"a796e668be4fb1fd0bc962c81765a2dd",0,0,3,0,0,0,14,0,0,0,0,0,0,0,0,0
"ad30d9245798712a26bed67404b9500f",0,0,7,0,0,0,0,0,0,0,0,0,0,3,0,0
"b4577d1964d684d7ac20193e52985ed9",0,0,21,0,0,0,0,0,0,0,0,0,0,0,8,0
"b7ec5344b7ce2d899646591a215a8b48",0,0,51,0,0,0,0,0,0,0,0,0,0,0,0,0
"b89134732e183978d3825e3197891fd4",0,0,2,0,0,0,0,0,0,0,0,0,0,0,0,0
"beec05950c5b203d5b4ba494337ffffc",0,0,7,0,0,0,0,0,0,0,0,5,0,0,0,0
"c74d2c2309188c7c2ab9651713d8051f",0,0,4,0,0,0,0,0,0,0,0,0,0,0,0,0
"d94b70c632b78242b98d38fee06f7515",0,0,2,0,0,0,0,0,0,0,0,0,0,0,0,0
"e0d0d86a1245c347ff50e0a0872dcc0c",0,0,4,0,0,0,0,0,0,0,0,0,0,0,0,0
"e4af7f2eff5dd0f124848b8fe76f41a0",0,0,11,0,0,0,0,0,0,0,0,0,0,0,0,0
"e7de8f5ba266a89ea1f3453ca6c6ca24",0,0,19,0,0,0,0,0,0,0,0,0,0,0,0,0
"e88ea605dde49a2de64e73d38f156a04",0,0,6,0,0,0,0,0,0,0,0,0,0,0,0,0
"e9df746ee9507148d80e0a6b4c2fa408",0,0,16,0,0,0,0,0,0,0,0,0,0,0,0,0
"ec9b689af95bfc1f8e69edf04061aae4",0,0,10,0,0,0,0,0,0,0,0,0,0,0,4,0
"ed5d47a1f5ce2e5c75a3557d1561f9b8",0,0,13,0,11,0,19,5,0,0,6,0,11,0,0,0
"f16f2e832688fc459a38b7cb46a7ee06",0,0,7,0,0,0,0,0,0,0,0,0,0,0,0,0
"f231ef4ee2e23283b416bed85b4762a0",0,0,4,0,0,0,0,0,0,0,0,0,0,0,0,0
"f3064aa669c813828362687adf672673",0,0,4,4,0,0,0,0,0,0,0,0,0,6,8,0
"f7f9ef30ca777e975ebb0016fe73f972",0,0,15,0,7,0,0,0,0,0,0,0,0,0,0,0
"f860e31c9f331266b125ebfe1c6d728d",0,0,19,0,0,0,0,0,0,0,0,0,0,0,0,0
"fe8d7422be43f27110b636c267d01fab",0,0,4,0,0,0,0,0,5,0,0,0,0,0,0,0
"fecce13756547103ed5cb874b8d476bf",0,0,3,0,0,0,3,0,0,0,0,0,0,0,0,0
"ffc41fdb0b741c0a417b54b472821b2d",0,0,2,0,0,0,0,0,0,0,0,0,0,0,0,0
"08cdcb720f7137cf2a09d4d5704558aa",0,0,0,3,0,0,0,0,0,0,0,0,0,0,0,0
"0a503d897e5f69449125db2561ce5c49",0,0,0,6,0,0,0,0,0,0,4,6,6,0,0,0
"1af82836b76bafcb5c93ec82c7ef68cb",0,0,0,91,80,0,0,68,81,0,0,44,0,0,0,0
"21a8d063f8551e35f7e56584386754b0",0,0,0,12,0,0,0,0,0,0,0,0,0,0,0,0
"2a9a341ddee9daf36db96927ec4b18fd",0,0,0,11,0,0,0,0,0,0,0,0,0,0,0,0
"3005195af53c007dbcb97f91f55ed6be",0,0,0,7,0,0,0,0,0,0,0,0,0,0,0,0
"303e4fa4990528f9f9d37364dd1318ba",0,0,0,3,16,0,7,0,0,0,0,0,0,0,0,0
"30c614adb3174bfe00e0d441dc685826",0,0,0,9,0,0,0,0,0,0,0,0,0,0,0,9
"38804732e316bb314b0bfb07e90334e3",0,0,0,18,0,0,0,0,0,0,0,0,0,0,0,0
"3928d98416bb287db23054cdfe80a9e4",0,0,0,2,0,0,0,0,0,0,0,0,0,0,0,0
"3c275e34e72aa375ff24a720afc41d3f",0,0,0,14,0,0,0,0,0,0,0,0,0,0,0,0
"402cc8859868dbc873686fdf6362fe3b",0,0,0,3,0,0,0,0,0,0,0,0,0,0,0,0
"43d9624d68344e220ba5efa26f685ffa",0,0,0,25,0,0,0,0,0,0,0,0,0,0,0,10
"4b8d22232cd8843e718b8d15a6baa45c",0,0,0,2,0,0,0,0,0,0,0,0,0,0,0,0
"4c6eec9b3f93e84a0e90aedba401b094",0,0,0,2,0,0,0,0,0,0,0,0,0,0,0,0
"4d95cf777ad3e4a6605d2406d6512d29",0,0,0,3,0,0,0,0,0,0,0,0,0,0,0,0
"53e38a88b59c3bd638af88e39ed67703",0,0,0,7,0,0,0,0,0,0,0,0,0,0,4,0
"56a590539525a65acc2476c5098678d2",0,0,0,23,0,0,0,0,0,13,0,0,0,43,0,0
"58624dd7811a1fdc4382f17eebd0912e",0,0,0,9,0,0,0,0,0,0,0,0,0,0,0,0
"5bf67167adf6064ae453451deba530f3",0,0,0,6,0,0,0,0,0,0,0,0,0,0,0,0
"5c968b591f71b4be67166dca8a40ba12",0,0,0,15,0,0,0,0,0,0,0,0,0,0,0,0
"5e7e7fff1d2214e5e0fe6736dd3f2521",0,0,0,2,0,0,0,0,0,0,0,0,0,0,0,0
"5edb4a73e5e971df5a0a4ff3f8f30a2d",0,0,0,2,0,0,0,0,0,0,0,0,0,0,0,0
"618d17a400cfba31beb707946febc257",0,0,0,3,0,0,0,0,0,0,0,0,0,0,0,0
"6c3ad8fdea4d149f322797a0e5d2284f",0,0,0,2,0,0,0,0,0,0,0,0,0,0,0,0
"6d7a6d0a4ec038fe9f267aee125f001e",0,0,0,5,0,0,0,0,0,0,0,0,0,0,0,0
"71210056dbfeb860ffe5ffdb1f6decf9",0,0,0,8,0,0,0,0,0,0,0,0,0,0,0,0
"73175e135cd527e1b4e2c9404eb69791",0,0,0,7,0,0,0,0,3,0,0,0,0,0,4,3
"87aa5a7d340d2aa18e2333a6c0d1879b",0,0,0,3,0,0,0,0,0,0,0,0,0,0,0,0
"8962a746f92b07877944537901b0b9f8",0,0,0,9,0,0,0,0,0,0,0,0,0,0,0,5
"8cbe79099d9b597472f51b9bac28c786",0,0,0,6,0,0,0,0,0,0,0,0,0,0,0,0
"9053b62695f18b3f250170276df130ed",0,0,0,11,0,0,0,0,0,0,0,0,0,0,0,0
"986de915734c9b10a461988e5edcd169",0,0,0,70,0,0,0,0,0,0,0,0,0,0,0,0
"9da0db375b4cbe1705b60eb261f9488b",0,0,0,1186,0,0,0,0,0,0,0,0,0,0,0,0
"a1478f5e2425ee98f1712a2e87f8381b",0,0,0,4,0,0,0,0,0,0,0,0,0,0,0,0
"a309f51dbeb386ceb59d256c5ac9e52d",0,0,0,17,0,0,0,0,0,0,0,0,0,0,0,0
"a5046f52186b09d2976590d1856b1e1d",0,0,0,4,0,0,0,0,0,0,0,0,0,0,0,0
"a85b37aacae9fd1390aded496e5be3f0",0,0,0,4,0,0,0,0,0,0,0,0,0,0,0,0
"aa021858c7b333e84176b72f20a27e0f",0,0,0,9,0,0,0,0,0,0,0,0,0,0,0,0
"b5fcea9f075e3a92bba10eb641d68f49",0,0,0,6,0,0,0,0,0,0,0,0,0,0,0,0
"b9d68bee8dbc0d77cedc7ed4cbcd4b2f",0,0,0,4,0,0,0,0,0,0,0,0,0,0,0,0
"ba8b6899674ebe1b49ac20933a4b29c1",0,0,0,21,0,0,0,0,0,0,0,0,0,0,0,0
"bb34f9e5c27714414006cd5953eb70a3",0,0,0,8,0,0,0,0,0,0,0,0,0,0,0,0
"bc63b40ded854a385d47328f0a82a814",0,0,0,77,0,0,0,0,0,0,0,0,17,21,0,0
"bd162643bed654344f9ce94ed45e99b7",0,0,0,20,0,0,0,0,0,0,0,0,0,0,0,0
"c17dca315e99cdc9e805e4e2c0244fab",0,0,0,13,0,0,0,0,0,8,0,0,0,0,0,0
"c4a6d307aff09ba4aa7bf8cb753a3f3f",0,0,0,4,0,0,0,0,0,0,0,0,0,0,0,0
"c925cdea3493fb1d521c58a3ea66bad2",0,0,0,22,0,0,0,0,0,0,0,0,0,0,0,0
"c9e9a1d265ca196813995b4210fa5ab8",0,0,0,36,0,0,0,0,0,0,0,0,13,0,0,0
"cc1cef5a9c354cef435a9675dcc7e647",0,0,0,7,0,0,0,0,0,0,0,0,0,11,0,0
"cd74ef380d5bbfdd55d136d0d5e77362",0,0,0,9,0,0,0,0,0,0,0,0,0,0,0,0
"d1873939021522112deac7239e4854dc",0,0,0,4,0,0,0,0,0,0,0,0,0,0,0,0
"d813de6a95e429529c6e5018376145d6",0,0,0,3,0,0,0,0,0,0,0,0,0,0,0,0
"d8c5a351204c2103878ad482636fa2d6",0,0,0,30,0,0,0,0,0,0,0,0,0,0,0,0
"da2a3f6ffd338a73571e4bcac67c68e1",0,0,0,2,0,0,0,0,0,0,0,0,0,0,0,0
"db73a4f0bfafb1802af3f27cab791a47",0,0,0,21,0,0,0,0,0,0,0,0,0,0,0,0
"e1530055362dd369359790c454ccf812",0,0,0,3,0,0,0,0,0,0,0,0,0,0,0,0
"e3a92f3375cf13cd7f0c35f662a32980",0,0,0,3,0,0,0,0,0,0,0,0,0,0,0,0
"eeb13f452b71e621f25e26d589b06a52",0,0,0,11,0,0,0,0,0,0,0,0,0,0,0,0
"f2f087da76dc1dc2e256076eb671964b",0,0,0,53,0,0,0,0,0,0,0,0,0,0,0,0
"fc46fef1a46ab993a1274d73b5a75409",0,0,0,4,0,0,0,0,0,0,0,0,0,0,0,0
"ff81eb30877b1470492371a4c75a3621",0,0,0,22,0,0,0,0,0,0,0,0,0,0,0,0
"ff9ed165c4c162854f6f38de9720e505",0,0,0,2,0,0,0,0,0,0,0,0,0,5,0,0
"0fad9bb75cf6cfebe759e839c0d0066b",0,0,0,0,22,0,0,0,0,0,0,0,0,49,0,0
"1c4d7ddd00719d96b960c4e16c309a2e",0,0,0,0,25,0,0,0,0,0,0,0,0,0,0,0
"504281732fddae10c812ff91d6fe1b09",0,0,0,0,7,0,0,0,0,0,0,0,0,0,0,0
"df94c2c0577e0373ca3907be825ce445",0,0,0,0,4,0,0,0,0,0,0,4,0,15,0,0
"6806ba1a4b47733d435d9e411b99715b",0,0,0,0,0,2,0,0,0,0,0,0,0,0,0,0
"84092aff5181887a1bca0e49e219d3bf",0,0,0,0,0,2,0,0,0,0,0,0,0,0,0,0
"dac491346912fa89ffff65876682991e",0,0,0,0,0,10,0,0,0,0,0,0,0,0,0,0
"160e3bbb57a5862403299610d8ef7146",0,0,0,0,0,0,77,0,0,0,0,0,0,0,0,0
"19d3235c8a64d00d615063ed11a80cf1",0,0,0,0,0,0,8,0,0,0,0,0,0,0,0,0
"1c4df54441b051e972fd91a48e63bc7b",0,0,0,0,0,0,3,0,0,0,0,0,0,0,0,0
"2d3254af8f4428892e73720c5e1764fe",0,0,0,0,0,0,36,0,0,0,0,0,0,0,0,0
"35aad80bede0cd76d9d3f0f1b75dd991",0,0,0,0,0,0,15,0,0,3,0,0,0,0,0,0
"3aa269999723ab805822458ca947f482",0,0,0,0,0,0,28,0,0,0,28,0,0,0,0,0
"41088c678c3746a0dd560a90eb0c5f45",0,0,0,0,0,0,7,0,0,0,0,0,0,7,0,0
"419994c1abac43a704a9771392fc9a5a",0,0,0,0,0,0,2,0,0,0,0,0,0,0,0,0
"52da273a3e26eb517441e61846f1bef1",0,0,0,0,0,0,10,0,0,0,0,0,0,0,0,0
"58d08eea16f629de2595dad26e3bb1d6",0,0,0,0,0,0,2,0,0,0,0,0,0,0,0,0
"5ce34a78d3c11ca84001dd2b3e421739",0,0,0,0,0,0,8,0,0,0,0,15,0,0,0,0
"64693f9e450251d63fb7212b560c32fc",0,0,0,0,0,0,6,0,0,0,0,5,0,0,0,0
"74d522b2be460cc30791d8c76c2f19bb",0,0,0,0,0,0,3,0,0,0,0,0,0,0,0,0
"7532bdd29f61b1bb6d96927818bb5523",0,0,0,0,0,0,5,0,0,0,0,0,0,0,0,0
"8263da8a0c4bc45ff8ec193b2d0723b9",0,0,0,0,0,0,12,0,0,0,0,0,0,0,0,0
"83b2b272c71fc0249917129c5eccaaa5",0,0,0,0,0,0,13,0,0,0,0,0,0,61,0,0
"84a4b3304594b7698aa1b0f13700f207",0,0,0,0,0,0,6,0,0,0,0,0,0,0,0,0
"8a7c16c8c217d33e0d8b7fe0910e7d3a",0,0,0,0,0,0,4,0,0,0,0,0,0,0,0,0
"8b6a37afdc60310134821483f975890f",0,0,0,0,0,0,10,0,0,0,0,0,0,0,0,0
"966cb8f2d85d4f34ecf9565d3f6e0634",0,0,0,0,0,0,19,0,0,0,0,0,0,0,0,0
"aa6a6d6debf91be4df906494280bb94d",0,0,0,0,0,0,8,0,0,0,0,11,0,0,0,0
"ac8a3ce5485bcbe2fd2e670986c653d2",0,0,0,0,0,0,4,0,0,0,0,0,0,0,0,0
"c0f5fd23cb8530b708bdac59eef84352",0,0,0,0,0,0,3,0,0,0,0,0,0,0,0,0
"c7e5c8878f7ccc769940266cbfce412d",0,0,0,0,0,0,18,0,0,0,0,0,0,0,0,0
"ce0bb0626a91f4013829b24fcf7be565",0,0,0,0,0,0,8,0,0,0,0,0,0,0,0,0
"cfc1762b17a2a89814e906f83279640e",0,0,0,0,0,0,12,0,0,0,0,0,0,0,0,0
"d35f806ab8d7125a933d6a444606a943",0,0,0,0,0,0,8,0,0,0,6,0,0,6,0,0
"ea049371bc7ae7f924101cc4613e75ce",0,0,0,0,0,0,14,0,0,0,0,0,0,0,0,0
"f08d4804f7761863a73ff389df29277f",0,0,0,0,0,0,10,0,0,0,0,0,0,0,0,3
"4bfbf250ea55527743db784005d41137",0,0,0,0,0,0,0,3,0,0,0,0,0,0,0,0
"5e4dc81c03e79da7a0ec52088d51c917",0,0,0,0,0,0,0,4,0,0,0,0,0,0,0,0
"6f6aa60ebee114df28c92a4a9ab8fed5",0,0,0,0,0,0,0,9,0,0,0,0,0,0,0,0
"89c75351b50295f390983355da153391",0,0,0,0,0,0,0,3,0,0,0,0,0,0,0,0
"91ebbb2b3cc026dd2d9fb2dd7945905a",0,0,0,0,0,0,0,6,0,0,0,0,0,0,0,0
"9cb6c2f5238a948855ebacc3007cb844",0,0,0,0,0,0,0,12,0,0,0,0,0,0,0,0
"a263a34e0bb44949dd43aa049ea1fc80",0,0,0,0,0,0,0,9,0,0,0,0,0,0,0,0
"aed5e6a3fe06bfb041ef6e1ee5a8183c",0,0,0,0,0,0,0,8,8,0,0,0,0,0,0,0
"baca52c1d674be7fefbd67b2b4473238",0,0,0,0,0,0,0,4,0,0,0,0,3,0,0,0
"bd212cedfae6fc28108e4b88db2de17e",0,0,0,0,0,0,0,4,0,0,0,0,0,0,0,0
"c21eb2f8d5ed31a9c26bcfec141944dc",0,0,0,0,0,0,0,5,0,0,0,0,0,10,0,17
"df6d9ba3e3b59f26f686c2b6e43e338a",0,0,0,0,0,0,0,13,0,0,0,0,0,0,0,0
"e572f7ac0a40bd2b15270dd09ea65c79",0,0,0,0,0,0,0,3,0,0,0,0,0,0,0,0
"fac803d8856e6a73a10cc6b99f0378e1",0,0,0,0,0,0,0,4,0,0,0,0,0,0,0,2
"0a1bbfbdbb16f5fb2e37d2ca9475c50d",0,0,0,0,0,0,0,0,4,0,0,0,0,0,0,0
"225d4b69b9796cc1ac907f1260a16b30",0,0,0,0,0,0,0,0,11,0,0,0,0,0,0,0
"29e423890ffb848a8c3da67157e007d2",0,0,0,0,0,0,0,0,3,0,0,0,0,0,0,0
"2c5db52d29398dfd8ce382d0fc8a2160",0,0,0,0,0,0,0,0,4,0,0,0,0,0,0,0
"2c903e1eed129344252e1f1fecdd0553",0,0,0,0,0,0,0,0,2,0,0,0,0,0,0,0
"37e40cae0a95829b7125ee0a51ab8a05",0,0,0,0,0,0,0,0,4,0,0,0,3,0,0,0
"42473fb3971eb507f3eabea08b65a4e6",0,0,0,0,0,0,0,0,7,0,0,0,0,0,0,0
"4693e17dcd58ebd31e79f8b8dd62b3dc",0,0,0,0,0,0,0,0,16,0,0,0,9,0,0,0
"4a4a6f87d1b2ef7c04fc493e465b5a8f",0,0,0,0,0,0,0,0,9,0,0,0,0,0,0,0
"5cc8f6aa5edab7a43e310476ca986559",0,0,0,0,0,0,0,0,5,0,0,0,0,0,0,0
"656d47549a611be6a9120bc7b83daf7a",0,0,0,0,0,0,0,0,9,0,0,0,0,0,0,0
"8d36d4716c3478ffe62270edaa52a8f2",0,0,0,0,0,0,0,0,28,0,0,0,0,0,0,52
"8d99e8f4d4c6274cb1eeed297252ca04",0,0,0,0,0,0,0,0,7,0,0,0,0,0,0,0
"9bf70c95a4b3b71f85dab4e154e7eb26",0,0,0,0,0,0,0,0,14,0,0,0,0,0,0,0
"a40bbce3d399826370cbbcb02f8ed7b5",0,0,0,0,0,0,0,0,13,0,0,0,0,0,0,0
"b1613f1a03a14c70a8ca5e6dd9f3acbb",0,0,0,0,0,0,0,0,40,0,0,0,0,0,0,0
"b65346883330dc8e90eb35d669219db3",0,0,0,0,0,0,0,0,7,0,0,0,0,0,0,0
"c30e30f3a38667d1017a4d836a6128f8",0,0,0,0,0,0,0,0,6,0,0,0,0,0,0,0
"c4db701d2a4dc2afbd54b04774416b30",0,0,0,0,0,0,0,0,6,0,0,0,0,0,0,0
"c70c27ea1aa3bd36cf7d1c6f3e6964f7",0,0,0,0,0,0,0,0,6,0,0,0,0,29,0,0
"cb97ceebdde347ccf5acd861a3a5e566",0,0,0,0,0,0,0,0,4,0,0,0,0,0,0,0
"e8259af57f9e7d513e85bedd2d41282c",0,0,0,0,0,0,0,0,11,0,0,0,0,0,0,0
"ea1f560b7de9472a2128b84e54581af8",0,0,0,0,0,0,0,0,9,0,0,0,0,0,0,0
"f548a8f061b0a23915d2420ba9f4f4a4",0,0,0,0,0,0,0,0,4,0,0,0,0,0,0,0
"f9c44c114cc33ce440c2c511071eb0bf",0,0,0,0,0,0,0,0,4,0,0,0,0,0,0,0
"1a4417c7e055810790ab2c0cdf8a9821",0,0,0,0,0,0,0,0,0,67,0,0,0,0,0,0
"303604de28181c19cd26116fe431dfd4",0,0,0,0,0,0,0,0,0,10,0,0,0,0,0,0
"3392f058af4dba519732b85380fed8ba",0,0,0,0,0,0,0,0,0,4,0,0,0,0,0,0
"34de7d46e76358cf3c1be328178050d2",0,0,0,0,0,0,0,0,0,2,0,0,0,0,0,0
"35104b4dab3042c504ea7ed0a0a6e3e6",0,0,0,0,0,0,0,0,0,4,0,0,0,0,0,0
"5e45573c29a63a4f856d7ad532efa20b",0,0,0,0,0,0,0,0,0,5,0,0,0,0,0,0
"861b5a8d514916df89d8639672a32cff",0,0,0,0,0,0,0,0,0,78,0,0,0,0,0,0
"ac31f6efb888916186792d0e5a875266",0,0,0,0,0,0,0,0,0,3,0,0,0,0,0,0
"c7090c2eb433415b33e1ba2ffc404268",0,0,0,0,0,0,0,0,0,4,0,0,0,0,0,0
"d445d5288e07d5b7253810db31097fb1",0,0,0,0,0,0,0,0,0,78,0,0,0,0,0,0
"dfe342a65c6f9dbef8cdfb81cc689b81",0,0,0,0,0,0,0,0,0,9,0,0,0,0,0,0
"f8b8c96bf47d915d03530033b44ec7a4",0,0,0,0,0,0,0,0,0,7,0,0,0,0,0,0
"232b9c842811eb1a120eb8ad4c5f87b1",0,0,0,0,0,0,0,0,0,0,8,0,0,9,0,0
"2c9b906ca83db8203eef3398255ece36",0,0,0,0,0,0,0,0,0,0,9,0,0,0,0,0
"2cc0537b610ecd520a7ed2fb58fb8860",0,0,0,0,0,0,0,0,0,0,3,0,0,0,0,0
"2e010c4f99cfd17bc5ef5e0491e667be",0,0,0,0,0,0,0,0,0,0,33,0,0,0,0,0
"32b8560f18e02466e1e2f01742753036",0,0,0,0,0,0,0,0,0,0,2,0,0,0,0,0
"58da044956db595e79824d4ce21f8d2a",0,0,0,0,0,0,0,0,0,0,3,0,0,0,0,0
"6218707189497e2df68e4297d5ebe282",0,0,0,0,0,0,0,0,0,0,7,0,0,0,0,0
"6be5f45404b18c425e978cd5279c147a",0,0,0,0,0,0,0,0,0,0,9,0,0,0,0,0
"6ce5fa38e4447dde0b5cc682aa0e7903",0,0,0,0,0,0,0,0,0,0,4,0,0,0,0,0
"7c814af692d2315266194f76ab824c39",0,0,0,0,0,0,0,0,0,0,7,0,0,0,0,0
"855e83f6fb8573ba4cc154cc1409a369",0,0,0,0,0,0,0,0,0,0,10,0,0,0,0,0
"8f47d5f78ea6c33ef18c0e187ea835b5",0,0,0,0,0,0,0,0,0,0,7,0,0,0,0,0
"905f634be0317b515ccdab212e7364be",0,0,0,0,0,0,0,0,0,0,2,0,0,0,0,0
"9e6ca1f695da65da0db91b1223400279",0,0,0,0,0,0,0,0,0,0,3,0,0,0,0,0
"c104ba5a3c3ed119dbab8240b1ba1972",0,0,0,0,0,0,0,0,0,0,118,0,178,0,0,0
"d12e1cb43a1d8838c8d83967972e2156",0,0,0,0,0,0,0,0,0,0,7,0,0,0,0,0
"d70218bf2ed7d9524d9cdbde946a05e8",0,0,0,0,0,0,0,0,0,0,4,0,0,0,0,0
"e335fe2d5492c43c4aacddfef4c87503",0,0,0,0,0,0,0,0,0,0,6,0,0,0,0,0
"e425971bb89a856846ed555bc5b30bf8",0,0,0,0,0,0,0,0,0,0,2,0,0,0,0,0
"eca14bb903c68d992adbc98d76c1907c",0,0,0,0,0,0,0,0,0,0,4,0,3,4,0,0
"edb62817958b2b6502210cd959be4ec8",0,0,0,0,0,0,0,0,0,0,3,0,0,0,0,0
"f56e0d2c2ecd3a5884d0b332e86ff3a0",0,0,0,0,0,0,0,0,0,0,6,10,0,0,0,0
"09200de55e41c4193a5fb59b6762b5f7",0,0,0,0,0,0,0,0,0,0,0,2,0,0,0,0
"0c599bae57eba112237272a9af53d4e8",0,0,0,0,0,0,0,0,0,0,0,2,0,0,0,0
"0d0db5e602b74d3e075040b447a567ca",0,0,0,0,0,0,0,0,0,0,0,7,0,0,0,0
"1e4a5f41d758bc20715fd52ee7e220d8",0,0,0,0,0,0,0,0,0,0,0,6,6,0,0,0
"3014165d5f15a3bddf4968db2952f864",0,0,0,0,0,0,0,0,0,0,0,10,0,0,0,0
"4aebf817276e5fb1bcb1bfe3ecf98f9b",0,0,0,0,0,0,0,0,0,0,0,3,0,0,0,0
"511a4720f21e990d5543d7c5afaf53a7",0,0,0,0,0,0,0,0,0,0,0,13,13,0,0,0
"5ce78e3c4f46db218721ac9e571ba8c6",0,0,0,0,0,0,0,0,0,0,0,4,0,3,0,0
"737a9baf58e6dd9581ec3aa9012daea4",0,0,0,0,0,0,0,0,0,0,0,5,0,0,0,0
"770c247e06b2594091daaeccf9c5af67",0,0,0,0,0,0,0,0,0,0,0,3,0,0,0,0
"815faa4c45870e0dec67577a2ca2d545",0,0,0,0,0,0,0,0,0,0,0,7,0,0,0,0
"8acc0ad55be1a369a23f3f680c917117",0,0,0,0,0,0,0,0,0,0,0,6,3,0,0,0
"9963db776f6dd455ee2cf0aec5a24441",0,0,0,0,0,0,0,0,0,0,0,3,0,12,0,0
"a530d1155139762ece4b623664064a20",0,0,0,0,0,0,0,0,0,0,0,4,0,0,0,0
"a8452c896393777181d6fee5ce0944af",0,0,0,0,0,0,0,0,0,0,0,4,0,0,0,0
"b99cfb471290767930bb4826a5301ed7",0,0,0,0,0,0,0,0,0,0,0,2,0,0,0,0
"d272914aed202d27c33e583ecb606e44",0,0,0,0,0,0,0,0,0,0,0,10,0,0,0,0
"e81880cb8c0fb396e246d495f634b49f",0,0,0,0,0,0,0,0,0,0,0,3,0,0,0,0
"f100143757c1e470072a773425a62847",0,0,0,0,0,0,0,0,0,0,0,34,0,0,0,0
"03f1b1aa0ac5060a06c4a26382fe1467",0,0,0,0,0,0,0,0,0,0,0,0,5,0,0,2
"0662e1185801c484761a07d3201b9ce1",0,0,0,0,0,0,0,0,0,0,0,0,4,0,0,0
"096858aed473d97298b11f3ea1cf1d44",0,0,0,0,0,0,0,0,0,0,0,0,2,0,0,0
"1fb5477e4cbfde397752a060822d0a41",0,0,0,0,0,0,0,0,0,0,0,0,6,0,0,0
"29a5e98d883f37e71e127fde3ad026b0",0,0,0,0,0,0,0,0,0,0,0,0,9,0,0,0
"3f7614f2da2c08e79a5a7fdd0dc0fcdf",0,0,0,0,0,0,0,0,0,0,0,0,12,0,0,0
"416a5af3b4ad42a6c204c0380a744051",0,0,0,0,0,0,0,0,0,0,0,0,2,0,0,0
"432a7c4c6fb9292e2a9a18f63d2c1d2b",0,0,0,0,0,0,0,0,0,0,0,0,6,0,0,18
"667d84c6b2bd7547dcc048265e4ec7df",0,0,0,0,0,0,0,0,0,0,0,0,3,0,0,0
"78686b6cf4b8146eedc759d097c01e89",0,0,0,0,0,0,0,0,0,0,0,0,4,0,3,0
"83af348e6a208ca0351563100007741e",0,0,0,0,0,0,0,0,0,0,0,0,3,0,0,0
"83d5f2c568de137d857cc032281597b5",0,0,0,0,0,0,0,0,0,0,0,0,3,0,0,0
"89c58e7d80ca4cbe27f79132e9ba4c80",0,0,0,0,0,0,0,0,0,0,0,0,12,21,0,0
"8a8c9cf9a817e8fd0ae6d2cd8dac3ef7",0,0,0,0,0,0,0,0,0,0,0,0,38,0,0,0
"a5c831dfacecfa87551e5978b3057c2c",0,0,0,0,0,0,0,0,0,0,0,0,2,0,0,0
"a7f49c51b8d4760f1d00644815f4598d",0,0,0,0,0,0,0,0,0,0,0,0,6,0,0,0
"b0759509d6905a4e18a8ffcdb5999fca",0,0,0,0,0,0,0,0,0,0,0,0,3,0,0,0
"bb526dd0956e444e76a926fbd598455b",0,0,0,0,0,0,0,0,0,0,0,0,6,0,0,0
"c3a980e87635509ed2f6e9d4bf6b9854",0,0,0,0,0,0,0,0,0,0,0,0,6,0,0,0
"dccd94ffaadba1802b8e401194806b90",0,0,0,0,0,0,0,0,0,0,0,0,5,0,0,0
"defc1bae3f98d938c8bd27e6db58db58",0,0,0,0,0,0,0,0,0,0,0,0,3,5,0,0
"edec8d36b20d634060df88b68bd57adf",0,0,0,0,0,0,0,0,0,0,0,0,5,0,0,0
"f924560383c51a620a9821ce4349d3eb",0,0,0,0,0,0,0,0,0,0,0,0,2,0,0,0
"02e70de6206a5a09aa01f9b7973b8213",0,0,0,0,0,0,0,0,0,0,0,0,0,17,0,0
"08abec654ef1f31269decd2b60abcc40",0,0,0,0,0,0,0,0,0,0,0,0,0,3,0,0
"095cc1f6dd193893ea5a3217ed1689e9",0,0,0,0,0,0,0,0,0,0,0,0,0,2,0,0
"0db866589f46e2c6d86bd8cda8a06fbe",0,0,0,0,0,0,0,0,0,0,0,0,0,164,0,0
"13809b4191c33c15b6cfef8497ef0bac",0,0,0,0,0,0,0,0,0,0,0,0,0,3,0,0
"1a6ec8fe374c8fcc8698f37d00c42d08",0,0,0,0,0,0,0,0,0,0,0,0,0,7,0,0
"1acc642dc59982434989bab2bffe949d",0,0,0,0,0,0,0,0,0,0,0,0,0,17,0,0
"1d9ec60db99b87ef7f972e692236dc27",0,0,0,0,0,0,0,0,0,0,0,0,0,5,0,0
"1eeb9d909762325b31fb0336ff98e9f6",0,0,0,0,0,0,0,0,0,0,0,0,0,3,0,3
"2097d96c750bdf08432a57f9f29c81a5",0,0,0,0,0,0,0,0,0,0,0,0,0,4,0,0
"28e420a2104bbd5d02c66c0e379a513c",0,0,0,0,0,0,0,0,0,0,0,0,0,15,0,0
"3355c8c6170c4ded70c25b97a72db936",0,0,0,0,0,0,0,0,0,0,0,0,0,4,0,0
"34681b6f2ac53df2e3925b81f3c73227",0,0,0,0,0,0,0,0,0,0,0,0,0,63,23,0
"3b1dc89dde01c889d098dd6ecc71c978",0,0,0,0,0,0,0,0,0,0,0,0,0,4,0,0
"41db916fb76f12179d504393351d9470",0,0,0,0,0,0,0,0,0,0,0,0,0,2,0,0
"42ed09bd1b8aafbee92ee011ef7a3a62",0,0,0,0,0,0,0,0,0,0,0,0,0,5,0,0
"43091b851be6ea390a286fab94d0e6c6",0,0,0,0,0,0,0,0,0,0,0,0,0,6,0,0
"47e771aff3fdbba20628abdc2aacf8dc",0,0,0,0,0,0,0,0,0,0,0,0,0,2,0,0
"502d69a028481d22449dde1fa4a00758",0,0,0,0,0,0,0,0,0,0,0,0,0,2,0,0
"5086567b7684ea0868f4eef7f46d52c7",0,0,0,0,0,0,0,0,0,0,0,0,0,8,0,0
"5b95d38d77c583ee378272ad2fcb9d0d",0,0,0,0,0,0,0,0,0,0,0,0,0,3,0,0
"60cf7ea17dfbe2f826829c2208523552",0,0,0,0,0,0,0,0,0,0,0,0,0,5,0,0
"688abd44b304954f74ffbf5d6edbee4d",0,0,0,0,0,0,0,0,0,0,0,0,0,14,0,0
"69102feab90827b42753e17a0f41860c",0,0,0,0,0,0,0,0,0,0,0,0,0,16,0,0
"6aec5e081b45b8cb385438e814997484",0,0,0,0,0,0,0,0,0,0,0,0,0,9,0,0
"7395ba8e0eaf4284eba9b7c8a64a8990",0,0,0,0,0,0,0,0,0,0,0,0,0,5,0,0
"746f079ac0344f6df085dcc9647e2245",0,0,0,0,0,0,0,0,0,0,0,0,0,7,0,0
"75f85bc46250d61863ac9230e2b903dd",0,0,0,0,0,0,0,0,0,0,0,0,0,5,0,0
"76171deb672cad996543d83911ce0954",0,0,0,0,0,0,0,0,0,0,0,0,0,2,0,0
"835131a627d96ebef418293fc8cdcf0f",0,0,0,0,0,0,0,0,0,0,0,0,0,3,0,0
"90a90fe3087d5d424e8c7ed34a8eb9be",0,0,0,0,0,0,0,0,0,0,0,0,0,7,0,0
"928953e628864c151802a96206d401d0",0,0,0,0,0,0,0,0,0,0,0,0,0,10,0,0
"9ec68a527aa95c81893ecaa5ca107324",0,0,0,0,0,0,0,0,0,0,0,0,0,8,0,0
"a609a2898254ec0ba969d4f12d28bf92",0,0,0,0,0,0,0,0,0,0,0,0,0,13,0,0
"a819067ee77e55c5c906656d3a095049",0,0,0,0,0,0,0,0,0,0,0,0,0,11,0,0
"a861bebf6cfcbc91d48fa3c1269aac51",0,0,0,0,0,0,0,0,0,0,0,0,0,19,0,0
"ae59713f8a524d7f8ff2c084976290b6",0,0,0,0,0,0,0,0,0,0,0,0,0,66,0,0
"bb546a68d22673d97970bc71990ebbf8",0,0,0,0,0,0,0,0,0,0,0,0,0,5,0,0
"bbb62c08e14a0c1d4b96a8a386f98d25",0,0,0,0,0,0,0,0,0,0,0,0,0,2,0,0
"bf7960aec5884b9dd1213a8570e65cd8",0,0,0,0,0,0,0,0,0,0,0,0,0,3,0,0
"c377c90eab696336326e7b5f2e61f687",0,0,0,0,0,0,0,0,0,0,0,0,0,6,0,0
"ccc4ec98cd75454ef20b82333bfdd743",0,0,0,0,0,0,0,0,0,0,0,0,0,6,0,0
"d2b1ce3c3782473ef385b0e33d9ed4f1",0,0,0,0,0,0,0,0,0,0,0,0,0,4,0,0
"d39a1a5ac15e598528d94dc92f9c64b7",0,0,0,0,0,0,0,0,0,0,0,0,0,21,11,0
"d9ecc80ec2ad65f7907183e38ee719a5",0,0,0,0,0,0,0,0,0,0,0,0,0,36,0,0
"e266ffede8fbdbbd00e6eae9f711a38d",0,0,0,0,0,0,0,0,0,0,0,0,0,8,0,0
"eb6c990bc8901ab61fd92dcfd2064ca9",0,0,0,0,0,0,0,0,0,0,0,0,0,2,0,0
"f07ca3c966c7917a358e48e80e9a6307",0,0,0,0,0,0,0,0,0,0,0,0,0,5,0,0
"f76164959d7392124a5896d160a02c30",0,0,0,0,0,0,0,0,0,0,0,0,0,5,0,0
"005706d4ee1fea4f670eceb4c2e0a275",0,0,0,0,0,0,0,0,0,0,0,0,0,0,4,0
"0b658fde33c473e0388ac69504e3cc7c",0,0,0,0,0,0,0,0,0,0,0,0,0,0,13,0
"0bc17e2cd799fe33465858838e7e80d3",0,0,0,0,0,0,0,0,0,0,0,0,0,0,4,0
"1295abae17c38d0508e886d9c927c8d2",0,0,0,0,0,0,0,0,0,0,0,0,0,0,4,0
"29f6d439d8a86407eb12f7c9ea39d7d3",0,0,0,0,0,0,0,0,0,0,0,0,0,0,6,0
"306f99c77b9e224388dea72b92071dfa",0,0,0,0,0,0,0,0,0,0,0,0,0,0,9,0
"40c037c5044d93344ca75c2c6c386e5f",0,0,0,0,0,0,0,0,0,0,0,0,0,0,2,0
"410451306ffd0a1695d714f73b19eaf6",0,0,0,0,0,0,0,0,0,0,0,0,0,0,64,0
"6fd72e447e5b6174182db2a61611b303",0,0,0,0,0,0,0,0,0,0,0,0,0,0,5,0
"9f50e8d0b6de5bc68ca71a201636c342",0,0,0,0,0,0,0,0,0,0,0,0,0,0,2,0
"ab4bee7176ac57d5fdaad4690d1176a9",0,0,0,0,0,0,0,0,0,0,0,0,0,0,2,0
"b18c48d9ab733f641720174dc6e817d7",0,0,0,0,0,0,0,0,0,0,0,0,0,0,25,0
"cf6a2b686d61ffacc75cea1bbb39c9b2",0,0,0,0,0,0,0,0,0,0,0,0,0,0,16,0
"dc4ded30868503d972688cfb163b2623",0,0,0,0,0,0,0,0,0,0,0,0,0,0,8,0
"0166bce6062986c73374742502470664",0,0,0,0,0,0,0,0,0,0,0,0,0,0,0,8
"06f004cb40308a4cbec56e502282de3d",0,0,0,0,0,0,0,0,0,0,0,0,0,0,0,5
"2dfbe8b4e1f10ab108190246d190a084",0,0,0,0,0,0,0,0,0,0,0,0,0,0,0,11
"32d7bf9d214ada922b5dc7e887efa798",0,0,0,0,0,0,0,0,0,0,0,0,0,0,0,12
"3640188fcd58c53ca944e4df62ff0982",0,0,0,0,0,0,0,0,0,0,0,0,0,0,0,18
"38752c3b142c3b4c7846694e78b6bd94",0,0,0,0,0,0,0,0,0,0,0,0,0,0,0,9
"398bc4bed58b1799b573fe03a554862a",0,0,0,0,0,0,0,0,0,0,0,0,0,0,0,140
"3cd019b1a7269e8903938a5ea767be6e",0,0,0,0,0,0,0,0,0,0,0,0,0,0,0,5
"3dd916a1bc7a768d1ef48615b0feddfe",0,0,0,0,0,0,0,0,0,0,0,0,0,0,0,6
"4362524f5c9c020bcb6e144bf973c256",0,0,0,0,0,0,0,0,0,0,0,0,0,0,0,2
"5028b1157ec6ef5bb8d23a575f301c13",0,0,0,0,0,0,0,0,0,0,0,0,0,0,0,3
"5263310284bb210da786fea517ecc97c",0,0,0,0,0,0,0,0,0,0,0,0,0,0,0,8
"5ba9ebbedf39a35f35a925cec7ce5d90",0,0,0,0,0,0,0,0,0,0,0,0,0,0,0,58
"5db92f9ffa0ae5299422c610944db6db",0,0,0,0,0,0,0,0,0,0,0,0,0,0,0,18
"6f5e7a5021c9e83906cbe38f51e67e54",0,0,0,0,0,0,0,0,0,0,0,0,0,0,0,32
"84f6fb5ea66ce5e1d921e1f2958c45ea",0,0,0,0,0,0,0,0,0,0,0,0,0,0,0,46
"956696707acdc0f92b278ba94c789a39",0,0,0,0,0,0,0,0,0,0,0,0,0,0,0,2
"ad1a0709c8af2d96f8153664916f55ad",0,0,0,0,0,0,0,0,0,0,0,0,0,0,0,2
"afc98b648f5ac17fc54d1d079a506790",0,0,0,0,0,0,0,0,0,0,0,0,0,0,0,16
"b1043cc85dfde8be3632ae2f550c4e18",0,0,0,0,0,0,0,0,0,0,0,0,0,0,0,6
"b544531bcd1b9e8a081f690a294f99fe",0,0,0,0,0,0,0,0,0,0,0,0,0,0,0,18
"b618cf2e19ae211ae002a01a3f7830f8",0,0,0,0,0,0,0,0,0,0,0,0,0,0,0,6
"c09b4a3c05bd8e9f20b0ddbd27034eb2",0,0,0,0,0,0,0,0,0,0,0,0,0,0,0,11
"ceb316f58c09ac3e9f02ae311b154338",0,0,0,0,0,0,0,0,0,0,0,0,0,0,0,42
"d18da868e1fd24d64eb4002cd28f3f4c",0,0,0,0,0,0,0,0,0,0,0,0,0,0,0,15
"d68033f60fc763ec05a3ff629095ae70",0,0,0,0,0,0,0,0,0,0,0,0,0,0,0,16
"db5b6fb3af235bc849f5b717607adf5d",0,0,0,0,0,0,0,0,0,0,0,0,0,0,0,5
"de9b46501d422c73943ee767af83ad7c",0,0,0,0,0,0,0,0,0,0,0,0,0,0,0,9
"e27c72275a8a9410ea69fed4a91db529",0,0,0,0,0,0,0,0,0,0,0,0,0,0,0,33
"ecc92e9719b2e479f8e14d906d494197",0,0,0,0,0,0,0,0,0,0,0,0,0,0,0,6
"f1ab570ded0dc86455e096badf83779e",0,0,0,0,0,0,0,0,0,0,0,0,0,0,0,3
"f71b323590fbfbd2f56b4e7aec78589d",0,0,0,0,0,0,0,0,0,0,0,0,0,0,0,21
"fb3d7309d7ce8df0db8b291f137a04d0",0,0,0,0,0,0,0,0,0,0,0,0,0,0,0,12
