"ASV_hash","Station_1","Station_10","Station_11","Station_2","Station_3","Station_4","Station_5","Station_6"
"02844e36bfee71a127da3fed7d8be4c4",7,0,0,54,0,39,52,0
"03f5ef76a5a72c709cfbc548bef7046d",37,0,0,0,6,0,0,0
"057c45fc8b9b0f993bcbbfca29f1329c",7,0,0,0,0,0,0,0
"0a4a01bdbd6a0a58afc4ec367738da4c",15,19,0,0,0,0,0,0
"0a7cd6c88de50d08d54cd6e23bd5af04",75,0,0,0,0,0,0,0
"0a949c29b3c61e77ed3577e19d8e4c41",57,0,0,0,0,0,0,0
"0b658fde33c473e0388ac69504e3cc7c",50,0,5,0,0,0,44,0
"0f1aa17b87ff033aa2b20f4811fd429d",11,3,0,19,0,0,6,0
"0fb15abed7c626582b1f1b736f28b6a9",4,0,0,0,0,0,0,0
"10516d0a542356e97dba2626215bb78a",4,0,0,0,0,0,0,0
"10b9dab148d6983c159ae6b5cce31154",77,3,0,0,0,0,0,0
"12380323a7b28299cdebe20f51382ceb",4,0,0,0,0,0,0,0
"1325f53cb8079612333e092ba916c53a",4,0,0,0,0,0,0,0
"13a8f5e94d51d540d4a901cc2b7656ed",7,0,0,0,0,0,0,0
"14a50a9d2971e91477fbab754db3d139",13,0,0,0,0,0,0,0
"1991289b59fb5448193737597577e99b",2,0,0,0,0,0,0,0
"1a24bf661a435b8e15ecd4a36a0e85ec",25,0,0,19,0,0,0,0
"1ad7100c0cb62503e18f62435689b7d0",8,0,0,0,0,0,0,0
"1d0798e9fa9318b30a4ba865332ce94a",8,0,0,0,0,0,13,0
"1d4d2843b78b417a6f3bdca3ba78e439",2,0,0,0,0,0,0,0
"1e5cccd12f1321a81e324fdc90701df9",9,0,0,0,0,0,0,0
"2103d47eb972e09e56ce313418f80dd2",10,30,19,46,92,80,157,175
"2298f11429acd27855575698db161172",5,0,0,0,0,0,0,0
"22ee9b43a8220873ac5e24cde891cf85",14,15,0,13,0,0,0,0
"24d50d3c9c1f1c754e64f4402ad1f7ee",22,0,0,0,0,0,0,0
"25406317b88e6e66c2cb3caa4a12b955",17,15,14,33,21,9,13,0
"255edeb9f22578ec3e9ec0669bffe47a",6,0,0,0,0,0,0,0
"289ad5c58063d28e35d4c17c69802d1e",10,0,0,0,0,0,0,0
"2bd78d319605af225f3fe23f65b7a4f6",32,22,0,0,0,65,47,33
"2d44ffb0909e11614a9ac351e7efe88a",35,39,0,88,0,0,0,0
"2dfbe8b4e1f10ab108190246d190a084",5,0,0,28,6,10,18,0
"2ea446964c8c52ab261270ab2a66bcbf",48,0,0,0,0,0,0,123
"3007d30ab1774765a4467955f33dddcb",9,0,0,0,0,0,0,0
"31004641b09063f00d07b93ffb7d5d22",3,0,0,0,0,0,0,0
"35aad80bede0cd76d9d3f0f1b75dd991",11,0,0,0,0,0,0,0
"3f84d2b15ce837721f15278049fa5929",4,0,0,0,0,0,0,0
"402cc8859868dbc873686fdf6362fe3b",2,0,0,0,0,0,0,7
"44ae9b84576508fc02bc4e8abc73a4af",17,0,0,0,0,0,3,6
"4693e17dcd58ebd31e79f8b8dd62b3dc",72,0,0,0,0,0,0,0
"470a68689eba355228c01b71ad9a2b06",2,0,0,0,0,0,0,0
"473b2cb83f5bab191bd122bacded9ece",5,0,9,12,7,13,16,19
"497fb1a291bccd8fb819fcf8d963112a",6,0,0,22,0,0,0,0
"511a4720f21e990d5543d7c5afaf53a7",11,0,0,0,0,0,0,0
"5809ecdda3dbd9fbaefac492f3d2de53",5,0,0,0,0,0,0,0
"58d08eea16f629de2595dad26e3bb1d6",13,0,0,0,0,0,0,0
"5928aaf2fcb6a32c1e3f878cdca17fe6",12,0,0,0,0,0,0,0
"59eb85ac14c69643084dd9fff2a7b660",6,0,0,0,0,0,0,0
"59f9d13e825b5aaa2c57bbfa77819433",21,0,0,0,0,0,0,0
"5a0f376d71b82a33a28d6f88db223b64",11,0,0,0,0,0,0,0
"5ad8b05d14549c1a2aa6d0e230c627f6",11,0,0,0,0,0,0,0
"5c968b591f71b4be67166dca8a40ba12",8,4,0,0,0,0,0,0
"6180aa9dee72bd0be3d1973e6d8b89da",35,0,0,15,0,0,0,0
"627ad6585ceb52cde351d840be2e51e5",45,0,0,0,0,0,0,0
"641d0625b43d1664d061a71aaf4e819b",14,0,0,0,0,0,0,0
"654d6f35ce3b8c6dd3375c55b28dfcd8",4,9,0,0,4,6,6,0
"6601e44e77ae92d1d77de77f4315de2f",22,24,0,53,0,0,0,41
"6791d597959fb2a32f894cd924c1e4f3",7,0,0,0,0,0,0,0
"6b7bb775bb2db26ab84c425008b57c10",7,0,0,6,0,0,5,0
"6ccbc9d220a19a7d0334c30c898c58ec",30,0,0,0,0,0,0,0
"6d68922ef5af2bc80f6ea6826f10716b",2,0,0,0,0,0,0,0
"6fde1ccd5981a2d7770660abc9e8fa19",10,0,0,0,0,0,0,0
"7013c2d5fa3ed14735df65e4f7ae553e",22,0,0,0,0,0,0,0
"701e189f2d746767bab63be97145eae2",9,15,0,0,16,0,10,0
"738a21a739053c36ab78c9556c36c77b",15,0,0,0,0,0,0,0
"760102ba53b6dd586233c61c01f55423",5,0,0,0,0,0,0,0
"7755f1b7d8bb96fc7f93159f575cdadb",11,0,0,0,0,0,0,0
"77c403658330151d9033743f1e071518",8,0,0,0,0,0,0,0
"790f9ec0ac6c83370320f0c7228bcbf2",16,0,0,0,0,0,0,0
"7b4dac6e9d4e0a5225840361cd038cf4",46,0,0,34,0,0,0,0
"7d6aec21b52a42fdcca16a626d9d86d5",3,0,0,0,0,0,0,0
"7f750c1e9934cfff21a3bcd9c25746b0",9,0,0,0,0,0,0,0
"89c1e47344ccc2da2bde9a7ff73bf17e",9,0,0,0,0,0,0,0
"89e94261170cb7782ac70dfbaef27f08",6,0,0,0,0,0,0,0
"8a37566f1a47cb01f4d6e05eb0586707",2,0,0,0,0,0,0,0
"8e336d9bd5bf1db118365a49af87bf2d",2,0,0,0,0,0,0,0
"8f74a593d2daeb3b2c74feb7b5a52bc4",8,0,0,0,0,0,0,0
"9047c7803aae27cf4d7d8d819ccc2652",4,0,0,0,0,0,0,0
"90cce17820514dcce33fda753696f0e8",14,0,0,0,0,0,0,0
"9211a2f113125ff64cd2414d0b280813",7,0,0,0,0,6,0,0
"927316b247e632e333eb9f6517f240f2",7,0,0,0,0,0,0,0
"9a86f993faedbad1dc3bb26467ebeb6a",2,0,0,0,0,0,0,0
"a255b96ee148fa2bbcaa00868e063cda",2,0,0,0,0,0,0,0
"a7b197e43e28a3cc0ca1d147cf4b31ec",37,0,0,69,0,0,0,0
"a8452c896393777181d6fee5ce0944af",4,0,0,0,0,0,0,0
"aba1b7f41e280460ae5d84b19941e0ad",10,0,0,36,0,0,0,0
"aeae3735d15f97986d9d4f6021cbead8",12,0,0,0,0,0,0,0
"b181d637bbd58851ddb5b90e24e65c68",8,0,0,0,0,0,0,0
"b2c11ed6507509a475fbb57da7c36b48",6,0,4,0,0,0,0,0
"b62d22cf751eda91430f98b599fc7315",7,14,0,16,9,32,24,54
"bd307e7cc32a22458959c8044484a999",4,0,0,0,0,0,0,0
"be6b994db809ae4298eeb54ad7636d9d",61,0,0,29,28,33,42,50
"c05bbd464f8e41f830861c677c966901",4,0,0,0,0,0,0,0
"cac9b9d420765137d59d7c955fc297ed",24,0,0,0,0,0,0,0
"cf163b2cbd9823f4b6bbc08a4eeea809",6,0,0,0,0,0,0,0
"d0cc7c0cf4535f090849792d5e028b3e",2,0,0,0,0,0,0,0
"d75074fadb44eb5157140a92582fb82a",3,0,0,0,0,0,0,0
"da910e4a8a7710b39757a7bfcb2cf2bf",2,0,0,0,0,0,0,0
"db1d33afa0b7f0e74bfc6f65020d77d7",10,43,0,16,0,31,4,0
"db82977c91096d636f179472d3856055",13,0,0,0,0,0,0,0
"db9593f0c99cd820f951423e0f289fd6",22,0,0,0,0,0,0,0
"dd8cfc2696fdcf0859150946a7eded86",3,0,0,0,0,0,0,0
"e03fcfb865a4f644676f16cb0ffebcbf",9,0,0,0,0,0,0,0
"e05c03890879e7db263c73f9890a6b2f",5,0,0,0,0,0,0,0
"e0e41af4ea8916261df498e3851a3d7d",4,0,0,0,0,0,0,0
"e266ffede8fbdbbd00e6eae9f711a38d",13,0,0,0,0,0,0,0
"e388dcf8f312545bc9217970f747b7c7",10,0,0,0,0,0,0,0
"e3db7bda97af369dad62cb2549e24e12",5,0,0,0,0,0,0,0
"e6283da0220a42294ca5a457bee804d9",23,10,0,56,0,0,0,0
"e646c6441e1d8f2470a8f9e932f92ba9",2,0,0,0,0,0,0,0
"e68fcd5855bad66bb31c442b1b7e80fc",10,0,0,0,0,0,0,0
"ead5fef9fc48db98f7f6a8d61b73c521",14,0,0,0,0,0,0,0
"ed21665d5f965aad6da8df66e84cd390",3,0,0,0,0,0,0,0
"ee09662c482520740cbedcca1b5eebb7",8,0,0,0,0,0,0,0
"ee4411770670e4b1061edaf44b9bdce5",81,0,0,0,0,0,0,0
"f15057b0d28e8772dd392e2a2b00c06a",3,0,0,0,0,0,0,0
"f1effc1ad73f60fca1458b76ba211b03",6,0,4,4,0,0,0,0
"f6a9d6bc475e2c5f88390d96c68c3c32",12,0,0,16,0,0,0,0
"f90b1bf6003dbc2415142f65842c5204",105,0,0,0,0,0,0,0
"f9a37a00f4c2008c0471f022db4ee000",209,274,0,448,46,0,0,0
"fc3642efcc1ad80187fd56078f686b5d",14,15,0,27,14,25,15,27
"0021da5e24a76f1d7754222e977e2c4e",0,7,0,0,0,33,10,44
"010f31e9648da44c8766e45fd387fab0",0,4,0,0,0,0,0,0
"05b9d57d2604bebe2571530c26caf4b7",0,4,14,10,0,0,0,0
"0a32d98f6a12b24e1f99b2d407d9f8cd",0,2,19,0,0,0,0,0
"0d7b1661e166b93a800dd8bd23cfc485",0,17,10,34,24,39,44,29
"1372fdf46e20b8f1b48159d6f436a522",0,8,0,0,0,11,0,0
"20897ffeb59e7568fe97861d58f05461",0,9,0,0,0,0,0,0
"2a12d0385db7595a8c35670d1d83ac9e",0,16,0,0,0,0,0,0
"3392f058af4dba519732b85380fed8ba",0,2,0,6,0,0,0,0
"3977a471ce274f71865846b859f1574c",0,21,0,0,0,0,0,0
"3af3764985ecf7520afec5a0303925b7",0,24,0,0,0,0,0,0
"4446b6d586d29a4cd35f7b19aaa631a6",0,10,0,0,14,0,68,43
"4a089588200102405cdf8272b1b77231",0,5,0,0,0,0,0,0
"4ba3945e38b6bf8a59b5bab52265716f",0,3,0,0,0,0,0,0
"4e9ea57e61d0ab2f59dd0d73755dc047",0,7,0,18,0,0,0,8
"56a590539525a65acc2476c5098678d2",0,14,0,14,0,0,0,0
"6067cdc7820ba8112ed8b14aacedbbb0",0,4,0,0,0,0,0,0
"6b60360382be0a4b9f381f5ea873ee8d",0,2,0,0,0,0,0,0
"6d136dde5677cb55386f981989c0b761",0,16,0,38,0,0,0,0
"737a9baf58e6dd9581ec3aa9012daea4",0,8,0,0,0,0,0,0
"750aa8ae079867edc31d5618f84c890b",0,16,0,0,18,31,0,29
"7c93b1b297f473387aec98ec7c07508e",0,15,0,6,0,0,0,0
"81130b81980656c45e4ac88ba17974bb",0,4,0,15,0,0,0,0
"90952c3f54f9d0a3d0dd53807ed73446",0,3,0,0,8,0,0,0
"973d656acbfcaa9a45325de371c89a5d",0,51,0,0,0,61,0,0
"a309f51dbeb386ceb59d256c5ac9e52d",0,10,0,0,0,0,0,0
"a4bbf321b62347b786db54851177ca16",0,9,3,7,7,22,0,13
"a70a2403e33f620b49adfa2c11199c10",0,13,0,23,0,10,0,0
"a82304b495d8de265e474ebca9c888e5",0,11,0,0,0,0,0,0
"aae048affb92db8ab21a746b83a57172",0,4,0,0,0,0,0,0
"b3fc6ba49ab34ede698ea767d7defca2",0,11,0,0,0,0,0,8
"b9d0260e182d32e82cb2793eb7b8325d",0,38,0,0,0,0,0,0
"bc7707e260453b01c2fd99554a5e3190",0,23,4,31,15,15,22,0
"beec05950c5b203d5b4ba494337ffffc",0,8,0,0,0,0,29,0
"c104ba5a3c3ed119dbab8240b1ba1972",0,138,0,0,198,203,185,366
"c19bdf092c510c4ccf822dfa1424caf4",0,3,0,16,0,0,0,0
"c1caca1a956a6a88d59fd580b0312893",0,5,0,0,0,0,0,0
"c21b5586a3882e416dfff0e656fa4a2c",0,5,0,0,0,0,0,0
"c2d71f358a2cac8b44c7e26c9e7b414f",0,2,0,0,0,0,0,0
"c7c53f20fcb077aab5dbb5f6f793d83f",0,11,0,0,0,0,0,0
"cd9b5f8c5faf16a0dce24cde857ada04",0,6,0,0,0,0,0,0
"d36fe185acb4b517de48cbe3568a9410",0,16,0,0,0,0,0,0
"d39a1a5ac15e598528d94dc92f9c64b7",0,15,0,34,5,0,0,5
"d43e9e229df0b268b2bdd98acb0a00b1",0,4,0,0,0,0,0,0
"dc7a2caf1b761b17cbd869c02f679867",0,24,15,21,9,14,94,29
"dcb4938341706b37cd9294d284eda708",0,30,0,0,0,0,0,0
"ddea9f8ffe90cc150c111eaeb2025a8d",0,79,0,0,0,0,0,0
"df4badb83bfc14c9aee5badd6c052316",0,6,0,0,0,0,0,0
"e0dd1826f7b69fa5bf0840a585af8182",0,3,0,0,5,0,0,0
"e66c1b6aa4b21ce718b58f04bd3e0b0a",0,4,0,0,10,9,11,0
"e75b1dd376db021a4cd117acf4e7da46",0,14,0,0,0,0,0,0
"f38f9d692336359af63bc456e365799f",0,8,0,0,0,0,0,0
"f44e4adc4579b101e6b4af485f908c8f",0,6,0,0,0,0,0,0
"fbd3a78821a28b7d96b55cc74bc70c8e",0,3,0,0,0,0,0,0
"0d0081a4f7c07071e590aae69aec69aa",0,0,8,0,0,0,0,0
"138d56ee5b8dcfa5cd0d8bda4f29e40f",0,0,16,0,16,0,0,0
"174b031c22c9f0fc92202b844d126e1c",0,0,5,0,0,9,0,0
"38cc5506da687ca548f558f27dac4136",0,0,3,0,0,0,0,0
"4b63faf022e3195f58803afb78777236",0,0,28,0,0,8,9,0
"50252ce948a7190eb93465ca66c04fd5",0,0,2,0,0,0,0,0
"51c2c1c73cf27f6a43f57f9a911c35cc",0,0,2,0,0,0,0,0
"5a3c4b0c330ce14856ce1585f12e3980",0,0,19,0,0,0,0,0
"7c8e4b4b1066e22f3ea94c82897d084f",0,0,6,0,0,29,0,0
"840d98106ed9ffe49e53953e12c307fb",0,0,16,0,0,0,25,0
"86917e711bff0e57728f8dddc07f92e0",0,0,2,0,0,0,0,0
"9c84854d32d87d453abf6dee48286565",0,0,2,0,0,0,0,0
"a83b9e80ff224a6a8d4aff7379415189",0,0,5309,0,0,0,0,0
"c21eb2f8d5ed31a9c26bcfec141944dc",0,0,3,0,0,14,13,0
"e896ea04e06a7fca151b43ac44016cb8",0,0,4,0,0,0,0,0
"f52920a247cdbbdb1a074de1e736ce29",0,0,4,0,0,0,0,0
"0543f33c355dd6be4901cc27426153d5",0,0,0,2,0,0,0,0
"056901f7095ba24cc7298e80efdad515",0,0,0,7,0,0,0,0
"0947bbd93b4f27173f63353d91187ede",0,0,0,3,0,0,0,0
"09e9224a9a714cc691725e940a476887",0,0,0,4,0,0,0,0
"0cbe2787c4e6846446e9c08b10d5492c",0,0,0,3,0,0,0,0
"0eb57e817edd63a35c068fe70402331f",0,0,0,22,0,0,0,0
"152d6fcd72943ee0de71d1e321aafdd4",0,0,0,2,0,0,0,0
"1828da43d1f1df4fb96cb123f80ab4ec",0,0,0,9,0,0,0,0
"19c589d798610b51f737de00d3be5d85",0,0,0,5,0,0,0,0
"1b0ba9c30eea4d4a625294dfa1661ac4",0,0,0,2,0,0,0,0
"1c105a9af05a11d35ddf1505c3c43828",0,0,0,16,0,0,0,0
"1c3b85864271783b80fc3f38efd7f19a",0,0,0,4,0,0,0,0
"1d1472aee3135b34913e217596441ccf",0,0,0,8,0,0,0,0
"1ddb3c092c35cb8b5abe3dea811f9ab0",0,0,0,11,0,0,0,0
"1e4a5f41d758bc20715fd52ee7e220d8",0,0,0,8,0,0,0,0
"1f5694c4c5bd7f0c9d4992d7d41592a9",0,0,0,11,0,0,0,25
"1f8ead57b05653cb31c6ea7875fdb5f6",0,0,0,3,0,0,0,0
"1fe7d824d15091af07b12760014f0aa6",0,0,0,20,0,0,0,0
"22f254d6e601aa67bd58a0c35f91841b",0,0,0,13,0,28,0,33
"255d48644a80d94ad3b75e44fbe1c71b",0,0,0,9,0,11,0,0
"28209dde0465b0a5ef778281a5a64193",0,0,0,7,0,0,0,0
"28235260e307535e9a442d5ecbdd2320",0,0,0,6,0,0,0,0
"290cee3ab367402460a8742e6f34e765",0,0,0,25,0,0,0,0
"2c99ae952ecb7aa19d2df42e7ad24a9f",0,0,0,4,0,0,0,0
"2de4cd2b5740c86b8566f5cd7b9b8c6d",0,0,0,5,0,0,0,0
"304cdb7f8d0a8725cead4f47d6075f6b",0,0,0,6,0,0,0,0
"312d784f3afa99e6e275c6274bb18fc7",0,0,0,3,0,0,0,0
"34f7f816bc2727cd33f0d5946c25c1f2",0,0,0,25,0,0,0,10
"359682c08a7347f44ed843c959aa87ee",0,0,0,6,0,0,0,0
"364ee1c544995cf21012f21565eec36e",0,0,0,11,8,8,9,19
"38ccc6037ca794ef0f4f7036f07d7344",0,0,0,3,0,0,0,0
"398bc4bed58b1799b573fe03a554862a",0,0,0,47,0,27,34,32
"39b10b8b23c5f67e7763de1ebd99b78d",0,0,0,34,0,0,0,0
"4162735fc2b09f84c1469136196625b2",0,0,0,8,0,0,0,0
"41a0bf50f34050a347f89a3aaf94290a",0,0,0,12,0,0,0,0
"432a7c4c6fb9292e2a9a18f63d2c1d2b",0,0,0,9,0,0,0,0
"489b5abc0cffcc2c0573bae05e047320",0,0,0,15,0,0,0,0
"4ce60342cc541a3104d6053590dc3186",0,0,0,4,0,0,0,0
"4d6afe22c83b60e6fd0aad9ba717206e",0,0,0,8,0,0,0,0
"54f070132f1dfbb093b2df5718685618",0,0,0,11,0,0,0,0
"5b051583d840950cb1230792e65640cd",0,0,0,3,0,0,0,0
"5d23b18722606e31c8a0a5f2bf2a1240",0,0,0,33,0,0,0,0
"61b53a71123ac502d79c4b6caccf450a",0,0,0,7,0,0,0,0
"638085fb77ee43555668c9bdc1f5e0da",0,0,0,7,0,0,0,0
"66bdd3c94b3b8a67626c85aa1bf27dc2",0,0,0,22,0,0,0,0
"68091c636a1a849e4491ef31e98e235a",0,0,0,5,0,0,0,0
"69102feab90827b42753e17a0f41860c",0,0,0,6,0,0,0,0
"6be0f62e4f6d5f7ba32ba02af21e9abb",0,0,0,9,0,0,0,0
"6df175f3c6cd95632276c8d2e8e14955",0,0,0,21,0,0,0,0
"6e06396cbf86d45782e5dfa665862ed0",0,0,0,9,0,0,0,0
"6f6aa60ebee114df28c92a4a9ab8fed5",0,0,0,2,0,0,0,0
"75b87064bb773baa150bd4943cbc31ef",0,0,0,8,0,0,0,0
"79dfa452b1faa08d5aa5eb4b23c25b67",0,0,0,4,0,0,0,0
"7c814af692d2315266194f76ab824c39",0,0,0,12,0,0,0,0
"805d975bffbb16a83f7dce2d7e561d1f",0,0,0,9,0,0,0,0
"83cd35b11b138d320683c1f16aef9345",0,0,0,8,0,0,0,0
"8549e81a1eb1f6cb826d97be438e92d4",0,0,0,16,0,0,0,0
"8a9de0e3e0f28531bf51997cde9b767d",0,0,0,78,0,0,0,0
"8b39e906a20b51222cd157a1f42b6126",0,0,0,6,0,0,0,0
"8d401bab3aef4e5ebe91eb4e66aeb274",0,0,0,20,0,0,0,0
"8d42c926e0868bbbca5a7ef40e3ebeb5",0,0,0,1197,0,0,0,0
"957fa5d6df67b47cfebb6d3415c8150f",0,0,0,6,0,0,0,0
"991cae5d99daaa52aa2474505e81d2e5",0,0,0,8,0,0,0,0
"998534417be4ae369ad105e4da59f420",0,0,0,5,0,0,0,0
"9b0ecfcc84220c842efc47273c241830",0,0,0,2,0,0,0,0
"9b13d6d55aead6213551f3ca1b0393ce",0,0,0,3,0,0,0,0
"a1fb28858cecbb6024f508583249fc5b",0,0,0,101,21,0,0,0
"a4ccd18d14afa3015c6e286adce8178e",0,0,0,7,0,0,0,0
"a57846d65da71af29ef187ab18a6473d",0,0,0,5,0,0,0,0
"a58c48f5c8b56e2c14927b6d6ed2f599",0,0,0,155,0,0,0,0
"a59cc42d97a8c37ca13e37e8d2ba5a90",0,0,0,11,0,0,10,0
"a64371d9c6a59e99940317dfaea7ef9b",0,0,0,2,0,7,2,0
"a861bebf6cfcbc91d48fa3c1269aac51",0,0,0,14,0,0,0,0
"ac49d5f417a627e237c1df37b73d2d58",0,0,0,65,0,46,41,58
"adf2efa0f2833ecbe7951c6717dd84df",0,0,0,9,0,0,0,0
"b1393dcadb05b77b1ea2713d235b9d84",0,0,0,3,0,0,0,0
"b991647bdfa292ed9668c4a545e12db8",0,0,0,11,0,0,0,35
"bb613319987942126dfc0d4fa27c0943",0,0,0,7,0,0,0,0
"bc68c9facbafa6ffe12f1040c534c88b",0,0,0,107,0,0,0,0
"c01bcf0aea85f9a2b97a09f0860efd83",0,0,0,21,0,0,0,0
"c163ddbb962d0c93b20377345374604a",0,0,0,2,0,0,0,0
"c220a9822ab0d777ede357f25dcc39e6",0,0,0,12,0,0,0,0
"c576a078bc584bc588ea599460dfdaa5",0,0,0,4,0,0,0,0
"c5f9212a01fd5a419ed68aa909264bce",0,0,0,6,0,0,0,0
"c6baafe398cc28ea9279df428ebd5c76",0,0,0,4,0,0,0,0
"c70c27ea1aa3bd36cf7d1c6f3e6964f7",0,0,0,10,0,0,0,0
"c76487f2fde57b7ff878e2db26fef13e",0,0,0,5,0,0,0,0
"ceb316f58c09ac3e9f02ae311b154338",0,0,0,21,0,0,0,0
"cf9a04996afb23e0e41eec9bfd034abc",0,0,0,4,0,0,0,0
"d32deb020f2dd0352d07a2a03612d930",0,0,0,21,0,0,0,0
"d6fce966a39680d13e1a5247378e413a",0,0,0,4,0,0,0,0
"d97a7b7d8edfaf40e36ace67fa5e2008",0,0,0,11,0,0,0,0
"da2a3f6ffd338a73571e4bcac67c68e1",0,0,0,12,0,0,0,0
"da7860c2a58e2a1c4695228366a86244",0,0,0,21,29,31,18,45
"da818714be21539ca95d02d99a69a23c",0,0,0,55,0,0,0,0
"dbee9d6269c7371f9cab74750fb2fc97",0,0,0,2,0,0,0,0
"dfa3eaa136fbb925b7e0184e9f67e6cf",0,0,0,17,0,0,0,0
"e1b8ff9290d620d7805f0ff74e6c94d7",0,0,0,4,0,0,0,0
"e93f6de612e4f922f9c21804187a9f8d",0,0,0,3,0,0,0,0
"ebb02baf42ba9c0177539b30d822a08f",0,0,0,8,0,0,0,0
"f0c495bcf669b47183d4d642b2de6227",0,0,0,6,0,0,0,0
"f26146415aec45baba5a9819b5099e1e",0,0,0,7,0,0,0,0
"f5080b06d6083fedd6e2044b084bfe0a",0,0,0,2,0,0,0,0
"f55dccb7be9fc9e9c3ac21fca1a3a387",0,0,0,12,0,0,0,0
"f860e31c9f331266b125ebfe1c6d728d",0,0,0,19,0,0,0,0
"fc46fef1a46ab993a1274d73b5a75409",0,0,0,9,0,0,0,0
"fd527ace806d330c311498d257628626",0,0,0,27,0,0,0,0
"fe434f39def75f08a413792d00eef1c0",0,0,0,8,0,0,0,0
"fee0fd7d306652bee01d47b539896659",0,0,0,88,0,0,0,0
"ff3b761ccb002b8af41212611cc9f1b9",0,0,0,16,0,0,0,0
"ffb0d3519efd68f1f52d18b4c1c30f86",0,0,0,4,0,0,0,0
"0793fda604d3d45e0b06893172b3755f",0,0,0,0,7,0,0,0
"15eae11a1ac4cff7d9f3f0932087244e",0,0,0,0,10,12,21,42
"27f3f3e2247c15b54b2d798380f7ec62",0,0,0,0,55,0,25,57
"30c614adb3174bfe00e0d441dc685826",0,0,0,0,12,0,0,0
"38cc1e7622df1baef9eca7f09dd3e875",0,0,0,0,16,20,48,135
"3f7614f2da2c08e79a5a7fdd0dc0fcdf",0,0,0,0,10,14,0,48
"423e0887e355048abf4a194fce1e753d",0,0,0,0,5,0,0,0
"490ca79d487c76cc2890190a628c68d9",0,0,0,0,2,0,0,4
"4eb5bb8986d93dbe448420dd4108d911",0,0,0,0,3,0,0,0
"53130753327a93e67abe35a6372db524",0,0,0,0,5,0,0,0
"5db92f9ffa0ae5299422c610944db6db",0,0,0,0,3,0,0,0
"5e45573c29a63a4f856d7ad532efa20b",0,0,0,0,5,0,0,0
"69d547634c5a6adf6e0ff204b6d7216f",0,0,0,0,8,6,7,0
"727714b1ead802936b37c596795e2eb1",0,0,0,0,6,0,0,0
"771ae6af94afe917b0d186100a69dfe0",0,0,0,0,5,0,0,7
"815faa4c45870e0dec67577a2ca2d545",0,0,0,0,4,0,0,0
"841ae379877e31013f8fbef822fae2db",0,0,0,0,24,0,0,0
"9e6ca1f695da65da0db91b1223400279",0,0,0,0,4,8,0,15
"b7be204f0f45165e657c46f5b2077779",0,0,0,0,23,0,0,0
"b89d5d520222a1ec428ab79012db4362",0,0,0,0,11,0,12,0
"c9f51d9d9dd9d01e9b28c2603ea67001",0,0,0,0,3,15,0,0
"d064e0e426ea9b45995da4afeeba6b9e",0,0,0,0,4,0,0,0
"d9408e89bb191b3af402911d12a29ee4",0,0,0,0,10,0,0,0
"db6f87915ceeedc3bd1070527fbbf446",0,0,0,0,4,0,0,0
"dbe5ae3dc93a942b980771ae1812973e",0,0,0,0,3,0,0,0
"ecf14f4e5dcf2014f5200c03abadd726",0,0,0,0,3,0,15,3
"f100143757c1e470072a773425a62847",0,0,0,0,26,0,0,0
"f9eac3e855b9038f3722d1100bc6ea6f",0,0,0,0,28,0,0,0
"0766deb7766dea858df3f3110d57bfde",0,0,0,0,0,5,0,0
"0d24ed3aa5dac11a25a099717066e722",0,0,0,0,0,42,24,0
"0db866589f46e2c6d86bd8cda8a06fbe",0,0,0,0,0,30,0,0
"1763013abf58682523843a8638ee027f",0,0,0,0,0,11,0,17
"1931969ce234277a7ea2cc288160c228",0,0,0,0,0,2,0,0
"19c19bb993d300889cdd53063f2cce8f",0,0,0,0,0,2,0,2
"1a4417c7e055810790ab2c0cdf8a9821",0,0,0,0,0,1367,0,0
"1aada01075c7c2b1e5ec55401aa25111",0,0,0,0,0,3,0,0
"1b6df79686718cfaa314b7455a81ca8b",0,0,0,0,0,3,0,0
"313656363233b38fa49ccbc87b70ec79",0,0,0,0,0,4,0,0
"34de7d46e76358cf3c1be328178050d2",0,0,0,0,0,11,0,0
"34e8cc7bfc6f6a79bd096381c6abd7f6",0,0,0,0,0,5,0,9
"356a52482cb23e7a6948b1448f469d0c",0,0,0,0,0,4,0,0
"3aab8fcf9b96c606200833675816787f",0,0,0,0,0,12,23,24
"3b8ab77f97c417a94cb36fbadccf667d",0,0,0,0,0,3,0,0
"3e12933df267f907a666bd00a3dae4e4",0,0,0,0,0,21,0,19
"43d9624d68344e220ba5efa26f685ffa",0,0,0,0,0,16,15,0
"4a6232291da536f79f9858a72a10a447",0,0,0,0,0,3,0,0
"4d03805cf20b6f642b21a8662ffcbeab",0,0,0,0,0,10,0,0
"4e8676451fcb0462044096f52a683d9a",0,0,0,0,0,4,0,0
"4f42b3f930cafdc57202110f36c9d155",0,0,0,0,0,5,0,0
"5460b418cb5aa0ed6c1a4b91e42b17be",0,0,0,0,0,26,19,0
"58da044956db595e79824d4ce21f8d2a",0,0,0,0,0,3,0,0
"5e601d359a77c724b003f80ec914d07e",0,0,0,0,0,8,0,0
"5eb9ede2c49be939dd0591e97d52b13f",0,0,0,0,0,14,22,0
"6052ff55d21c877c94c286820de83841",0,0,0,0,0,10,15,0
"61ddc12c6ffb75a854836c99fbb62a13",0,0,0,0,0,4,6,0
"627ee5dccfd9d02283494a2389061d4f",0,0,0,0,0,10,5,13
"6834580beaff596da5bf51f417538e72",0,0,0,0,0,2,0,0
"6a0b9e7e416a14ff6192e1533471617d",0,0,0,0,0,5,0,0
"6b012fe892890007c407ee22165b1617",0,0,0,0,0,4,0,2
"6b555346eb394d79658fe22a088236b1",0,0,0,0,0,2,0,0
"700f1d4a2a924615078f4ff0300dce64",0,0,0,0,0,18,24,12
"715f795b2fb54b6aa78aecd0133d2c97",0,0,0,0,0,6,19,0
"7c62b922800a45e54259ec3ede384f98",0,0,0,0,0,7,0,32
"7ff6ae235474e1e0cf09c79ead298504",0,0,0,0,0,4,0,0
"800cf227267127e4be65601c09b2ee65",0,0,0,0,0,10,0,0
"8bf4affb8e291dca7db0d1f25263b131",0,0,0,0,0,2,5,16
"8f0992dc4d260d95a597090fb4388d27",0,0,0,0,0,7,0,3
"9392b9818db8b5a7ec7215ccaed20f6c",0,0,0,0,0,18,0,0
"95ef34de11a2c5c42db37a26950a29f7",0,0,0,0,0,7,0,0
"9abf374d970f1f4f252bf1bd69d09ed9",0,0,0,0,0,13,11,21
"9c224042173c0ceba3fd4da24bf3beaa",0,0,0,0,0,2,0,0
"a28ddde40cb9fac545378d99dc7cb855",0,0,0,0,0,6,6,15
"a40bbce3d399826370cbbcb02f8ed7b5",0,0,0,0,0,9,18,22
"a57531da92a43f5d8858c7de6d696896",0,0,0,0,0,6,6,4
"ab10ee114bcb34debd3d658ef11ccc0e",0,0,0,0,0,8,0,0
"acd1ee658a33b9a19aaa28eb09a96e9d",0,0,0,0,0,9,0,0
"ad652e9df564c26b80c3f22f9f4e424a",0,0,0,0,0,4,0,0
"adb93b7834414521114eb0b717bd66aa",0,0,0,0,0,3,0,0
"aef70f981c45011ec82597f80572bfcf",0,0,0,0,0,4,0,0
"b69727221aa79b0c558264758838cc08",0,0,0,0,0,7,16,0
"bd72b7bacb9c63ae0e4efe9ee489eb08",0,0,0,0,0,7,0,0
"bdf5ab281af90a3cc3a947453199765b",0,0,0,0,0,6,0,0
"caf34a03c6b2ab84331574110b2d4837",0,0,0,0,0,18,0,0
"d639ac7ede548706f3c85204b29b3f13",0,0,0,0,0,34,0,5
"d70e99573350cdad1c5d40d6eba13c12",0,0,0,0,0,10,0,0
"d8b2b0d9345534d13b202f3ae27761c7",0,0,0,0,0,4,6,0
"e1158d1673521c1a9f99330e4ca2f0d8",0,0,0,0,0,24,18,0
"e2d18963ee822ba28a1af0fb409edaf3",0,0,0,0,0,5,0,0
"f0dcb9fbc3d3f9a954f3c7d13b7dd85b",0,0,0,0,0,5,11,0
"f165511895815ba99399b9eb8060221c",0,0,0,0,0,10,0,0
"f39f0ba6aff54d64e31a39d3ded50022",0,0,0,0,0,10,0,0
"ff90a1d377b08052f51f1724a6e52445",0,0,0,0,0,5,0,0
"04f292174d97ad7f85a1cefeea614c0b",0,0,0,0,0,0,2,0
"063dcd88f1ba4e92f201d772d1a5ad30",0,0,0,0,0,0,21,67
"126aa4444fa80dba3ec487a56cef054b",0,0,0,0,0,0,50,0
"187f261dc4bc7cd93bb4441a9a690338",0,0,0,0,0,0,6,0
"1abc113298d49695cb4200a151ddae67",0,0,0,0,0,0,3,0
"1c0babc73d4debcbb447afe3af909294",0,0,0,0,0,0,17,58
"1eaa7f834e6ca7cd07f775849c83139b",0,0,0,0,0,0,2,13
"2d614b0610e046e4a98ab4a373dd2c7c",0,0,0,0,0,0,2,0
"3263fda305ada99a8c9b7638516bb22a",0,0,0,0,0,0,4,0
"33d9f2b988c2889b8f0d9218eb30e1b1",0,0,0,0,0,0,4,0
"3fa6d57979f6af6e75607e64037d5038",0,0,0,0,0,0,15,18
"4347759ada5d26da5549aa48e693bb6f",0,0,0,0,0,0,7,0
"471b17aa32ce3d03a8fb12570847e257",0,0,0,0,0,0,2,0
"4d95cf777ad3e4a6605d2406d6512d29",0,0,0,0,0,0,3,0
"58f993fb705fb4c3e2e70f0401b61386",0,0,0,0,0,0,6,12
"5bba11aa3a9dcdd9ab851846dc9b03fb",0,0,0,0,0,0,2,0
"67e69cdbc3ed155519c79a2f4272aaa2",0,0,0,0,0,0,15,0
"6cf1910034583c319c18acf595a75013",0,0,0,0,0,0,30,90
"70237bbcb4d9e6a15f238c9d2dde038c",0,0,0,0,0,0,2,0
"782e12f8a80f05cdf205af0af09cc1bf",0,0,0,0,0,0,2,0
"792979e10fbcd9c83e263b878ae82c71",0,0,0,0,0,0,2,0
"851639465d4349e5f080f30938dc2ee5",0,0,0,0,0,0,5,0
"8a56cc29595bc05c1ae8814bd3e23976",0,0,0,0,0,0,8,0
"8be11993fc9aa8086201bbcbb5324eb3",0,0,0,0,0,0,8,0
"8d361e07858ccb740f59127bcfdd3da0",0,0,0,0,0,0,8,0
"8df94a47621deadc81283a156855ba4b",0,0,0,0,0,0,5,0
"95c5a60e623d4940732da890617c0aa6",0,0,0,0,0,0,8,0
"9bb5699c217e246dd9895555aad784ad",0,0,0,0,0,0,14,0
"a15c201e066e39a70602ce802afabd99",0,0,0,0,0,0,3,0
"a253b862cf7791c9c2bb94e865b775b9",0,0,0,0,0,0,22,0
"a3ba9b214d7034ce7b08143e39366ac8",0,0,0,0,0,0,25,0
"a609a2898254ec0ba969d4f12d28bf92",0,0,0,0,0,0,24,0
"a9e7b529d95d8bba9df5721c3d18e69e",0,0,0,0,0,0,49,0
"b15fa62239f0870c7f2f17f18291b533",0,0,0,0,0,0,7,0
"b5719f6049093306acdb2f6a5b59811e",0,0,0,0,0,0,7,0
"bae568109235974a9614ccb4cf4daba6",0,0,0,0,0,0,38,72
"bbbb9b17d241456841f66e8a1c64b484",0,0,0,0,0,0,20,0
"c1711270b299869388762efbc07b7bc7",0,0,0,0,0,0,8,0
"c377c90eab696336326e7b5f2e61f687",0,0,0,0,0,0,2,0
"c47ff04623d8127d59ebdab07173cecc",0,0,0,0,0,0,2,0
"cd6582c0baf035594ab06408e1cc532a",0,0,0,0,0,0,3,0
"d0d683c1f0b5a2000c44ec9e28ecaa55",0,0,0,0,0,0,4,0
"ebaf5253c49e8e01982626be767c7eb7",0,0,0,0,0,0,4,0
"ec961d625ed277371763c50a5168699e",0,0,0,0,0,0,14,0
"ed80185ef5d2e6b2c4cc44f613617dba",0,0,0,0,0,0,3,0
"f081226bb8c7fd1f54d312371445a8f7",0,0,0,0,0,0,4,0
"f1340faae878eac42c2aee9aed2bfe0d",0,0,0,0,0,0,3,0
"f828560aa2cfdf27677ce142f70edd99",0,0,0,0,0,0,4,5
"fa889864141ad13489ca38a353aae35c",0,0,0,0,0,0,8,0
"01780661b222a9e712fac8cd8d382ae2",0,0,0,0,0,0,0,2
"039f608485b0259d40547479e0cfa19d",0,0,0,0,0,0,0,17
"08aa75174e1dd402a7cb7e46a5691a24",0,0,0,0,0,0,0,10
"12a7ea5f662cc15ee7ff3c89f7049d22",0,0,0,0,0,0,0,19
"158b0b2364cea4f3b1bd71b136e23022",0,0,0,0,0,0,0,27
"180c60d232f1eba1655649b25927f0f0",0,0,0,0,0,0,0,4
"1cda712be3dd4f540f1bd46d6046ef7d",0,0,0,0,0,0,0,11
"244eb923275ce8b4c6e05b148a793900",0,0,0,0,0,0,0,3
"2850d87a196e583776ea46417e7407cf",0,0,0,0,0,0,0,22
"2c8864d4100bfab816701e82c28c26d9",0,0,0,0,0,0,0,6
"2cd3caa06822c2bfe351def6c6bc4f64",0,0,0,0,0,0,0,60
"437fa67cfd3aead9225a05bdb404c37d",0,0,0,0,0,0,0,6
"4477dc2a246422949dec596b1ddfc5b4",0,0,0,0,0,0,0,6
"4b47c515f30c234e2ba96f10c32aae32",0,0,0,0,0,0,0,2
"4cac6bb7dcd7663580ff86210bc2ad71",0,0,0,0,0,0,0,19
"50c15d4a9c66019d19497e09d296737e",0,0,0,0,0,0,0,3
"50f8f8dfd2d568df0b4983f3c5094a46",0,0,0,0,0,0,0,9
"539591ca0b1ccba1670b9d2119c07091",0,0,0,0,0,0,0,8
"5a0b09bfd1fef94f825ff0bec3477e23",0,0,0,0,0,0,0,15
"5a50db3ba62f4494d2d94d409bea5d40",0,0,0,0,0,0,0,15
"5af346e74fbf1a67cd3107b6458398d4",0,0,0,0,0,0,0,3
"610712500b38d1a3ce83f1ab19c33fa2",0,0,0,0,0,0,0,2
"6f7d7b1642ab5086f89204ea566c2c2b",0,0,0,0,0,0,0,50
"7395ba8e0eaf4284eba9b7c8a64a8990",0,0,0,0,0,0,0,7
"7c196a91dbc0c6af32187f3046cf1d20",0,0,0,0,0,0,0,12
"7d66f9a091c5965c38c0955b9654da76",0,0,0,0,0,0,0,26
"7ea4fda60db7da19d003e6e4335270e9",0,0,0,0,0,0,0,3
"80801be172b96353539db0fa3a33f9c2",0,0,0,0,0,0,0,7
"823e63703035d168062ea7ceb6496f8c",0,0,0,0,0,0,0,9
"8e1863cfd95d92db917c2e8c5de8095b",0,0,0,0,0,0,0,6
"8f7e350a7e8207033cc534d76df5b0de",0,0,0,0,0,0,0,11
"8fcf29b5426b4b91a863c5d747a67f24",0,0,0,0,0,0,0,7
"9053b62695f18b3f250170276df130ed",0,0,0,0,0,0,0,7
"949c4b655f2472c2e55f3b31655b5dad",0,0,0,0,0,0,0,43
"9cb6c2f5238a948855ebacc3007cb844",0,0,0,0,0,0,0,16
"a330906e5964bcf36027684b411f6ff2",0,0,0,0,0,0,0,5
"a35e1998f8e308a753815a62834d9ac6",0,0,0,0,0,0,0,3
"a560a3bd331bafa574b7312eadab78c1",0,0,0,0,0,0,0,5
"acd03eca691a20b8d2f31cb844e21c4e",0,0,0,0,0,0,0,19
"ad1a0709c8af2d96f8153664916f55ad",0,0,0,0,0,0,0,3
"af9088b3d5b88b2ba93773bc662ac623",0,0,0,0,0,0,0,8
"b7e47eb370915171d6e96193cc5394da",0,0,0,0,0,0,0,18
"b7f0be8a6458f7c6fe28f332cb3b0d59",0,0,0,0,0,0,0,10
"bd95862729883e6022ce3ed9c5d5e021",0,0,0,0,0,0,0,2
"be026c44dc0145916d7b84786af0fe59",0,0,0,0,0,0,0,12
"bf486b4b1e8e923c64b35d426c1d0850",0,0,0,0,0,0,0,5
"c2ba4c740740252e9bba49da27552249",0,0,0,0,0,0,0,4
"c473532ec01c979175c40c74b03e2fa3",0,0,0,0,0,0,0,14
"c4f6eac818a8843a97f62bc447849dc4",0,0,0,0,0,0,0,7
"c765f2671849991210236ccc02bd094f",0,0,0,0,0,0,0,4
"ca767537961a5fb1bfcae150297e3f4e",0,0,0,0,0,0,0,5
"cb97ceebdde347ccf5acd861a3a5e566",0,0,0,0,0,0,0,4
"d4bff50f1f495633f0f18793d8131304",0,0,0,0,0,0,0,32
"d838f79424bcb1824d32380be4d2852d",0,0,0,0,0,0,0,9
"d9aedffaa718c68ebd23a4c06cb3770c",0,0,0,0,0,0,0,5
"db73a4f0bfafb1802af3f27cab791a47",0,0,0,0,0,0,0,30
"dbb14be6fe780769eac3f30be4637d11",0,0,0,0,0,0,0,6
"de964deb77f8bc6d79ab20208118ac22",0,0,0,0,0,0,0,3
"e6c633559bf5a079e508d617e725faa4",0,0,0,0,0,0,0,4
"f6b49b56bfa46d5e878c490f37149f31",0,0,0,0,0,0,0,9
"f9c5107c50ab43996e917b184807e598",0,0,0,0,0,0,0,16
"fab7063e3c54fce230a47f352535ab8f",0,0,0,0,0,0,0,6
"fdc31528cdb0f601be179de4ea9a6351",0,0,0,0,0,0,0,15
