"ASV_hash","Station_1","Station_10","Station_11","Station_12","Station_13","Station_14","Station_15","Station_16","Station_17","Station_18","Station_19","Station_2","Station_20","Station_21","Station_22","Station_3","Station_4","Station_5","Station_6","Station_7","Station_8","Station_9"
"02844e36bfee71a127da3fed7d8be4c4",11,0,0,20,0,0,0,0,5,0,14,0,10,0,0,24,0,33,0,0,7,0
"07f1d379c77c2ea5f3def93d525fd27e",7,0,3,0,3,0,0,0,0,0,0,0,0,0,0,0,3,0,0,0,3,0
"0a4a01bdbd6a0a58afc4ec367738da4c",4,0,0,0,0,0,0,0,0,0,0,0,0,0,0,0,0,10,0,0,0,0
"0ae261ae0901657fef12ff4b6d742d9a",4,0,0,0,0,0,0,0,0,0,0,0,0,0,0,0,0,0,0,0,0,0
"0f1aa17b87ff033aa2b20f4811fd429d",5,0,0,0,0,0,0,0,0,0,0,0,0,0,0,0,0,0,0,0,0,0
"11aaffe15d736251f179a4aabab47172",5,0,0,0,0,0,0,0,0,0,0,3,0,0,0,0,0,0,0,2,0,0
"1372fdf46e20b8f1b48159d6f436a522",5,0,0,0,0,0,0,0,0,0,0,0,0,0,0,0,0,0,0,11,0,0
"13731a93446d8b2986b18ec8ecaf853b",2,0,0,0,0,0,0,0,0,0,0,0,3,0,0,0,0,0,0,0,0,0
"180c60d232f1eba1655649b25927f0f0",28,0,0,0,0,0,0,0,0,0,0,0,0,0,0,0,0,0,0,0,0,0
"1931969ce234277a7ea2cc288160c228",2,0,0,0,0,0,0,0,0,0,0,0,0,0,0,0,0,0,0,0,0,0
"1a4417c7e055810790ab2c0cdf8a9821",23,0,0,0,0,0,0,0,0,0,0,0,0,0,0,0,0,0,0,0,0,0
"1c30b90aa5b4f8ab744138b38e302522",27,0,0,0,0,0,0,0,0,0,0,0,0,0,0,0,0,0,0,0,0,0
"1eeb9d909762325b31fb0336ff98e9f6",8,0,0,0,0,0,0,0,0,0,0,0,0,0,0,0,0,0,0,0,0,0
"22e251b9ace204a7b246cce62ec63a5e",7,0,0,0,0,0,0,0,0,0,0,0,0,0,0,0,0,0,0,0,0,0
"255d48644a80d94ad3b75e44fbe1c71b",6,0,0,0,0,0,0,0,0,0,0,0,0,0,0,0,0,0,0,0,0,0
"289ad5c58063d28e35d4c17c69802d1e",18,0,0,0,0,0,3,0,3,0,0,11,13,3,15,15,9,32,0,0,0,13
"2bd78d319605af225f3fe23f65b7a4f6",75,0,0,102,0,69,101,0,37,25,47,38,159,52,42,107,176,163,83,83,39,65
"303e4fa4990528f9f9d37364dd1318ba",11,0,0,0,0,0,5,0,13,0,0,0,3,7,0,16,0,12,0,0,0,0
"30a6c4b3119db2c38e80cd632cd5bba5",12,0,0,0,0,0,0,0,0,0,0,5,0,0,0,45,10,32,5,0,0,0
"364ee1c544995cf21012f21565eec36e",7,0,0,0,0,0,0,0,0,0,0,0,0,0,0,0,0,0,0,0,0,0
"37e40cae0a95829b7125ee0a51ab8a05",6,0,0,0,0,0,0,0,0,0,0,0,0,0,0,0,0,9,0,0,0,0
"39ef05eedfd684f5bc0b5f67a8d66fd3",56,0,0,0,0,0,0,0,29,0,0,0,0,0,0,0,0,0,0,0,0,0
"3fb182d5fcbd98a34bcc896218cbe212",7,0,0,0,0,0,0,0,0,0,13,0,0,0,0,0,0,0,0,16,11,12
"402cc8859868dbc873686fdf6362fe3b",6,0,0,0,0,0,0,0,0,0,2,0,5,4,0,0,0,7,4,9,0,0
"42d2f68f33dc334f77d13b7df03307fe",9,0,0,0,0,0,0,0,0,0,0,0,0,0,0,0,0,0,0,0,0,0
"473b2cb83f5bab191bd122bacded9ece",6,0,0,6,0,0,0,0,0,0,0,0,0,0,0,0,0,0,0,0,0,0
"49acab8ebcd6a9a03ec62f317cd419a3",13,0,0,0,0,0,0,0,0,0,0,0,0,0,0,0,0,0,0,0,0,0
"4e870c867fb9151514572dbda2c32c47",13,0,0,0,0,0,0,0,0,0,0,0,3,0,0,0,0,0,0,0,0,0
"5263310284bb210da786fea517ecc97c",26,0,0,0,0,0,0,0,0,0,0,0,0,11,0,7,0,5,0,0,0,0
"53e38a88b59c3bd638af88e39ed67703",18,0,0,0,0,0,5,0,0,0,0,0,0,0,0,0,0,0,0,0,0,0
"5ad8b05d14549c1a2aa6d0e230c627f6",6,0,0,0,0,0,0,0,3,0,0,0,0,0,0,9,9,13,9,4,0,0
"5c968b591f71b4be67166dca8a40ba12",12,0,0,0,0,0,2,0,0,0,10,6,0,0,0,0,2,0,0,0,0,0
"5ce34a78d3c11ca84001dd2b3e421739",16,0,0,0,0,0,0,0,0,0,0,0,0,0,0,0,0,0,0,0,0,0
"5ce78e3c4f46db218721ac9e571ba8c6",3,0,0,0,0,0,0,0,0,0,0,0,0,0,0,0,0,8,0,0,0,0
"63b52571171efe318a269ccd6630b20d",86,0,0,0,0,0,0,0,0,0,0,7,0,0,0,0,0,0,0,0,0,0
"641d0625b43d1664d061a71aaf4e819b",10,0,0,0,0,0,0,0,0,0,0,0,0,0,0,0,0,0,0,0,0,0
"64b7934453929e195503ee0c0c9cd54b",7,0,0,0,0,0,0,0,0,0,0,0,0,0,2,0,0,0,0,0,0,0
"669bea04cd8c17b432d3a9d7ff3c0ec9",10,0,0,0,0,0,0,0,0,0,0,0,0,0,0,0,0,0,0,0,0,0
"6be63c8f3bbcca285e37e409df19f497",8,0,0,0,0,0,24,0,0,0,0,0,0,0,0,0,0,0,6,0,0,0
"6c776869551a388d07276410ef83ddf2",43,0,0,0,0,0,0,0,0,0,0,0,0,0,0,0,0,0,0,0,0,0
"6d7fe285d7c38f5657ed922821cce45f",30,0,0,0,0,6,0,0,0,0,14,8,0,0,0,14,0,16,0,9,0,0
"770c247e06b2594091daaeccf9c5af67",12,0,0,0,0,0,2,0,0,0,0,3,0,0,0,0,0,13,0,0,0,0
"7a114a07454ea81f6ee15d973db8d360",28,0,0,0,0,0,0,0,0,0,18,0,0,0,0,0,0,0,0,24,0,0
"7d6316ea77fd40d6dba666b5d339ec56",3,0,0,0,0,0,0,0,0,0,0,0,0,0,0,0,0,0,0,0,0,0
"7f3523b909ab1d52532370f3fa8b87ff",20,7,0,0,0,0,0,0,0,12,0,0,6,0,0,38,0,14,0,27,23,0
"7f50f57a0e868751717b92ef44b1d804",15,0,0,0,0,0,0,0,0,0,0,0,0,0,0,0,0,0,0,0,0,0
"82a032645ac7c938900985db937a51ee",4,0,0,0,0,0,0,0,0,0,0,0,0,0,0,0,0,0,0,0,0,0
"84f6fb5ea66ce5e1d921e1f2958c45ea",6,0,0,0,0,0,0,0,0,0,0,0,4,0,0,0,0,0,0,0,0,0
"8be11993fc9aa8086201bbcbb5324eb3",9,0,0,0,0,0,0,0,7,0,0,0,0,0,0,7,3,11,0,0,0,0
"9081ea42dc47cf8b13294bf3f2b5e0fb",2,0,0,0,0,0,0,0,0,0,0,0,0,0,0,0,0,0,0,0,0,0
"91a190536f3e12a5d02f8a9675f6d5e1",17,0,18,9,0,0,0,0,0,0,9,0,0,0,0,0,0,0,0,0,0,0
"91b0b42452d92b2bbcfef1e1e2542bd2",17,0,0,0,0,0,0,0,0,0,0,0,0,0,0,0,0,0,0,0,0,0
"92626f2f1d450a4b79639dc3cd43b94e",35,0,0,0,0,0,0,0,0,7,0,0,0,0,0,0,0,0,0,0,0,0
"97568989e5c6dfdeb0c5cdf147818e59",212,7,12,136,0,47,34,12,0,0,8,68,0,8,0,61,25,89,53,95,0,0
"98725d7032cedae3ccee79a648a1a1f2",20,0,0,0,0,0,0,0,0,0,0,12,0,0,0,0,10,0,9,0,0,0
"9996e9541ddacce18aa09ffe518a8eef",127,38,0,0,0,0,138,0,0,42,0,0,0,0,0,0,0,0,0,0,0,0
"9e33928efe415e22a55edf7ae92ef64c",5,0,0,0,0,0,0,0,0,0,0,0,0,0,0,15,0,17,0,0,0,0
"9e5c334f15ba1ee92c82c8cdc4fcbff2",10,0,0,0,0,0,0,0,0,0,0,0,0,0,0,0,0,0,0,0,0,0
"a253b862cf7791c9c2bb94e865b775b9",13,0,0,0,0,0,12,0,0,0,0,0,0,0,0,23,13,23,10,0,0,0
"a3ba9b214d7034ce7b08143e39366ac8",17,0,0,0,0,0,0,0,0,0,0,0,0,0,0,0,0,0,0,0,0,0
"a5345d7680e02e651bc60478ba492087",42,0,11,4,0,0,18,0,0,26,0,37,10,14,0,39,0,28,70,0,0,0
"a59cc42d97a8c37ca13e37e8d2ba5a90",4,0,0,0,0,0,0,0,0,0,0,0,0,0,0,0,0,0,0,0,0,0
"a6800c3976e4a50a9f87fba1f8e8e329",9,0,0,0,0,0,0,0,0,0,0,0,0,0,0,0,0,0,0,0,0,0
"a9129602c58c553127db81381e84d45a",3,0,0,0,0,0,0,0,0,0,0,0,0,0,0,0,0,0,0,0,0,0
"aa12f3dc71e0b3591bd56a848d591406",2,0,0,0,0,0,0,0,0,0,0,0,0,0,0,0,0,0,0,4,4,0
"ac6a7890ee68d96f1ca04404696149dd",17,0,0,0,0,0,0,0,0,0,0,0,0,0,0,0,0,0,0,0,0,0
"afe0d52a77619429b6eb7151a6d62aa0",12,0,0,0,0,0,0,0,0,0,0,0,0,0,0,0,0,0,0,0,0,0
"b2c11ed6507509a475fbb57da7c36b48",10,0,0,0,0,0,9,0,0,0,0,0,7,0,0,14,7,20,11,9,6,0
"b2e79e2f79269d101352f16cbac6738f",3,0,0,0,0,0,0,0,0,0,0,0,0,0,0,0,0,0,0,0,0,0
"b401b4e45a19e0da9cf0303087704948",35,0,0,0,0,0,23,0,0,18,0,0,88,73,41,0,0,0,0,0,0,0
"b4577d1964d684d7ac20193e52985ed9",8,0,0,0,0,0,0,0,0,0,21,0,0,0,0,0,0,0,0,0,0,0
"b47bcb925dca3cca7d87327aa040634d",12,0,0,0,0,0,0,0,0,0,0,0,0,0,0,0,0,0,0,0,0,0
"b5ae45060a2a7192a8963ff7d1ee51c2",48,0,0,0,0,0,12,0,0,0,0,0,0,0,0,0,0,11,0,0,0,0
"b73414f5eca8ee9aa431ad93f8a283de",2,0,0,0,0,0,0,0,0,0,0,0,0,0,0,0,0,0,0,0,0,0
"b7be204f0f45165e657c46f5b2077779",44,0,0,0,0,0,55,0,24,0,0,0,42,20,0,39,0,87,0,36,28,0
"baca52c1d674be7fefbd67b2b4473238",9,0,0,0,0,0,0,0,0,0,0,0,0,0,0,6,0,6,0,0,0,0
"badcc2dff8b101cb0f1a8ecf39d80b82",22,0,0,0,0,0,0,0,0,0,0,9,0,0,0,0,0,16,0,0,0,0
"bc63b40ded854a385d47328f0a82a814",16,0,0,29,0,0,61,16,56,59,0,0,86,28,0,5,0,21,0,0,0,18
"bd2e9c820729ec57cc92e7b9d51f26c1",12,0,0,0,0,0,0,0,0,0,0,10,0,0,0,0,0,0,0,0,0,0
"bf7960aec5884b9dd1213a8570e65cd8",6,0,0,4,0,0,0,0,0,0,4,0,0,0,0,0,0,4,0,0,0,0
"c05bbd464f8e41f830861c677c966901",2,0,0,0,0,0,0,0,0,0,0,0,0,0,0,0,0,0,0,0,0,0
"c09b4a3c05bd8e9f20b0ddbd27034eb2",8,0,0,0,0,0,0,0,0,0,0,0,0,0,0,0,0,0,0,0,0,0
"c5601c628ab67abb00c488bbad1c3a10",26,0,0,8,5,0,6,0,0,2,0,0,8,0,0,0,8,39,0,0,0,0
"cb6cb823433eac6d42654ae25235c95f",22,12,5,0,5,0,0,0,0,0,0,0,0,0,0,0,0,0,0,0,0,0
"cbcec8127e8441cc557262f1d6e1f43c",20,0,0,0,0,0,0,0,0,0,0,0,0,0,0,0,0,0,0,0,0,0
"cd4044ca8422ea2edaacfe70b8913b64",5,0,0,0,0,0,44,0,0,0,0,5,14,0,0,6,0,20,5,13,0,0
"ce9302f61ff41258fab7126404e60b07",44,0,0,0,0,0,0,0,0,0,0,0,0,0,0,0,0,44,30,18,0,0
"d662318c57015d82faa9dcc2830aa9fa",52,17,0,0,0,0,0,11,0,0,51,0,0,0,0,0,0,0,0,0,0,0
"d70e99573350cdad1c5d40d6eba13c12",15,0,0,0,0,0,0,0,0,0,0,0,0,0,0,0,0,0,0,0,0,0
"da7860c2a58e2a1c4695228366a86244",36,0,0,9,0,0,0,0,0,0,0,0,32,9,0,14,56,31,0,0,0,0
"dac491346912fa89ffff65876682991e",2,0,0,0,0,0,0,0,0,0,0,0,0,0,0,0,0,0,0,0,0,0
"ddea9f8ffe90cc150c111eaeb2025a8d",26,0,12,139,0,32,0,13,0,0,38,46,10,13,0,89,17,248,199,87,8,0
"df94c2c0577e0373ca3907be825ce445",6,0,0,0,0,0,0,0,0,0,0,0,0,0,0,0,0,0,0,0,0,0
"e105d21a4d8ee72cc46b26503f3ae151",7,0,0,0,0,0,0,0,0,0,0,0,0,0,0,0,0,15,0,2,4,0
"e388dcf8f312545bc9217970f747b7c7",23,0,0,0,0,0,0,0,0,0,0,0,0,0,0,0,0,0,0,0,0,0
"e4c736456b8222d08b5f4a0c8e4184c5",5,0,0,0,0,0,0,0,0,0,0,0,0,0,0,0,0,0,0,0,0,0
"e62df60b3470a0adf7c91a445cebdc06",10,0,0,0,0,0,0,0,0,0,0,0,0,0,0,0,0,0,0,0,0,0
"e9bd4e5965c9a7d715b92560c86788c6",8,0,0,0,0,0,0,0,0,0,0,3,0,0,0,0,0,0,4,6,0,0
"e9d96cf8f88cba0d54b8e2b07414627b",7,0,0,0,0,0,0,0,0,0,0,2,0,0,0,17,0,0,0,0,0,0
"eb3b367d1a834a6b6651108d5930baf9",6,0,0,0,0,0,0,0,0,0,0,0,0,0,0,6,0,0,0,0,0,0
"ece9be43c9e9420c53c6c8fc8e8b67d8",18,0,0,0,0,0,0,0,0,0,10,0,0,0,0,0,0,0,0,0,0,0
"f525e504d61fdb2f6aea183cb1c39f78",5,0,0,0,0,0,0,0,0,0,0,0,0,0,0,0,0,0,0,0,0,0
"f7f9ef30ca777e975ebb0016fe73f972",5,0,0,0,0,0,0,0,23,0,0,0,0,0,0,11,0,12,0,0,0,0
"f828560aa2cfdf27677ce142f70edd99",3,0,0,0,0,0,0,0,0,0,0,0,0,0,0,0,0,0,0,0,0,0
"fecce13756547103ed5cb874b8d476bf",5,0,0,0,0,0,0,0,0,0,0,0,0,0,0,0,0,0,0,0,0,0
"1137a3872e5e3d2f16fccfd9535f0bdc",0,10,0,0,0,0,0,0,0,0,0,0,0,0,0,0,0,0,0,0,0,0
"1908180d21c41ee1b2fa99fb81006169",0,5,0,0,0,0,0,0,0,0,0,0,0,0,0,0,0,0,7,0,0,0
"20474760ece4cbde53eb395206c1792f",0,20,0,24,0,9,0,9,0,0,0,0,0,0,0,0,0,0,0,0,0,17
"20cb76e3d092e3a2b485c74d04ed8e46",0,2,0,0,0,0,0,0,6,0,0,3,0,0,0,7,3,20,0,0,0,0
"2754f8145001f59f68a3e6943834c866",0,6,0,0,0,0,0,0,0,0,0,4,0,0,0,0,0,0,0,0,0,0
"303604de28181c19cd26116fe431dfd4",0,8,0,0,0,0,0,0,0,0,0,0,0,0,0,0,0,0,0,0,0,0
"312d784f3afa99e6e275c6274bb18fc7",0,3,0,0,0,0,0,0,0,0,0,0,0,0,0,0,0,0,0,0,0,0
"36302dafd7ed1fd6d9a97ba81d5eecf3",0,7,0,9,0,0,0,0,0,0,10,0,0,0,0,0,0,0,0,0,0,0
"398bc4bed58b1799b573fe03a554862a",0,66,0,37,0,0,0,0,0,74,0,0,151,0,42,0,0,51,37,35,64,105
"3a4ff64f9f2c9c7f45f7c686d698e768",0,5,0,0,0,0,0,0,0,0,0,0,0,0,0,0,0,0,0,0,0,11
"511a4720f21e990d5543d7c5afaf53a7",0,5,0,0,0,0,0,0,0,0,0,0,0,0,0,0,0,0,0,0,0,9
"5ac009eb3b460ed398db166f94f21436",0,36,0,0,0,0,0,0,0,16,0,0,0,0,0,0,0,0,0,0,0,8
"637718be1355fd030e6e5baa349cab2b",0,2,0,0,0,0,0,0,0,0,0,0,0,0,0,0,0,0,0,0,0,0
"6ccd02cc198610962739c808ec865e1f",0,5,0,0,0,0,0,0,0,0,0,0,5,0,0,2,0,0,4,0,0,0
"71b8b87a4e383d515baccaa2079d1c7e",0,5,0,0,0,0,20,0,0,0,0,5,0,0,0,0,0,0,0,0,2,0
"726e3123ef7d77ff2fb77a639940d7f0",0,2,0,0,0,0,0,0,0,0,0,0,0,0,0,0,0,0,0,0,0,0
"750aa8ae079867edc31d5618f84c890b",0,21,0,7,0,0,7,10,29,9,0,36,36,0,0,31,16,45,14,15,9,9
"95519fcd2380e9ab29455f3b68d2c781",0,29,17,0,0,0,0,0,0,0,0,0,0,0,0,0,0,0,0,0,0,0
"9b13d6d55aead6213551f3ca1b0393ce",0,2,0,0,0,0,0,0,0,0,0,0,0,0,0,0,0,0,0,0,0,0
"a2471ce57c05bdf3f5f7b3d1270b6446",0,17,0,5,25,4,4,0,0,0,0,0,5,4,39,0,0,0,0,6,4,4
"a44565adedc45f55a55724e690915ee1",0,7,0,0,0,0,0,0,0,0,0,0,0,0,0,0,0,0,0,0,0,0
"aab8654348800bca56e87372fd6ce1ad",0,8,0,0,0,0,0,0,0,0,0,0,0,0,0,0,0,0,0,0,0,0
"b05cdb5292b6608061b8c50c39ab35fc",0,4,0,8,0,6,0,0,0,0,13,0,0,0,0,0,5,0,14,11,2,0
"bb86bb71186118f937b7727f403379e9",0,10,0,0,0,0,0,0,0,0,0,0,0,0,0,0,0,0,0,0,0,0
"dd8cfc2696fdcf0859150946a7eded86",0,2,0,0,0,0,0,0,0,0,0,0,0,0,0,0,0,0,0,0,0,0
"e1bce7e01914aa475a42b57be97e3114",0,5,0,0,0,0,0,0,0,0,0,0,0,0,0,0,0,0,0,0,0,0
"e7d8e5a01f7ba103cb0e5e94d89409cc",0,75,266,771,22,18,330,130,0,164,371,209,5,15,0,1027,189,372,274,208,132,24
"e80af96d1f6babdd7c8c32c466be3354",0,4,0,0,0,0,0,0,0,0,0,0,15,0,0,16,15,28,0,0,0,0
"e82f84c429a45fe5dd8e81b2d921e04d",0,30,24,5,0,0,0,6,0,0,0,6,0,0,0,44,10,27,5,5,0,0
"eeb13f452b71e621f25e26d589b06a52",0,3,0,0,0,0,0,0,0,0,0,0,0,0,0,0,0,0,0,0,0,0
"f08d4804f7761863a73ff389df29277f",0,12,0,0,0,0,0,0,0,0,0,0,0,0,0,8,0,5,0,0,3,0
"f0dbb38cb7fe9e7bc6ef6b272ba8cd0c",0,50,0,276,0,26,0,0,0,0,34,0,0,0,0,0,0,0,0,155,0,0
"fae98d112446444d8334e51e114a55d7",0,19,0,0,0,0,0,0,0,0,0,0,0,0,0,0,0,0,0,0,0,0
"0fd17bf30a424dccf3c824373161d865",0,0,39,0,0,0,0,0,0,0,42,0,0,0,0,0,0,0,0,17,6,0
"1763013abf58682523843a8638ee027f",0,0,11,20,0,0,0,0,33,0,0,0,62,8,0,31,37,55,40,19,9,0
"1d3ede3e5edebe1d15eed78fc63e7105",0,0,2,8,0,0,0,0,0,0,0,0,0,0,0,0,0,0,0,0,0,0
"210b1dfb7e47db1e88f77e1a8fd62847",0,0,4,0,0,0,0,0,0,0,0,0,5,0,0,0,0,0,0,0,0,0
"2c55b6ccf704fd6fa1b4f98ab9744ec8",0,0,12,0,0,0,0,0,0,0,0,0,0,0,0,0,0,0,0,0,0,0
"3c1ed87db1dcb93f3dc9b144f7c1c828",0,0,5,0,0,0,0,0,0,0,0,0,0,0,0,0,0,0,0,0,0,0
"3c537d7b68564a5837fcb746181f078b",0,0,8,0,0,0,0,0,0,0,3,0,0,0,0,0,0,0,0,0,0,0
"3f7614f2da2c08e79a5a7fdd0dc0fcdf",0,0,7,25,0,6,15,0,0,0,0,0,0,0,0,0,20,49,38,9,17,13
"50fb66e3781a993eff7cb4f852da8048",0,0,13,0,0,0,0,0,0,0,0,0,0,0,0,0,0,0,0,0,0,0
"554173f75dd31213bbf59cd87dc4ab6a",0,0,7,0,0,0,0,5,0,0,3,0,0,0,0,0,0,0,8,5,0,0
"5c159b0b583d396ccc0a34f270a87ae3",0,0,8,0,0,0,0,0,0,0,0,0,0,0,0,0,0,0,0,0,0,0
"5de64a5e9aa3b9299edb5599b4c3d7d7",0,0,3,0,0,2,0,0,0,0,0,0,0,0,0,0,0,0,0,0,0,0
"69d5e76a547453409f6d38913fd629c9",0,0,8,17,5,7,0,0,0,0,7,0,0,0,0,0,0,0,15,15,0,0
"6a53917b82d4f780bb3bf140861be49e",0,0,19,0,0,0,0,0,0,0,0,0,0,0,0,0,0,0,0,0,0,0
"74674103915cb13563201382bb5da41d",0,0,5,0,0,0,0,0,0,0,0,0,14,0,0,0,0,0,0,0,0,0
"919c3ee81d883d82f4b5b3f672b3bb76",0,0,221,0,0,0,0,0,0,0,63,0,0,0,0,0,0,0,0,0,0,0
"92b9e8642ed0a06875cb3e8da7ff3713",0,0,4,0,0,0,0,0,0,0,0,0,0,0,0,0,0,0,0,0,0,0
"973d656acbfcaa9a45325de371c89a5d",0,0,58,130,0,0,0,0,54,0,122,105,127,0,41,99,0,93,77,58,0,93
"a85b37aacae9fd1390aded496e5be3f0",0,0,6,0,0,0,0,0,0,0,11,0,0,0,0,0,0,0,0,0,0,0
"ac27c075d65e497c6c674bd842bdff08",0,0,22,23,0,6,43,0,0,0,0,0,0,0,0,0,0,0,0,0,0,0
"b0854ec3f0265801e8319fed0b236743",0,0,2,0,0,0,0,0,0,0,0,0,0,0,0,0,0,0,0,0,0,0
"d52a83debcf5b1ef10dab8a5272910ae",0,0,3,0,0,0,0,0,0,0,0,0,0,0,0,0,0,0,0,0,0,0
"dbe998f7ef3c2f4225041a38e2c44011",0,0,2,0,0,0,0,0,0,0,0,0,0,0,0,0,0,0,0,0,0,0
"e42f36e49ff4139814bc765b25f4e95e",0,0,5,0,0,0,0,0,0,0,0,0,0,0,0,0,0,0,0,0,0,0
"eef5953cac5f92a27be2068c4f4baf10",0,0,9,0,0,12,0,0,0,0,35,0,0,0,0,0,0,0,0,12,0,0
"fe40bb6a56f15750f7653283b653fb55",0,0,6,0,0,0,0,0,0,0,0,0,0,0,0,0,0,2,0,0,0,0
"0021da5e24a76f1d7754222e977e2c4e",0,0,0,18,0,0,4,0,0,0,27,0,4,0,2,6,0,27,16,15,4,0
"0079de7c7a9e585f432e0c83c3899f92",0,0,0,6,0,0,0,0,0,0,0,0,0,0,0,0,0,0,0,0,0,0
"026f9a2bea4f623becfc31fba722aca5",0,0,0,11,0,0,0,0,0,0,0,0,0,0,0,0,0,0,0,0,0,0
"04bb4879ae86944b8984acaabc6967cb",0,0,0,15,0,0,19,0,0,0,0,0,0,0,0,0,0,0,0,0,0,0
"055ae88987890faf68df7ae2e85c58d9",0,0,0,49,0,0,0,0,0,0,0,0,0,0,0,0,0,0,0,0,0,0
"05b9d57d2604bebe2571530c26caf4b7",0,0,0,8,0,0,0,0,0,0,0,0,0,0,0,0,0,0,0,0,0,9
"08abec654ef1f31269decd2b60abcc40",0,0,0,9,0,0,0,0,0,0,0,0,0,0,0,0,0,0,0,0,0,0
"0b7a0216742132aadf4541c6f3175331",0,0,0,21,0,0,11,0,0,0,0,0,0,0,0,0,0,0,0,0,0,0
"0c94104b5ad7e52029fb39a750cd17d5",0,0,0,11,0,0,0,0,0,0,0,0,0,0,0,0,0,0,0,0,0,0
"11b448ff4278444e68bcb5c5a3865da0",0,0,0,12,0,0,0,0,0,0,0,0,0,0,0,0,0,0,0,215,0,0
"14036b8e74e4f6a0d767d5279bc8d694",0,0,0,2,0,0,0,0,0,0,0,0,0,0,0,0,0,0,0,0,0,0
"1a6ec8fe374c8fcc8698f37d00c42d08",0,0,0,3,0,0,0,0,0,0,0,0,0,0,0,0,0,0,0,0,0,0
"1c4d7ddd00719d96b960c4e16c309a2e",0,0,0,10,8,6,0,0,0,0,0,11,0,0,0,22,14,17,18,19,7,4
"1d1d2f0ccdcbf92a462798c61ef037d7",0,0,0,4,0,0,0,0,0,0,0,0,0,0,0,0,0,0,0,0,0,0
"20b0aa73cabedc52d537f5c1622a25c6",0,0,0,8,0,0,0,0,0,0,0,0,0,0,0,0,0,0,0,0,0,0
"25e2d4aee0453680cb9acd38ed953f5b",0,0,0,18,0,0,0,0,0,0,0,0,0,0,0,0,0,0,0,0,0,0
"2cf114d0282bb97b124e3f3db403d189",0,0,0,8,0,0,0,0,0,0,0,0,0,0,0,0,0,0,0,0,0,0
"2e010c4f99cfd17bc5ef5e0491e667be",0,0,0,19,0,0,0,0,0,0,0,0,0,0,0,32,0,44,24,0,0,0
"32a565b89430087c9664c36c90b6ddb9",0,0,0,9,0,0,0,0,0,0,0,0,0,0,0,13,0,0,0,0,0,0
"43d9624d68344e220ba5efa26f685ffa",0,0,0,11,0,2,0,0,0,0,0,14,0,0,0,0,0,12,0,0,0,0
"49a6bb016729bab5d8921c9eb57e95f8",0,0,0,8,0,0,0,0,0,0,0,0,0,0,0,0,3,0,0,0,0,3
"4a2e0ac0d7b4d0a753d14c65184e156d",0,0,0,12,0,0,0,8,0,0,0,0,0,0,0,0,0,0,0,0,0,0
"52fd70dfa3a1ab21ad7e2391af2ae8d4",0,0,0,6,0,0,0,0,0,0,0,0,0,0,0,0,0,0,0,0,0,0
"5460b418cb5aa0ed6c1a4b91e42b17be",0,0,0,21,5,0,0,0,0,17,0,0,0,0,0,0,0,17,0,37,30,24
"56a590539525a65acc2476c5098678d2",0,0,0,14,0,0,0,0,0,0,14,14,0,0,17,25,0,30,41,47,0,13
"5a4ddfbe72bbcdc36b317150a2adc6b9",0,0,0,5,0,0,0,0,0,0,0,0,0,0,0,0,0,0,0,0,0,0
"5c98afaffef2436a2255a77a179b9e3c",0,0,0,2,0,0,0,0,0,0,5,0,0,0,0,0,0,0,0,0,0,0
"6025865babc2a8ec0768dd6fc9afeb36",0,0,0,4,0,0,0,0,0,0,0,0,0,0,0,0,0,0,0,0,0,0
"6053b92b918964c1a3a982ded2adcfcb",0,0,0,7,0,0,0,0,0,0,0,0,0,0,0,0,0,0,0,0,0,0
"646a74d36c6dcb47c990c0e1ac639cb2",0,0,0,3,0,0,0,0,0,0,0,0,0,0,0,0,0,0,0,0,0,0
"66bdd3c94b3b8a67626c85aa1bf27dc2",0,0,0,27,0,0,0,0,0,0,0,0,0,0,41,54,0,54,0,0,0,0
"699e6bd73eb4b3d11462d24a4359184f",0,0,0,5,0,0,0,0,0,0,0,0,0,0,0,0,0,14,0,0,0,0
"6d5247d219fe7df0cd5a727b4047deee",0,0,0,2,0,0,0,0,0,0,0,0,0,0,0,0,0,0,0,0,0,0
"6f84b0aec309fd50ec0102d60d2dba28",0,0,0,20,0,0,0,0,0,0,0,0,0,0,0,0,0,0,0,0,0,0
"7814ea40efe02c33308bfe94ff282bb8",0,0,0,4,0,0,0,0,0,0,0,0,0,0,0,0,0,0,0,0,0,0
"7ea3d83c7840c639b1dbccde39c9bba5",0,0,0,17,0,8,21,0,0,0,0,0,0,0,0,0,0,32,0,0,0,0
"7fa9b0a89521c7a0277562f0f7417a7f",0,0,0,7,0,0,0,0,0,0,0,0,0,0,0,0,0,0,0,0,0,0
"81401ef0de9f00bed5cf92526b9870e7",0,0,0,4,0,0,0,3,0,0,0,0,0,0,0,0,0,0,0,0,0,0
"86917e711bff0e57728f8dddc07f92e0",0,0,0,5,0,0,0,0,0,0,0,0,0,0,0,0,9,19,13,22,0,0
"8716e71b7448dc7ad05fa879f923bce2",0,0,0,6,0,0,0,0,0,0,0,0,0,0,0,0,0,0,0,0,0,0
"880324b404f4dd50e2af78ab81db1331",0,0,0,3,0,0,0,0,0,0,0,0,0,0,0,0,0,0,0,0,0,0
"8a85979f7add11521e7400e220357dfb",0,0,0,3,0,0,0,0,0,0,0,0,0,0,0,0,0,0,0,0,0,0
"8e4b15cf029b79266f4e3e8c8e13efec",0,0,0,3,0,0,0,0,0,0,0,0,0,0,0,0,0,0,0,0,0,0
"8e9e02f039ac6e45ddfd3217829128bf",0,0,0,8,0,0,0,0,0,0,0,0,0,0,0,0,0,13,0,0,0,0
"8eea8ac46f87487786a9892353476f41",0,0,0,5,0,0,0,0,0,0,0,0,0,0,0,0,0,0,0,0,0,0
"9a8a637a9d6830691a699f88d7a953f2",0,0,0,34,0,0,8,0,0,0,0,0,0,0,0,0,0,30,0,26,17,0
"9b8d4f0528b991388143088da7c848d3",0,0,0,4,0,0,0,0,0,0,0,0,0,0,0,0,0,0,0,0,0,0
"9be9ee375dc4c6a87f86dab7a332b331",0,0,0,6,0,0,0,0,0,0,0,0,0,0,0,0,0,0,0,0,0,0
"9dc897039f94328c963aade46d0032c7",0,0,0,2,0,0,0,0,0,0,0,0,0,0,0,0,0,0,0,0,0,0
"a4bbf321b62347b786db54851177ca16",0,0,0,34,0,0,0,0,6,0,0,0,35,0,10,21,7,49,14,0,0,0
"a61a68b1365bb450071eec7f80e744be",0,0,0,6,0,0,0,0,0,0,0,0,0,0,0,0,0,0,0,0,0,0
"a757e3acfe1ffd94bb14a14c1cc89182",0,0,0,4,0,0,0,0,0,0,0,0,0,0,0,0,0,0,0,10,0,0
"ac438d00502fd5b54c25421d349524a9",0,0,0,14,0,0,0,0,0,0,0,0,0,0,0,0,0,0,0,0,0,0
"ae59713f8a524d7f8ff2c084976290b6",0,0,0,20,0,0,0,0,0,0,0,0,0,0,0,0,0,20,11,0,0,0
"b33892a2a4e110b7fe293f07dc6eadbf",0,0,0,6,0,0,0,0,0,0,0,0,0,0,0,0,0,0,0,0,0,0
"b6aea8f2f15a242d50940ccd3b51c12a",0,0,0,24,0,0,0,0,0,0,0,0,0,0,0,0,0,33,8,0,0,0
"b7ec5344b7ce2d899646591a215a8b48",0,0,0,6,0,0,10,0,0,0,0,0,0,0,0,0,0,6,0,0,0,0
"bb2fbf0dea8867860eed84950d188261",0,0,0,29,0,0,17,0,0,0,0,8,12,0,27,0,0,0,0,0,0,0
"be6b994db809ae4298eeb54ad7636d9d",0,0,0,11,0,0,0,14,0,0,0,0,0,0,0,0,0,0,0,0,0,0
"c104ba5a3c3ed119dbab8240b1ba1972",0,0,0,199,0,0,0,0,0,0,0,0,0,0,135,0,0,0,0,147,0,0
"c1caca1a956a6a88d59fd580b0312893",0,0,0,15,0,0,0,0,0,5,0,0,0,0,0,0,0,0,0,0,0,0
"c23467922557b324d5248ee232eb2fab",0,0,0,2,0,0,0,0,0,0,0,0,0,0,0,0,0,3,0,0,0,0
"c535c57d99a124dc0008ad6d67b489e5",0,0,0,9,0,0,0,0,0,0,0,0,0,0,0,0,0,0,0,0,0,0
"c62120d7ff12e2e6c1f898e8f5094a7e",0,0,0,2,0,0,0,0,0,0,0,0,0,0,0,0,0,0,0,0,0,0
"c6fef8f487de79ef9d268fea2ad08052",0,0,0,3,0,0,0,0,0,0,0,0,0,0,0,0,0,0,4,0,0,0
"c934aa2789c86511ddb122cc93325058",0,0,0,5,0,0,0,0,0,0,0,0,0,0,0,0,0,0,0,0,0,0
"ca98a416b9c3b82b9a0da7399b8e22ea",0,0,0,5,0,0,0,0,0,0,0,0,0,0,0,0,0,0,0,0,0,0
"ceb316f58c09ac3e9f02ae311b154338",0,0,0,8,0,0,0,0,0,0,62,0,0,0,0,0,0,0,0,0,0,0
"d639ac7ede548706f3c85204b29b3f13",0,0,0,13,0,0,10,0,0,0,0,3,0,0,4,0,0,0,5,0,0,0
"d78b598a174035c36948aecbf7cd8508",0,0,0,6,0,0,0,0,0,0,0,0,0,0,0,0,0,0,0,0,0,0
"e0b69bd9cfbdf658815338c0cabd9776",0,0,0,6,0,0,0,0,0,0,4,0,0,0,0,0,0,0,0,6,0,0
"e266ffede8fbdbbd00e6eae9f711a38d",0,0,0,13,0,0,0,0,0,0,5,0,0,3,0,19,5,12,0,7,0,0
"e35040186a7010cf5bef768d8b7a0c7e",0,0,0,3,0,0,0,0,0,0,0,0,0,0,0,0,0,0,0,0,0,0
"e6b538ddf40f27ffbd4ce3bb808cb35e",0,0,0,10,0,0,27,0,0,0,0,0,19,0,0,0,0,0,0,0,0,0
"ea9c4452c893caad2db9dd41f3be52e1",0,0,0,7,0,0,0,0,0,0,0,0,0,0,0,0,0,0,0,0,0,0
"ecf14f4e5dcf2014f5200c03abadd726",0,0,0,4,0,0,0,0,0,0,0,0,0,0,8,0,0,0,0,0,0,0
"f4b4f438f88ca0274e5426a0c1506c5f",0,0,0,25,0,0,0,0,10,0,0,0,0,0,0,0,0,0,0,0,0,0
"f90f07fdc343685792b262e6a33ed651",0,0,0,4,0,0,0,0,0,0,0,0,0,0,0,0,0,0,0,0,0,0
"fba42672d7f7ff81749800c7548ed4d2",0,0,0,5,0,0,0,0,0,0,0,0,11,0,0,11,0,31,10,21,0,0
"fc46fef1a46ab993a1274d73b5a75409",0,0,0,3,0,0,0,0,0,0,0,0,7,0,10,0,0,0,0,0,0,0
"fdee0bb5666811fefa4bb991093c3ebf",0,0,0,11,4,0,0,0,0,0,0,0,0,0,0,0,0,0,0,0,0,0
"17541cf4bfd49635f3fcc8959dc52b2e",0,0,0,0,3,0,0,0,0,0,0,0,0,0,0,0,0,0,0,0,0,0
"6a58e3f06f1757c72c6e5a92a7eb30ed",0,0,0,0,3,0,0,0,0,0,0,0,0,0,0,0,0,0,0,0,0,0
"815faa4c45870e0dec67577a2ca2d545",0,0,0,0,2,0,0,0,0,0,12,0,20,3,0,0,0,17,8,0,0,7
"a875888354e78a78d012e78e277cbf08",0,0,0,0,2,0,0,0,0,0,0,0,0,0,0,0,0,0,0,0,0,0
"c1c853e23d7bedb8e01188d04e20e529",0,0,0,0,8,0,0,0,0,0,0,0,0,0,0,0,0,0,0,0,0,0
"fee0fd7d306652bee01d47b539896659",0,0,0,0,46,0,0,0,0,0,0,0,0,0,0,0,0,154,0,0,0,0
"1a21c7a0007252a55ea4ea9ac08f8726",0,0,0,0,0,6,0,0,0,0,0,0,0,0,0,0,0,0,0,0,0,0
"2e9e6e2d7df10c4861b5022b80aaa12f",0,0,0,0,0,2,0,0,0,0,0,0,0,0,0,0,0,2,0,0,0,0
"93a099a93114492ebe991977c0f9231f",0,0,0,0,0,3,0,0,0,0,0,0,0,0,0,0,0,0,0,0,0,0
"a13a83c720671f27e5f9c142207458b7",0,0,0,0,0,12,0,0,0,0,0,0,0,0,0,0,0,0,0,0,0,0
"ac31f6efb888916186792d0e5a875266",0,0,0,0,0,3,0,0,0,0,0,0,0,0,0,0,0,0,0,0,0,0
"e753fcf50943e8174e96ba5872ce6d0e",0,0,0,0,0,2,0,0,0,0,0,0,0,0,0,0,0,0,0,7,0,0
"fde1f2d352be712e5602a77fdbec2870",0,0,0,0,0,3,0,0,0,0,0,0,0,0,6,0,0,0,8,9,0,0
"0680c8e1521426113e6b3415484f1c1e",0,0,0,0,0,0,15,0,0,0,0,0,0,0,0,0,0,31,0,0,0,0
"08a5f327532a582c79ad8cf371b602a7",0,0,0,0,0,0,3,0,0,0,0,0,0,0,0,0,0,0,0,0,0,0
"095ff418de8a51472ada8703c90f350f",0,0,0,0,0,0,3,0,0,0,0,0,0,0,0,0,0,0,0,0,0,0
"15693d098c06f23d6b294362537fec66",0,0,0,0,0,0,30,0,0,0,0,0,0,0,11,0,0,0,0,0,0,0
"15e6ddf7df96b0304574ef310ef02da2",0,0,0,0,0,0,17,0,8,0,0,0,0,0,0,0,0,0,0,0,0,0
"198243c2847695857cf1e6977307389c",0,0,0,0,0,0,9,0,0,0,0,0,18,0,5,0,0,0,0,0,0,0
"23b0a0700d04e069b152bbe9d3129c36",0,0,0,0,0,0,17,0,5,0,0,0,3,2,0,0,0,0,0,0,0,0
"298e807dada0efc5a8bf1f992a089091",0,0,0,0,0,0,4,0,0,0,0,0,0,0,0,0,0,0,0,0,0,0
"2d332a68da71eea901f1ef6bdc820cda",0,0,0,0,0,0,205,0,99,0,0,0,0,0,0,0,0,0,0,0,0,0
"30c614adb3174bfe00e0d441dc685826",0,0,0,0,0,0,7,0,0,0,0,0,0,0,0,11,0,16,0,0,0,0
"313656363233b38fa49ccbc87b70ec79",0,0,0,0,0,0,4,0,0,0,0,0,0,0,0,0,0,0,0,0,0,0
"36f8586369a8df960ea86135d916bd27",0,0,0,0,0,0,2,0,0,0,0,0,0,0,0,0,0,0,0,0,0,0
"379a2ed6d21a515fe741e9d6f224ec0d",0,0,0,0,0,0,11,0,0,0,0,0,0,0,0,0,0,0,0,0,0,0
"41f284288450451343407ea8878911c7",0,0,0,0,0,0,2,0,0,0,0,0,0,0,0,0,0,0,0,0,0,0
"432a7c4c6fb9292e2a9a18f63d2c1d2b",0,0,0,0,0,0,3,0,0,0,0,0,16,0,21,0,0,0,0,0,0,0
"48369bd86be41e49fdd67213302f168b",0,0,0,0,0,0,3,0,0,0,0,0,0,0,0,0,0,0,0,0,0,0
"492083dc7bebbc04a27c919b513f5080",0,0,0,0,0,0,5,0,0,0,0,0,0,0,0,0,0,0,0,0,0,0
"4ae578a9a8b6900cac9d7bb340735139",0,0,0,0,0,0,10,0,0,0,0,0,0,0,0,0,0,0,0,0,0,0
"4b1b28ebfefcdac833142c04455867a3",0,0,0,0,0,0,11,0,7,0,0,0,0,0,0,0,0,0,0,9,0,0
"5159c0805f394a45e214129930e6c0ce",0,0,0,0,0,0,5,0,0,0,0,0,0,0,0,0,0,0,0,0,0,0
"5256325fb1c3f2e330874efca994b226",0,0,0,0,0,0,7,0,0,0,0,0,0,0,0,0,0,11,0,11,0,3
"53df0d9072286353e5071d0bd1870a2c",0,0,0,0,0,0,2,0,0,0,0,0,0,0,0,0,0,0,0,0,0,0
"54eed367e3d5f66ac5f41d40937cfdd0",0,0,0,0,0,0,6,0,0,0,0,0,0,0,0,0,0,0,0,0,0,0
"57f6568423d3f2f30a48328d86d3c8d2",0,0,0,0,0,0,4,0,0,0,0,0,0,0,0,0,0,0,0,0,0,0
"60342963986fece9c4bb15943689beb7",0,0,0,0,0,0,41,0,0,7,0,9,0,0,0,71,13,18,0,0,6,0
"6450eb14c5fb8dc1504d4b5ec62d4936",0,0,0,0,0,0,3,0,0,0,0,0,0,0,0,0,0,0,0,0,0,0
"6504900214deb0817a8ea0df089626e1",0,0,0,0,0,0,11,0,3,0,0,0,15,10,7,0,0,0,0,0,0,0
"65549bb413e10d2e63e5966b00bd85d3",0,0,0,0,0,0,2,0,0,0,0,0,0,0,0,0,0,0,0,0,0,0
"6edb9b00ba53aa3fa707ac9eddcd063b",0,0,0,0,0,0,11,0,0,10,0,0,16,0,0,0,0,0,0,0,0,0
"7464bbc36da4c0e73ee676455278f219",0,0,0,0,0,0,4,0,0,0,10,0,0,0,0,0,0,0,0,0,0,0
"7869f8119da55da9a2d3c77dee0a755d",0,0,0,0,0,0,4,0,0,0,0,0,0,0,0,4,0,0,0,5,0,0
"7c0be1dfc1134d4a45e2bc270e0945a5",0,0,0,0,0,0,3,0,0,0,0,0,0,0,0,7,0,0,0,0,0,0
"7de4b663f38412cbe7e89daccdc4b5a0",0,0,0,0,0,0,2,0,0,0,0,0,3,0,0,0,0,0,0,0,0,0
"7ed4f0dea9f0ee7dd40c3327cc30d262",0,0,0,0,0,0,2,0,0,0,0,0,0,0,0,0,0,0,0,0,0,0
"86ca3e2f9328883f6fb7380c9cc939f6",0,0,0,0,0,0,11,0,0,0,0,0,11,0,0,0,0,0,0,0,0,0
"88c1301b3b6108b85d69b50555bb86e4",0,0,0,0,0,0,4,0,0,0,0,0,0,0,0,0,0,0,0,0,0,0
"8ff781afebe60bae32ed73e6b0c75159",0,0,0,0,0,0,2,0,0,0,0,0,0,0,0,0,0,0,0,0,0,0
"918179b03b3e414dc7b491c3c3729dce",0,0,0,0,0,0,5,0,0,0,0,0,0,0,0,0,0,0,0,0,0,0
"9202654cf7cd1eeb991c9ff5d9d75a0e",0,0,0,0,0,0,3,0,0,0,0,0,3,0,0,0,0,0,0,0,0,0
"9276e23f09dce29108575b14708df2b9",0,0,0,0,0,0,4,0,0,0,0,0,0,0,0,0,0,0,0,0,0,0
"940c95eeb8784c002887c16a1fd38008",0,0,0,0,0,0,5,0,0,0,0,0,7,8,0,0,0,7,0,7,6,0
"967b69566575f198094305f8443e2e63",0,0,0,0,0,0,3,0,0,0,0,0,0,0,0,0,0,0,0,0,0,0
"98fe52c1bf462f6978a87ff9f6099bae",0,0,0,0,0,0,7,0,0,0,0,0,0,0,0,0,0,0,0,0,0,0
"9a03e6df821544b4e519fd3b955bdc4d",0,0,0,0,0,0,64,0,0,0,0,0,55,24,11,0,0,0,0,0,0,0
"9a4d72d205d57a21a808fbe59f05809e",0,0,0,0,0,0,4,0,0,0,0,0,0,0,0,41,0,0,0,0,18,0
"9e11913dc895cb292bf05d3d13bf47f6",0,0,0,0,0,0,3,0,0,0,0,0,0,0,0,0,0,0,0,0,0,0
"a0d3753e3415a0a5de5f704cb560e491",0,0,0,0,0,0,14,0,0,10,0,0,13,0,0,0,0,0,0,0,0,0
"a8ee8a6783be97091783d4403c7d6c25",0,0,0,0,0,0,2,0,0,0,0,0,0,0,0,0,0,0,0,0,0,0
"a9c9b69dae8d3e355351107224087cd3",0,0,0,0,0,0,2,0,0,0,0,0,0,0,0,0,0,0,0,0,0,0
"ab26b1a698680348fcffc876d1c5e530",0,0,0,0,0,0,16,0,0,0,0,0,0,0,0,0,0,0,0,0,0,0
"b10a29db9b643d7ac1088fdd6103f908",0,0,0,0,0,0,7,0,0,0,0,0,0,0,0,0,0,0,0,0,0,0
"b579bd04ac47b7391186e0dd8f66a964",0,0,0,0,0,0,4,0,0,0,0,0,0,0,0,0,0,0,0,0,0,0
"b6cbd962e65d9bd50e6fe8c0e2e81c86",0,0,0,0,0,0,25,0,0,0,0,0,9,0,0,0,0,0,0,0,0,0
"b85a9a0430e02e6ecdcf1a8eba5d4159",0,0,0,0,0,0,3,0,0,0,0,0,0,0,0,0,0,0,0,0,0,0
"c363938c2ee6f38184a9e6b5ed1eb99f",0,0,0,0,0,0,5,0,0,0,0,0,0,0,0,0,0,0,0,0,0,0
"c7f8cd70fac448e629222c58bbcd6205",0,0,0,0,0,0,20,0,0,0,0,0,0,0,0,0,0,0,0,0,0,0
"caae86816f243208d225fb1e798ffaab",0,0,0,0,0,0,55,0,0,0,0,0,0,0,0,0,0,0,0,0,0,0
"ce224c91a291dac897a11acec4c0c91a",0,0,0,0,0,0,5,0,0,0,0,0,0,0,0,0,0,0,0,0,0,0
"de9b46501d422c73943ee767af83ad7c",0,0,0,0,0,0,2,0,0,0,0,0,0,0,0,0,0,13,0,4,0,2
"e245b2858a2da0c14df687b8195e3b0f",0,0,0,0,0,0,9,0,0,0,0,0,5,0,0,11,7,17,6,0,0,0
"e506b48038ffde9b60ca5224b3e873ed",0,0,0,0,0,0,5,0,0,0,0,0,0,0,0,5,0,0,0,0,0,0
"e78d635cf6d362476edf08f963e2f706",0,0,0,0,0,0,3,0,0,0,0,0,0,0,0,0,0,0,0,0,0,0
"eb4b103385eacc81eccb5023787e9d73",0,0,0,0,0,0,3,0,0,0,0,0,0,0,0,0,0,0,0,0,0,0
"ef39cc134644dbf732f66befa45c699d",0,0,0,0,0,0,67,0,0,16,0,0,0,0,0,0,0,0,0,0,0,0
"f6a7f5b22a8199a3e554165a77cde60d",0,0,0,0,0,0,4,0,0,0,0,0,0,0,0,0,0,0,0,0,0,0
"fc3642efcc1ad80187fd56078f686b5d",0,0,0,0,0,0,32,0,0,21,0,0,55,0,0,0,0,19,44,0,28,0
"0fb15abed7c626582b1f1b736f28b6a9",0,0,0,0,0,0,0,12,0,0,0,0,0,0,0,5,0,117,0,0,5,0
"3fe11380a9be298f247163bc78dafeb5",0,0,0,0,0,0,0,9,2,0,0,0,0,0,0,70,19,0,0,0,0,0
"5195e1332990e86f2a4e1bc4724f9a46",0,0,0,0,0,0,0,7,0,0,0,0,0,0,0,0,0,0,0,0,0,0
"67fb91ced5c461c77a947d8f262b1a50",0,0,0,0,0,0,0,7,0,0,0,0,0,0,0,0,0,0,0,0,0,0
"8d401bab3aef4e5ebe91eb4e66aeb274",0,0,0,0,0,0,0,21,0,0,0,0,0,0,0,0,0,0,0,0,0,0
"99b48db4aca8061695be6f755c65c20e",0,0,0,0,0,0,0,35,0,0,0,0,0,0,0,0,0,0,0,0,0,0
"b1ec364e698d3f7f1f7ec22e7e0d84ba",0,0,0,0,0,0,0,3,0,0,0,0,0,0,0,0,0,0,0,0,0,0
"b9d0260e182d32e82cb2793eb7b8325d",0,0,0,0,0,0,0,47,0,0,0,0,0,0,0,0,0,0,0,0,0,0
"c377c90eab696336326e7b5f2e61f687",0,0,0,0,0,0,0,2,0,0,0,0,0,0,0,9,7,0,0,0,2,0
"ce7c99731fbfee9cdb1672a725fa86e0",0,0,0,0,0,0,0,3,0,0,0,0,0,0,0,0,0,0,0,0,0,0
"d18b329ea52479e786bbb7c4d81dc3ad",0,0,0,0,0,0,0,5,0,0,0,0,0,0,0,0,0,0,0,0,0,0
"e0d083bd5a7d1db215205446bcf5a105",0,0,0,0,0,0,0,2,0,0,0,0,0,0,0,0,0,0,0,0,0,0
"06f004cb40308a4cbec56e502282de3d",0,0,0,0,0,0,0,0,11,4,0,0,11,0,0,0,0,0,0,0,0,0
"0852c77bfe16f0148a4282fd32d7cf7b",0,0,0,0,0,0,0,0,2,0,0,0,0,0,0,0,0,0,0,0,0,0
"10e15d094e1585e8afcdf00f8ce55e89",0,0,0,0,0,0,0,0,14,6,0,0,0,0,0,0,0,11,0,6,3,10
"12a9027b7bcfbca3ec1c51d2711eb414",0,0,0,0,0,0,0,0,13,0,0,0,0,0,0,0,0,0,0,0,0,0
"157c584363508ec4496415efbebfde4e",0,0,0,0,0,0,0,0,14,0,9,0,0,0,0,0,0,0,0,0,0,0
"16be88ce9bcad2cc295ee1f826ba5e1f",0,0,0,0,0,0,0,0,5,0,0,0,0,0,0,0,0,0,0,0,0,0
"352eae4acf844f768c969b74e89f70ff",0,0,0,0,0,0,0,0,5,0,0,0,0,0,0,0,0,0,0,0,0,0
"357ae8f9c76907428a7ea58d7abaed95",0,0,0,0,0,0,0,0,5,0,0,0,0,0,0,0,0,0,0,0,0,0
"3c275e34e72aa375ff24a720afc41d3f",0,0,0,0,0,0,0,0,18,0,0,0,0,0,0,0,0,0,0,0,0,0
"41088c678c3746a0dd560a90eb0c5f45",0,0,0,0,0,0,0,0,8,0,0,0,0,0,0,0,0,0,0,0,0,0
"4162735fc2b09f84c1469136196625b2",0,0,0,0,0,0,0,0,6,0,0,0,0,0,0,0,0,0,0,0,0,0
"438112c1298f8a927a60ac034bef22d3",0,0,0,0,0,0,0,0,13,0,12,0,0,0,0,20,0,0,0,0,0,0
"489680fc766ff953aec48cd46976bd0b",0,0,0,0,0,0,0,0,7,0,0,0,0,0,0,0,0,7,0,0,0,0
"4b8d22232cd8843e718b8d15a6baa45c",0,0,0,0,0,0,0,0,2,0,0,0,0,0,0,0,0,0,0,0,0,0
"5028b1157ec6ef5bb8d23a575f301c13",0,0,0,0,0,0,0,0,3,0,0,0,0,0,0,0,0,0,0,0,0,0
"51fc072bae6bcec5e1414897a02225d7",0,0,0,0,0,0,0,0,6,0,0,0,0,0,0,15,0,0,0,0,0,0
"5302a96a34379a00afcf79961970d9af",0,0,0,0,0,0,0,0,4,0,0,0,0,0,0,0,0,0,0,0,0,0
"5a0d1882482d6b296b7fcf6a09a681c3",0,0,0,0,0,0,0,0,9,0,0,0,0,0,0,0,0,0,0,0,0,0
"5db92f9ffa0ae5299422c610944db6db",0,0,0,0,0,0,0,0,17,0,10,9,6,0,0,0,0,0,0,0,0,0
"6087c4e74c59eaae9dcd58a1cb9d301d",0,0,0,0,0,0,0,0,4,0,0,0,0,0,0,0,0,0,11,0,0,0
"615eed233be192c417886289cd7d4f84",0,0,0,0,0,0,0,0,3,0,0,0,0,0,0,0,0,0,0,0,0,0
"64a45790cd020bd2f553c35893a33fdd",0,0,0,0,0,0,0,0,10,3,0,0,0,0,0,0,0,0,0,0,0,0
"6a1ca3071791d6cb06f957b548cb415e",0,0,0,0,0,0,0,0,2,0,0,0,0,0,0,0,0,0,0,0,0,0
"7395ba8e0eaf4284eba9b7c8a64a8990",0,0,0,0,0,0,0,0,8,0,0,0,0,0,0,9,0,34,9,10,0,7
"90b3a4c310b6657b6b1fa6f37e1226a2",0,0,0,0,0,0,0,0,7,0,0,0,0,0,0,0,0,0,0,0,0,0
"963550282dbec203453a41a7b5ca96f8",0,0,0,0,0,0,0,0,8,0,0,0,0,0,0,7,0,11,10,0,0,12
"973b66d41f3740327e54e88e0048ef39",0,0,0,0,0,0,0,0,4,0,0,0,0,0,0,0,0,0,0,0,0,0
"a28ef7d3a5d2314beeeb59da1cbcef30",0,0,0,0,0,0,0,0,4,0,0,0,0,0,0,0,0,0,0,0,0,0
"a8652abb371c4adf470336622782e3b5",0,0,0,0,0,0,0,0,3,0,0,0,0,0,0,0,0,0,0,0,0,0
"b1503def40ed894842a431eebe83db41",0,0,0,0,0,0,0,0,2,0,0,0,0,0,0,0,0,0,0,0,0,0
"b5d2d28b1c59124b9a9a429584be5400",0,0,0,0,0,0,0,0,6,0,0,0,0,0,0,0,0,0,0,0,0,0
"b7436cc86b4c94bf6d0f5a75f205854f",0,0,0,0,0,0,0,0,2,0,0,0,0,0,0,0,0,0,0,0,0,0
"b99cfb471290767930bb4826a5301ed7",0,0,0,0,0,0,0,0,8,0,0,0,0,0,0,0,0,0,0,0,0,0
"bdef40253b51de6e3a02a3c09cf28663",0,0,0,0,0,0,0,0,14,0,0,22,0,0,0,16,0,20,0,0,0,0
"bfc1f52b2a0abd15a6237f2a4b2f6615",0,0,0,0,0,0,0,0,6,0,0,0,0,0,0,0,0,0,0,0,0,0
"c5f92dde3b99a1366591be10910a1285",0,0,0,0,0,0,0,0,14,0,0,0,0,0,0,0,0,0,0,0,0,0
"cb39c1c51097d1672c15ad35299dec8b",0,0,0,0,0,0,0,0,4,0,0,0,0,0,0,0,0,9,0,0,0,0
"cbfa9681c192a722733a7fa1c830bd9f",0,0,0,0,0,0,0,0,4,0,0,0,0,0,0,0,0,0,0,0,0,0
"e2fd73ea5cd09b17038e730aeb3e23b9",0,0,0,0,0,0,0,0,3,0,0,0,0,0,0,0,0,0,0,0,0,0
"e5230384fb3bc43cd82201d820d855e5",0,0,0,0,0,0,0,0,4,0,0,0,0,0,0,0,0,0,0,0,0,0
"f18b5da0940aa8426df94c12dda8c5c5",0,0,0,0,0,0,0,0,3,0,0,0,0,0,0,0,0,0,0,0,0,0
"f34259478a38031ba53fd511bf05c1ff",0,0,0,0,0,0,0,0,3,0,0,0,0,0,0,0,0,0,0,0,0,0
"f45dda6a83b2c412aa021f80c6246c87",0,0,0,0,0,0,0,0,2,0,0,0,0,0,0,0,0,10,11,0,0,0
"0050db2e4a532723681cd154d61d4865",0,0,0,0,0,0,0,0,0,5,0,0,0,0,0,0,0,0,0,0,0,0
"25c41f27004e56754025747f749fb016",0,0,0,0,0,0,0,0,0,5,0,0,0,0,0,0,0,0,0,0,0,0
"608bf31c0b11e79f643bfc31cff60eaa",0,0,0,0,0,0,0,0,0,2,0,0,0,0,0,0,0,0,0,0,0,0
"8c9f5ee1489e8cc262a14f424cff6f4c",0,0,0,0,0,0,0,0,0,13,0,0,0,0,0,0,0,0,0,0,0,0
"f9c5107c50ab43996e917b184807e598",0,0,0,0,0,0,0,0,0,15,0,0,0,0,0,10,0,0,0,0,9,0
"00d52d97b98a826ff82d726bdc392eda",0,0,0,0,0,0,0,0,0,0,2,0,0,0,0,0,0,0,0,0,0,0
"0c287ccb5ae84e5904181eb6dc052f2e",0,0,0,0,0,0,0,0,0,0,4,0,0,0,0,0,0,0,0,0,0,0
"0f3eace255f4b1994d6bf2197e3f10c9",0,0,0,0,0,0,0,0,0,0,13,0,0,0,0,0,0,0,0,0,0,0
"10d08cd8ace7033dadac5c5d1bf82e4b",0,0,0,0,0,0,0,0,0,0,17,0,0,0,0,0,0,0,0,0,0,0
"17e5adf7f8202613d7ed0112a00940e3",0,0,0,0,0,0,0,0,0,0,3,0,0,0,0,0,0,0,0,0,0,0
"1b3332a78275bc59808155c2afb9cbef",0,0,0,0,0,0,0,0,0,0,10,0,0,0,0,8,0,0,0,0,0,6
"2093942fc2b26b2341845c95d33a4d34",0,0,0,0,0,0,0,0,0,0,6,0,0,0,0,0,0,2,3,0,5,3
"2511f5954f3ad13e49fbe9af563fec54",0,0,0,0,0,0,0,0,0,0,4,0,0,0,0,3,0,4,0,0,0,0
"3014165d5f15a3bddf4968db2952f864",0,0,0,0,0,0,0,0,0,0,24,0,0,0,0,9,17,21,0,0,0,0
"33fd440227a9518a505f281fe688e6e6",0,0,0,0,0,0,0,0,0,0,4,0,0,0,0,0,0,0,0,0,0,0
"342434457abcbe4d99aa0ce37f8cfeaf",0,0,0,0,0,0,0,0,0,0,6,0,0,0,0,0,0,0,0,0,0,0
"36f81bdbab260bb0521e2cd7bcf61117",0,0,0,0,0,0,0,0,0,0,5,0,0,0,0,0,0,0,0,6,0,0
"3aa269999723ab805822458ca947f482",0,0,0,0,0,0,0,0,0,0,24,0,0,0,0,0,0,0,0,22,0,0
"3ae0b59081bc72cc261451c49db8fdd5",0,0,0,0,0,0,0,0,0,0,3,0,0,0,0,0,0,0,0,0,0,0
"3e12933df267f907a666bd00a3dae4e4",0,0,0,0,0,0,0,0,0,0,16,0,0,0,0,0,0,0,0,0,0,0
"46a9855159ff7c5cd13c8fe2236d218a",0,0,0,0,0,0,0,0,0,0,2,0,0,0,0,0,0,0,0,0,0,0
"4c6eec9b3f93e84a0e90aedba401b094",0,0,0,0,0,0,0,0,0,0,2,0,0,0,0,0,0,0,0,0,0,0
"5874c8c8052591c3db8958f406ab9dab",0,0,0,0,0,0,0,0,0,0,14,0,0,0,0,0,0,0,0,0,0,0
"59c028a229abcc39be4fd58507efde32",0,0,0,0,0,0,0,0,0,0,9,0,0,0,0,0,0,0,0,0,0,0
"6052ff55d21c877c94c286820de83841",0,0,0,0,0,0,0,0,0,0,5,0,0,0,0,20,0,0,0,0,0,0
"69b224320e0c6a230119cf4dccdbcd53",0,0,0,0,0,0,0,0,0,0,2,0,0,0,0,0,0,0,0,0,0,0
"6b4bcd092c6429f8b6d2798994231a2c",0,0,0,0,0,0,0,0,0,0,2,0,0,0,0,0,0,0,0,0,0,0
"7071e4f5813039055fe5af845ab8e85e",0,0,0,0,0,0,0,0,0,0,4,0,0,0,0,0,0,0,0,0,0,0
"7222d8873a928381e97237456d7a3f92",0,0,0,0,0,0,0,0,0,0,2,0,0,0,0,0,0,0,0,0,0,0
"7ec3a11d772777860ef61419ab75068c",0,0,0,0,0,0,0,0,0,0,6,0,0,0,0,0,0,0,0,0,0,0
"80c7400acd6dbfa5fd1ae9306492c5e6",0,0,0,0,0,0,0,0,0,0,6,0,0,0,0,0,0,0,0,0,0,0
"824a3f6bd8ecf105d4f25716cc3b849a",0,0,0,0,0,0,0,0,0,0,5,0,0,0,0,0,0,0,3,0,0,0
"825ba9ad93c4b39feace5c2d3c414e42",0,0,0,0,0,0,0,0,0,0,11,0,0,0,0,0,0,0,0,0,0,0
"83cd35b11b138d320683c1f16aef9345",0,0,0,0,0,0,0,0,0,0,2,0,0,0,0,0,0,0,0,0,0,0
"8758851726a64219683fbd67d4381593",0,0,0,0,0,0,0,0,0,0,3,0,0,0,0,0,0,0,0,0,0,0
"88d812ad428a671558644e2fbe4f6297",0,0,0,0,0,0,0,0,0,0,5,0,0,0,0,0,0,0,0,0,0,0
"8f291dbb90f2eeced18832c4486cface",0,0,0,0,0,0,0,0,0,0,4,0,0,0,0,0,0,0,0,0,0,0
"9db91ba691116831ba7e4afdb71c08c4",0,0,0,0,0,0,0,0,0,0,8,0,0,0,0,0,0,0,0,0,0,0
"9f4e1382ce7d191ff760a1ef239b8c20",0,0,0,0,0,0,0,0,0,0,12,0,0,0,0,0,0,0,0,0,0,0
"a4734fbf8c24d8f6c045db699b01c80a",0,0,0,0,0,0,0,0,0,0,2,0,0,0,0,0,0,0,0,0,0,0
"a9b51b06dea4cbedc99502e82a927c00",0,0,0,0,0,0,0,0,0,0,6,0,0,0,0,0,0,0,0,0,0,0
"ac2acfd3ef845f0ba1a4216e9f6f4280",0,0,0,0,0,0,0,0,0,0,3,0,0,0,0,0,0,0,0,3,0,0
"b181d637bbd58851ddb5b90e24e65c68",0,0,0,0,0,0,0,0,0,0,7,0,0,0,0,13,0,11,0,0,0,0
"c0bd94fbc80ee4451b0b82fe7b585791",0,0,0,0,0,0,0,0,0,0,7,0,0,0,0,0,0,0,0,0,0,0
"c190b38745a5d9f25267d6a0defd6b5c",0,0,0,0,0,0,0,0,0,0,10,0,0,0,0,0,0,0,0,0,0,0
"dadc98d2f8fe24c9c44a4438242128b9",0,0,0,0,0,0,0,0,0,0,5,0,0,0,0,0,0,0,0,0,0,0
"dbfeceff8f230df53f6c35d0e16653c3",0,0,0,0,0,0,0,0,0,0,13,0,0,0,0,0,0,0,0,0,0,0
"e24d7dffa2975ab273ecda08adf9da2f",0,0,0,0,0,0,0,0,0,0,5,0,0,0,0,0,0,0,0,0,0,0
"ebdd8dfe4dc8c5ba8513fe3bbc5bcd84",0,0,0,0,0,0,0,0,0,0,7,0,0,0,0,0,0,0,0,0,0,0
"f20ca883260afeb9cfb918015ddda6c7",0,0,0,0,0,0,0,0,0,0,6,0,7,0,0,0,0,0,0,0,0,0
"fb5ce52642cf03403210dfb9d5786cd8",0,0,0,0,0,0,0,0,0,0,4,0,0,0,0,0,0,0,0,0,0,0
"fba31ed10f5ebbea98361aeff0c873a4",0,0,0,0,0,0,0,0,0,0,4,0,0,0,0,0,0,0,0,0,0,0
"174b031c22c9f0fc92202b844d126e1c",0,0,0,0,0,0,0,0,0,0,0,5,5,0,0,6,12,19,0,0,0,0
"25c99ef32452dd236a3d3e39f7649052",0,0,0,0,0,0,0,0,0,0,0,11,20,0,0,0,9,27,0,0,0,0
"33249deb3ff2fadd6aa56e12fd1b2833",0,0,0,0,0,0,0,0,0,0,0,6,0,0,0,0,0,6,6,0,0,0
"4549dcbd666831450409485b2982e791",0,0,0,0,0,0,0,0,0,0,0,5,0,0,0,0,0,0,0,0,0,0
"4bfbf250ea55527743db784005d41137",0,0,0,0,0,0,0,0,0,0,0,11,0,0,0,0,0,19,0,0,0,0
"5193844f437c6233c03be5a0317df08c",0,0,0,0,0,0,0,0,0,0,0,5,0,0,0,0,0,19,0,0,0,0
"5978547cdf63592a8cf8edb20d719b90",0,0,0,0,0,0,0,0,0,0,0,2,0,0,0,0,0,0,0,0,0,0
"6d7a6d0a4ec038fe9f267aee125f001e",0,0,0,0,0,0,0,0,0,0,0,5,0,0,0,7,0,0,0,0,4,0
"6fc06f00213bd566cc7385918b5dc72a",0,0,0,0,0,0,0,0,0,0,0,4,0,0,0,0,0,11,0,0,0,0
"715f795b2fb54b6aa78aecd0133d2c97",0,0,0,0,0,0,0,0,0,0,0,7,0,0,0,0,0,0,5,0,0,0
"7825573aa8e9e71181c822368a9bc89a",0,0,0,0,0,0,0,0,0,0,0,5,0,0,0,0,0,10,0,0,0,0
"79134f65c3948ecbeb982608de83d117",0,0,0,0,0,0,0,0,0,0,0,2,0,0,0,0,0,0,0,0,0,0
"8043ee97722f069730d8ad6fc467b54c",0,0,0,0,0,0,0,0,0,0,0,3,0,0,0,0,0,0,0,0,0,0
"8bbec6b43f9fc16499d0262d8cf6ea51",0,0,0,0,0,0,0,0,0,0,0,5,0,0,0,0,0,0,0,0,0,0
"9086bc956542d0c177e7c3d424e5d5e1",0,0,0,0,0,0,0,0,0,0,0,9,0,0,0,0,0,0,0,0,0,0
"9da0db375b4cbe1705b60eb261f9488b",0,0,0,0,0,0,0,0,0,0,0,5,0,0,0,0,0,0,0,0,0,0
"b651b5004bec37059fb69f621d03ef3d",0,0,0,0,0,0,0,0,0,0,0,2,3,0,0,0,0,0,0,0,0,0
"b9e452b0a8204a3fdbb1eeb24326c1ee",0,0,0,0,0,0,0,0,0,0,0,30,0,0,0,112,0,61,15,0,0,0
"d61905fd1f20d4b057cda9aa0f95ab80",0,0,0,0,0,0,0,0,0,0,0,19,0,0,0,0,0,0,0,0,0,0
"d9408e89bb191b3af402911d12a29ee4",0,0,0,0,0,0,0,0,0,0,0,6,0,0,0,0,0,0,0,0,0,0
"e27c72275a8a9410ea69fed4a91db529",0,0,0,0,0,0,0,0,0,0,0,10,0,0,0,0,0,0,0,0,0,0
"08eb296700091f5bb16cb8598b34cc77",0,0,0,0,0,0,0,0,0,0,0,0,26,0,0,0,0,0,0,0,0,0
"09f1acfd19ce04b2779d0bd3c6116b0e",0,0,0,0,0,0,0,0,0,0,0,0,15,0,0,0,0,40,0,0,0,0
"0bc4e25d605373d18f679de401156e1b",0,0,0,0,0,0,0,0,0,0,0,0,11,0,0,0,0,0,0,0,0,0
"1030bac1d2fe8d2da564c5ff6dca6d6b",0,0,0,0,0,0,0,0,0,0,0,0,12,0,0,0,0,0,0,0,0,0
"14f2dcf7ad3757df6ce98f967fb0caa5",0,0,0,0,0,0,0,0,0,0,0,0,47,0,0,0,0,0,0,0,0,0
"160e3bbb57a5862403299610d8ef7146",0,0,0,0,0,0,0,0,0,0,0,0,24,0,0,0,0,0,0,0,0,0
"16865e7a560354a65bd82f9d47a793cd",0,0,0,0,0,0,0,0,0,0,0,0,10,0,0,0,0,0,0,0,0,0
"206bd9605a94e3d90af8074cf52b7f51",0,0,0,0,0,0,0,0,0,0,0,0,5,0,0,0,0,0,2,0,0,4
"2318335ff9298633d418547a95d74ea7",0,0,0,0,0,0,0,0,0,0,0,0,3,0,0,0,0,0,0,0,0,0
"260a412ffd0f8497f7762b1f7d83de72",0,0,0,0,0,0,0,0,0,0,0,0,20,0,0,0,0,6,22,12,0,0
"27449c3c102697ceba30e41be740dd34",0,0,0,0,0,0,0,0,0,0,0,0,8,0,0,0,0,0,0,0,0,0
"27d99d27fdb8e2cda876f8366e19451f",0,0,0,0,0,0,0,0,0,0,0,0,3,0,0,0,0,0,0,0,0,0
"28163c2f98650fe1fec07fb44270e6ea",0,0,0,0,0,0,0,0,0,0,0,0,159,0,0,0,0,0,0,0,0,0
"28718bc252e8d9ca525166a3869f32a3",0,0,0,0,0,0,0,0,0,0,0,0,4,0,0,6,0,0,9,0,0,0
"2dd8060bfb6a11154433fe5ef3cbc222",0,0,0,0,0,0,0,0,0,0,0,0,8,0,0,0,0,32,0,0,0,0
"315d41db68712ab931074215be118837",0,0,0,0,0,0,0,0,0,0,0,0,7,0,0,4,0,0,4,0,0,0
"347c038d597789cdbb18790e1b4d4d8a",0,0,0,0,0,0,0,0,0,0,0,0,6,0,0,0,0,0,0,0,0,0
"43091b851be6ea390a286fab94d0e6c6",0,0,0,0,0,0,0,0,0,0,0,0,6,0,8,0,0,0,0,0,0,0
"4379607e2165862fe741e53606d46796",0,0,0,0,0,0,0,0,0,0,0,0,13,0,0,0,0,0,0,0,0,0
"437fa67cfd3aead9225a05bdb404c37d",0,0,0,0,0,0,0,0,0,0,0,0,2,0,0,0,0,0,0,0,0,0
"4a942ccc75ea11707582c5ef5e884899",0,0,0,0,0,0,0,0,0,0,0,0,2,0,0,0,0,0,0,0,0,0
"4cf2dff64d1cd48aeaffb64da85bb654",0,0,0,0,0,0,0,0,0,0,0,0,11,0,0,0,0,0,0,0,0,0
"4cfd09e848aee682a7a1c741b7c03817",0,0,0,0,0,0,0,0,0,0,0,0,5,0,0,0,0,0,0,0,0,0
"5382538a1a13521e4c13253396e9d374",0,0,0,0,0,0,0,0,0,0,0,0,24,0,0,0,0,0,0,0,0,0
"592ad64e44f3c8dab20529c937b050e8",0,0,0,0,0,0,0,0,0,0,0,0,17,0,0,0,0,0,0,0,0,0
"6122926a608b8af0330a95cdb2b5a040",0,0,0,0,0,0,0,0,0,0,0,0,2,0,0,0,0,0,0,0,0,0
"63fb897064f1add20bc870a54d31b042",0,0,0,0,0,0,0,0,0,0,0,0,7,0,0,0,0,0,0,0,0,0
"64b647838b7a707cf90c275b60ad9137",0,0,0,0,0,0,0,0,0,0,0,0,16,0,0,0,0,0,0,0,0,0
"6807c7e8a10e042c40e5fc463dde3be6",0,0,0,0,0,0,0,0,0,0,0,0,5,0,0,0,0,0,0,0,0,0
"6b6205469f1d92d8c4a9663b4a10bafc",0,0,0,0,0,0,0,0,0,0,0,0,5,0,0,0,0,6,0,0,0,0
"6cf1910034583c319c18acf595a75013",0,0,0,0,0,0,0,0,0,0,0,0,54,0,0,0,0,0,0,0,0,0
"6f44d07acb1f20de6baf28ac500fff84",0,0,0,0,0,0,0,0,0,0,0,0,7,0,0,0,0,0,0,0,0,0
"74732cb5372f4045bd30a465b9ed093b",0,0,0,0,0,0,0,0,0,0,0,0,3,0,0,0,0,0,0,0,0,0
"7532bdd29f61b1bb6d96927818bb5523",0,0,0,0,0,0,0,0,0,0,0,0,7,0,0,0,0,0,0,0,0,0
"779d8867cfc0130d2bdddf11d9e83d8a",0,0,0,0,0,0,0,0,0,0,0,0,3,0,0,0,0,0,0,0,0,0
"77f07d5698d202f1889f5d166ad2c788",0,0,0,0,0,0,0,0,0,0,0,0,26,0,0,0,0,0,0,0,0,0
"7d357e67b351bf195da3f405fc5160f9",0,0,0,0,0,0,0,0,0,0,0,0,4,0,0,0,0,0,0,0,0,0
"89d0c11dcb948666e96c662a2daa3f62",0,0,0,0,0,0,0,0,0,0,0,0,6,0,0,0,0,0,0,0,0,0
"8a7c16c8c217d33e0d8b7fe0910e7d3a",0,0,0,0,0,0,0,0,0,0,0,0,8,0,0,0,0,0,0,0,0,0
"8fb03ff539e80eec5bda40b47a35c33b",0,0,0,0,0,0,0,0,0,0,0,0,21,0,0,0,0,0,0,0,0,0
"915b82a04b2a8a42d5c7e1f37044e331",0,0,0,0,0,0,0,0,0,0,0,0,8,0,0,0,0,0,0,0,0,0
"96628aadd11f03e278d5d50c4c904f99",0,0,0,0,0,0,0,0,0,0,0,0,31,0,0,0,0,0,0,0,0,0
"9f97ed7a12ac63b4bc8e7b8b7be812f1",0,0,0,0,0,0,0,0,0,0,0,0,5,0,0,0,0,0,0,0,0,0
"a00766ab23d8cdebbe23be435d42be23",0,0,0,0,0,0,0,0,0,0,0,0,3,0,0,0,0,0,0,0,0,0
"a2abea629826220618700cbb4bb759cc",0,0,0,0,0,0,0,0,0,0,0,0,14,0,0,0,0,0,0,0,0,0
"a58c48f5c8b56e2c14927b6d6ed2f599",0,0,0,0,0,0,0,0,0,0,0,0,12,0,0,0,0,0,0,0,0,0
"a8399b7d05f2ce35b040ba0809639bde",0,0,0,0,0,0,0,0,0,0,0,0,4,0,0,0,0,0,0,0,0,0
"bc5e83580d528d0fd9d4fcf5e95ec6df",0,0,0,0,0,0,0,0,0,0,0,0,16,0,0,0,0,0,0,0,0,0
"bdead99525f1c9523e4305247b12b256",0,0,0,0,0,0,0,0,0,0,0,0,3,0,0,0,0,0,0,0,0,0
"bdf381fde44c7ad0f65065d9757b3656",0,0,0,0,0,0,0,0,0,0,0,0,3,0,0,0,0,0,0,0,0,0
"c3a1e4dbb5f43b236fb78ad7efcc71e5",0,0,0,0,0,0,0,0,0,0,0,0,5,0,0,0,0,0,0,0,0,0
"ca8d3ee7f7f576c6db2d20d6393f3a96",0,0,0,0,0,0,0,0,0,0,0,0,3,0,0,0,0,0,0,0,0,0
"cd2ba75957bcacf6ee73be135d45a709",0,0,0,0,0,0,0,0,0,0,0,0,3,0,0,0,0,0,0,2,0,0
"d18457bbcc686358b58d6b83a50d980a",0,0,0,0,0,0,0,0,0,0,0,0,20,0,0,0,0,0,0,0,0,0
"d84ba062262cc69db90a18b5a547ab57",0,0,0,0,0,0,0,0,0,0,0,0,9,0,0,4,0,0,0,0,0,0
"db73a4f0bfafb1802af3f27cab791a47",0,0,0,0,0,0,0,0,0,0,0,0,8,0,0,0,0,0,0,0,0,0
"e0c78bcbe8a46a974c09b8b5e44ca7cf",0,0,0,0,0,0,0,0,0,0,0,0,7,0,0,0,0,0,0,0,0,0
"e42da8bebf995c91a4f5ef641b8afb0b",0,0,0,0,0,0,0,0,0,0,0,0,16,0,0,0,0,0,0,0,0,0
"e58841d0f3fe74615b467dd399a4b258",0,0,0,0,0,0,0,0,0,0,0,0,5,0,0,0,0,0,0,0,0,0
"e81a1611b8a352bbc9d8c8f7a24aa5ab",0,0,0,0,0,0,0,0,0,0,0,0,3,0,0,0,0,0,0,0,0,0
"e9584e0f4cb8652e4301856213338dba",0,0,0,0,0,0,0,0,0,0,0,0,4,0,0,0,0,9,0,7,3,3
"ebb1209e1dcc9ac520f825efcbd8d0b3",0,0,0,0,0,0,0,0,0,0,0,0,2,0,0,0,0,0,0,0,0,0
"ef7f39f61c62f542d42906967859a279",0,0,0,0,0,0,0,0,0,0,0,0,4,0,0,0,0,0,0,0,0,0
"f319c525b0aa84b8aa7475b6600678b5",0,0,0,0,0,0,0,0,0,0,0,0,9,0,0,0,0,0,0,0,0,0
"f577a860b8d30dab3303871d7a690cb2",0,0,0,0,0,0,0,0,0,0,0,0,10,0,0,0,0,0,0,0,0,0
"f76164959d7392124a5896d160a02c30",0,0,0,0,0,0,0,0,0,0,0,0,5,0,0,5,0,11,0,0,0,0
"f9908c8ce1f2dce793f5528878fe7724",0,0,0,0,0,0,0,0,0,0,0,0,8,0,0,0,0,0,0,0,0,0
"fadbc7456a0c402cccb8a7e1fb6dff0c",0,0,0,0,0,0,0,0,0,0,0,0,272,0,11,0,0,0,0,0,0,0
"fd24652924080c50c479df3fe0831b59",0,0,0,0,0,0,0,0,0,0,0,0,3,0,0,0,0,0,0,0,0,0
"1ac448d333d286a83fcd4d65b76aaeed",0,0,0,0,0,0,0,0,0,0,0,0,0,10,0,0,0,0,0,0,0,0
"1e3b8a183b156467244be70c4545e9e5",0,0,0,0,0,0,0,0,0,0,0,0,0,2,0,0,0,0,0,0,0,0
"2103d47eb972e09e56ce313418f80dd2",0,0,0,0,0,0,0,0,0,0,0,0,0,5,34,0,0,0,0,0,0,0
"2a28c79e3c7aebd1df735cde2ad0d029",0,0,0,0,0,0,0,0,0,0,0,0,0,19,0,0,29,0,0,0,0,0
"2e5311f340ea3e5609b2a7fb789a72b6",0,0,0,0,0,0,0,0,0,0,0,0,0,3,8,0,0,0,0,0,0,0
"7f750c1e9934cfff21a3bcd9c25746b0",0,0,0,0,0,0,0,0,0,0,0,0,0,5,0,0,0,0,0,0,0,0
"983b867fe9cb575570bf57fef6ba4468",0,0,0,0,0,0,0,0,0,0,0,0,0,19,0,0,0,0,0,0,0,0
"a40bbce3d399826370cbbcb02f8ed7b5",0,0,0,0,0,0,0,0,0,0,0,0,0,3,0,0,0,0,0,0,0,0
"acadd4a2929e156403f51355bb7d8b3b",0,0,0,0,0,0,0,0,0,0,0,0,0,2,0,0,0,0,0,0,0,0
"c6cc62a36fa84164f3af6f4d5efe95d9",0,0,0,0,0,0,0,0,0,0,0,0,0,23,34,0,0,0,0,0,0,0
"f0f93efd0fdd28da8d9134ae2a54dade",0,0,0,0,0,0,0,0,0,0,0,0,0,2,0,0,0,0,0,0,0,0
"f1797fe6ca2842004bc3d33687483925",0,0,0,0,0,0,0,0,0,0,0,0,0,2,0,0,0,0,0,0,0,0
"f3a7d0ac81020bbcb57683d517e8c0b8",0,0,0,0,0,0,0,0,0,0,0,0,0,2,0,0,0,0,0,0,0,0
"08eeaf08e9296760d6c457cbae73d57e",0,0,0,0,0,0,0,0,0,0,0,0,0,0,46,0,0,0,0,0,0,0
"14013555c765e353151c771af97bdbe7",0,0,0,0,0,0,0,0,0,0,0,0,0,0,15,0,0,0,0,0,0,0
"14a50a9d2971e91477fbab754db3d139",0,0,0,0,0,0,0,0,0,0,0,0,0,0,16,0,0,0,0,0,0,0
"15eae11a1ac4cff7d9f3f0932087244e",0,0,0,0,0,0,0,0,0,0,0,0,0,0,8,0,0,0,0,0,0,0
"1d033d7187ea58fdff84442c221b21c0",0,0,0,0,0,0,0,0,0,0,0,0,0,0,50,0,0,0,0,0,0,0
"1f424430bafea6099b7156643c6170d1",0,0,0,0,0,0,0,0,0,0,0,0,0,0,3,0,0,0,0,0,0,0
"25406317b88e6e66c2cb3caa4a12b955",0,0,0,0,0,0,0,0,0,0,0,0,0,0,8,0,0,0,0,0,0,0
"2d3254af8f4428892e73720c5e1764fe",0,0,0,0,0,0,0,0,0,0,0,0,0,0,9,0,0,16,0,10,0,0
"2d44ffb0909e11614a9ac351e7efe88a",0,0,0,0,0,0,0,0,0,0,0,0,0,0,123,0,0,0,0,0,0,0
"2d66db6fc3ba11123df876eb184b09cf",0,0,0,0,0,0,0,0,0,0,0,0,0,0,10,0,0,0,0,0,0,0
"2dfbe8b4e1f10ab108190246d190a084",0,0,0,0,0,0,0,0,0,0,0,0,0,0,6,9,0,0,0,9,0,0
"329755c75d9af0d9178659efae92c56c",0,0,0,0,0,0,0,0,0,0,0,0,0,0,4,0,0,0,0,0,0,0
"48b7359f39786bcea5e783a311d544d9",0,0,0,0,0,0,0,0,0,0,0,0,0,0,11,16,0,0,0,0,0,0
"4aebf817276e5fb1bcb1bfe3ecf98f9b",0,0,0,0,0,0,0,0,0,0,0,0,0,0,2,0,0,2,0,0,0,0
"4b63faf022e3195f58803afb78777236",0,0,0,0,0,0,0,0,0,0,0,0,0,0,33,18,0,0,20,0,0,0
"62116ee7d098da7bbfe426f76fa404a6",0,0,0,0,0,0,0,0,0,0,0,0,0,0,3,0,0,0,0,0,0,0
"6e09441568df3ef3fa8762d25c791d25",0,0,0,0,0,0,0,0,0,0,0,0,0,0,101,0,0,0,0,0,0,0
"758b13408460762749a688485b36d60a",0,0,0,0,0,0,0,0,0,0,0,0,0,0,193,0,0,0,0,0,0,0
"77c7ba36109eb12ed6c1312eeaa654b2",0,0,0,0,0,0,0,0,0,0,0,0,0,0,43,0,0,0,0,0,0,0
"7ceb95d37d0e6926f0c7e75088a00ad2",0,0,0,0,0,0,0,0,0,0,0,0,0,0,4,0,0,0,0,0,0,0
"7d6aec21b52a42fdcca16a626d9d86d5",0,0,0,0,0,0,0,0,0,0,0,0,0,0,28,0,0,0,0,0,0,0
"8039e0880ef1a50dbabe19b6b7397ca7",0,0,0,0,0,0,0,0,0,0,0,0,0,0,10,50,0,0,0,0,0,0
"81324cb74071aaad39704a76947d8d7a",0,0,0,0,0,0,0,0,0,0,0,0,0,0,6,0,0,0,0,0,0,0
"921db683f480cf2589b35edc934fb92d",0,0,0,0,0,0,0,0,0,0,0,0,0,0,11,0,0,0,0,0,0,0
"9dddeb8ef2ac5dd87bf6f13778c3be1c",0,0,0,0,0,0,0,0,0,0,0,0,0,0,3,0,0,0,0,0,0,0
"aa4cd38fdb949fa8c481d126095cec86",0,0,0,0,0,0,0,0,0,0,0,0,0,0,11,0,0,0,0,0,0,0
"abc3c2d1283038b45cabaa6578326932",0,0,0,0,0,0,0,0,0,0,0,0,0,0,2,0,0,0,0,0,0,0
"acad76f7897a46c27608f8ad78643554",0,0,0,0,0,0,0,0,0,0,0,0,0,0,3,0,0,0,0,0,0,0
"afc98b648f5ac17fc54d1d079a506790",0,0,0,0,0,0,0,0,0,0,0,0,0,0,10,0,0,8,0,0,0,0
"b02f86054fb1e42e75cf07691faef35c",0,0,0,0,0,0,0,0,0,0,0,0,0,0,4,0,0,0,0,0,0,0
"bb05475d1c18a331f2492f4a09276a39",0,0,0,0,0,0,0,0,0,0,0,0,0,0,28,0,0,0,0,0,0,0
"ca62bf599c211439a9d1e658ef3a03b7",0,0,0,0,0,0,0,0,0,0,0,0,0,0,5,0,0,0,0,0,0,0
"cbb9adcd54dc41c2fbfc91f588f43f41",0,0,0,0,0,0,0,0,0,0,0,0,0,0,11,0,0,6,0,0,0,0
"cc0d5a9e519a5d3196acfa010cfc3922",0,0,0,0,0,0,0,0,0,0,0,0,0,0,31,0,0,0,0,0,0,0
"cea2d2b5bb8055f5778347cb6834e0a2",0,0,0,0,0,0,0,0,0,0,0,0,0,0,4,0,0,0,0,0,0,0
"d8ef579cb05b5e0c37aab0d8f05a6e91",0,0,0,0,0,0,0,0,0,0,0,0,0,0,12,0,0,0,0,0,0,0
"db9ce8195044e86f42d938aa3a90427b",0,0,0,0,0,0,0,0,0,0,0,0,0,0,5,0,0,0,0,0,0,0
"e8465547010a4443660abae950b93b15",0,0,0,0,0,0,0,0,0,0,0,0,0,0,2,0,0,0,0,0,0,0
"f3064aa669c813828362687adf672673",0,0,0,0,0,0,0,0,0,0,0,0,0,0,12,0,0,0,0,0,0,0
"ff50fa10c582f1d9278dcd72b469de3d",0,0,0,0,0,0,0,0,0,0,0,0,0,0,2,0,0,0,0,0,0,0
"01c9e43768ad48814be204537090bb66",0,0,0,0,0,0,0,0,0,0,0,0,0,0,0,8,0,7,0,0,0,0
"030e776920a88e6473d4b7f5e12d9e5f",0,0,0,0,0,0,0,0,0,0,0,0,0,0,0,17,0,31,0,0,0,0
"03f5ef76a5a72c709cfbc548bef7046d",0,0,0,0,0,0,0,0,0,0,0,0,0,0,0,45,23,40,0,6,0,0
"071a1ce9ad5cb0b54bd24253c9203f49",0,0,0,0,0,0,0,0,0,0,0,0,0,0,0,98,0,0,0,0,0,0
"079e35d7de2f8085e2d18e5286d8cf16",0,0,0,0,0,0,0,0,0,0,0,0,0,0,0,3,0,0,5,0,0,0
"0b9668b081020693930ccc95181f4721",0,0,0,0,0,0,0,0,0,0,0,0,0,0,0,3,0,0,0,0,0,0
"0f851b40f88fdc434f16845bb88b3911",0,0,0,0,0,0,0,0,0,0,0,0,0,0,0,5,0,0,0,0,0,0
"1345ef82e926c41987393acceb2b079e",0,0,0,0,0,0,0,0,0,0,0,0,0,0,0,3,0,0,0,0,0,0
"15b4e28e2e78e651ff42b1c6c4e7fb5c",0,0,0,0,0,0,0,0,0,0,0,0,0,0,0,36,0,42,0,0,0,0
"16a96fc2b23c2ddcde1517e4eca4fadb",0,0,0,0,0,0,0,0,0,0,0,0,0,0,0,3,0,0,0,0,0,0
"16d3e696674e1e5718347b267e52c3db",0,0,0,0,0,0,0,0,0,0,0,0,0,0,0,3,0,0,0,0,0,0
"1af82836b76bafcb5c93ec82c7ef68cb",0,0,0,0,0,0,0,0,0,0,0,0,0,0,0,28,0,32,0,0,0,0
"1e544063cb094377c7e3a8e28dce4e93",0,0,0,0,0,0,0,0,0,0,0,0,0,0,0,4,0,4,0,0,0,0
"1eaa7f834e6ca7cd07f775849c83139b",0,0,0,0,0,0,0,0,0,0,0,0,0,0,0,8,0,6,0,0,0,0
"210d4dec20ddb87537ccdb08fe2d3f69",0,0,0,0,0,0,0,0,0,0,0,0,0,0,0,5,0,0,0,0,0,0
"21f123de792fb5f339b74c7e5d268175",0,0,0,0,0,0,0,0,0,0,0,0,0,0,0,6,0,0,0,0,0,0
"230168c5fb14a3552a2c9053d8d98310",0,0,0,0,0,0,0,0,0,0,0,0,0,0,0,68,0,0,20,0,0,0
"28e420a2104bbd5d02c66c0e379a513c",0,0,0,0,0,0,0,0,0,0,0,0,0,0,0,12,0,0,0,0,0,0
"29dd23106a13ba5e9cb73e352c9d3202",0,0,0,0,0,0,0,0,0,0,0,0,0,0,0,5,0,0,0,0,0,0
"2ab6c7ec1fce408b610ee1a7c6e8ee48",0,0,0,0,0,0,0,0,0,0,0,0,0,0,0,19,0,0,0,0,0,0
"2cc0537b610ecd520a7ed2fb58fb8860",0,0,0,0,0,0,0,0,0,0,0,0,0,0,0,4,0,0,0,0,0,0
"3240bb9cd3d2f16e1727089fd4fb44ac",0,0,0,0,0,0,0,0,0,0,0,0,0,0,0,4,0,0,0,0,0,0
"3414eea3c000a675e6dc0ab58c8a9569",0,0,0,0,0,0,0,0,0,0,0,0,0,0,0,4,0,5,0,0,0,0
"383d1b3a7addddcbe98bb8b1867754f2",0,0,0,0,0,0,0,0,0,0,0,0,0,0,0,7,0,0,0,0,0,0
"3deedaeaf26d2996b94ac15d33e745e9",0,0,0,0,0,0,0,0,0,0,0,0,0,0,0,12,0,0,0,0,0,0
"403984ed4aad9a5da8a755c8f76d7c82",0,0,0,0,0,0,0,0,0,0,0,0,0,0,0,3,0,0,0,0,0,0
"4693e17dcd58ebd31e79f8b8dd62b3dc",0,0,0,0,0,0,0,0,0,0,0,0,0,0,0,13,0,8,0,0,0,0
"489f15aba0a4bd8ed0841fef752ff1d4",0,0,0,0,0,0,0,0,0,0,0,0,0,0,0,2,0,0,0,0,0,0
"49911610c7250f9afc91abbf3b42d801",0,0,0,0,0,0,0,0,0,0,0,0,0,0,0,8,0,0,0,0,0,0
"4d80df686162e208c746ea5f2b10d0fa",0,0,0,0,0,0,0,0,0,0,0,0,0,0,0,169,0,17,184,0,83,0
"52be0363725044efb179ad83a37dd5d5",0,0,0,0,0,0,0,0,0,0,0,0,0,0,0,8,0,5,0,0,0,0
"558442ef0695f033d9cf21c6bf5d9cda",0,0,0,0,0,0,0,0,0,0,0,0,0,0,0,3,0,0,0,0,0,0
"57307846a1b4ae00e845bab77b044327",0,0,0,0,0,0,0,0,0,0,0,0,0,0,0,11,3,0,0,0,0,0
"59ff9b708b61de41a84e1a9dbbc9b765",0,0,0,0,0,0,0,0,0,0,0,0,0,0,0,2,0,0,0,0,0,0
"5b9e88ed97d3d684d045bce25f91f254",0,0,0,0,0,0,0,0,0,0,0,0,0,0,0,13,0,0,0,0,0,0
"5f1d48b8ee0517a42a1c1970585fd6f1",0,0,0,0,0,0,0,0,0,0,0,0,0,0,0,51,0,16,0,0,0,0
"6107356933e049735348a173049b072b",0,0,0,0,0,0,0,0,0,0,0,0,0,0,0,9,0,0,0,0,0,0
"63935f21680567b63a38cdcc4bdee64b",0,0,0,0,0,0,0,0,0,0,0,0,0,0,0,2,0,0,0,0,0,0
"64693f9e450251d63fb7212b560c32fc",0,0,0,0,0,0,0,0,0,0,0,0,0,0,0,16,9,11,0,0,0,0
"65a7ead99734c50014b5b55fd7bd43c3",0,0,0,0,0,0,0,0,0,0,0,0,0,0,0,7,0,8,5,0,0,0
"6b42d2a75dd79b96e77f6e5b7afaf44e",0,0,0,0,0,0,0,0,0,0,0,0,0,0,0,19,0,0,0,0,0,0
"774187017e541ba65081072bbf69bdde",0,0,0,0,0,0,0,0,0,0,0,0,0,0,0,6,4,0,5,0,0,7
"78686b6cf4b8146eedc759d097c01e89",0,0,0,0,0,0,0,0,0,0,0,0,0,0,0,3,0,0,3,0,0,0
"7b3054ac2712eb8f5925d3f5a5b6260f",0,0,0,0,0,0,0,0,0,0,0,0,0,0,0,4,0,7,0,0,0,0
"83f7017739336f40476cc284ea68b742",0,0,0,0,0,0,0,0,0,0,0,0,0,0,0,3,0,11,6,0,0,0
"83f7718300d657ce53ec1fe3bfa77205",0,0,0,0,0,0,0,0,0,0,0,0,0,0,0,14,0,0,0,0,0,0
"8d36d4716c3478ffe62270edaa52a8f2",0,0,0,0,0,0,0,0,0,0,0,0,0,0,0,27,15,52,21,0,11,0
"9b2b57c50fea0cf332490ac48bf20ad6",0,0,0,0,0,0,0,0,0,0,0,0,0,0,0,3,0,0,0,0,0,0
"a0940a577bf265f7ac42c07c7f149980",0,0,0,0,0,0,0,0,0,0,0,0,0,0,0,13,0,15,0,9,0,0
"a0efe1662b0b68ddaa92df12f2ec6232",0,0,0,0,0,0,0,0,0,0,0,0,0,0,0,3,4,0,0,0,0,0
"a97f25d15931283d6ab6a5e7f04d2df9",0,0,0,0,0,0,0,0,0,0,0,0,0,0,0,2,0,0,0,0,0,0
"aab751405448244a67ac1c5ee9c4f393",0,0,0,0,0,0,0,0,0,0,0,0,0,0,0,3,0,0,0,0,0,0
"ac49d5f417a627e237c1df37b73d2d58",0,0,0,0,0,0,0,0,0,0,0,0,0,0,0,26,0,36,0,17,0,0
"adf553fcd6f887355626260646b31c1d",0,0,0,0,0,0,0,0,0,0,0,0,0,0,0,6,0,0,0,0,0,0
"aed5e6a3fe06bfb041ef6e1ee5a8183c",0,0,0,0,0,0,0,0,0,0,0,0,0,0,0,13,0,0,0,0,0,0
"b0645922dba0068ba006153ddca0f830",0,0,0,0,0,0,0,0,0,0,0,0,0,0,0,9,0,0,0,0,0,0
"bda634596eca5918724f01957d01727f",0,0,0,0,0,0,0,0,0,0,0,0,0,0,0,2,0,0,0,0,0,0
"beec05950c5b203d5b4ba494337ffffc",0,0,0,0,0,0,0,0,0,0,0,0,0,0,0,15,0,0,0,9,0,0
"c7e5c8878f7ccc769940266cbfce412d",0,0,0,0,0,0,0,0,0,0,0,0,0,0,0,3,0,0,0,0,0,0
"cafefedd88cb924d91c00fb892d7a958",0,0,0,0,0,0,0,0,0,0,0,0,0,0,0,27,0,0,0,0,0,0
"cb720b6b4e6874d6c97811e9942d8cec",0,0,0,0,0,0,0,0,0,0,0,0,0,0,0,12,0,0,0,0,0,0
"ce6678556da0f75b0daa004db45548d0",0,0,0,0,0,0,0,0,0,0,0,0,0,0,0,16,0,0,0,0,0,0
"cea486a5eec58ce1d8c483f72d1aab74",0,0,0,0,0,0,0,0,0,0,0,0,0,0,0,3,0,0,0,0,0,0
"d75721f003820130f9898822d3d96a44",0,0,0,0,0,0,0,0,0,0,0,0,0,0,0,2,0,0,0,0,0,0
"d7ecac6c173c39df90425d6e62f6d117",0,0,0,0,0,0,0,0,0,0,0,0,0,0,0,20,0,46,0,0,0,0
"dfe8014c9344051602b231a47f9ed0ef",0,0,0,0,0,0,0,0,0,0,0,0,0,0,0,2,0,0,0,0,0,0
"e34466f3ae98b68b25a2874756db39f1",0,0,0,0,0,0,0,0,0,0,0,0,0,0,0,7,0,0,0,0,0,0
"e7294c2cdd87725938726f1b4c5f0413",0,0,0,0,0,0,0,0,0,0,0,0,0,0,0,10,0,10,0,0,0,0
"e7fefeb6169f98e4c9585156e8fa4683",0,0,0,0,0,0,0,0,0,0,0,0,0,0,0,11,0,0,0,0,0,0
"ec9b689af95bfc1f8e69edf04061aae4",0,0,0,0,0,0,0,0,0,0,0,0,0,0,0,27,0,0,0,0,8,0
"ef479dc2a3c08cca4131511b87f003d6",0,0,0,0,0,0,0,0,0,0,0,0,0,0,0,14,0,0,0,0,0,0
"f0dcb9fbc3d3f9a954f3c7d13b7dd85b",0,0,0,0,0,0,0,0,0,0,0,0,0,0,0,6,0,0,0,0,0,0
"f253d8aa72c2fd53378530f1e8b817e9",0,0,0,0,0,0,0,0,0,0,0,0,0,0,0,9,0,0,0,0,0,0
"f83dc3391ed47bba2d45d2dd9acc5555",0,0,0,0,0,0,0,0,0,0,0,0,0,0,0,2,0,0,0,0,0,0
"00cfab26f510f7d6e4d38ec022fe3d19",0,0,0,0,0,0,0,0,0,0,0,0,0,0,0,0,6,22,0,0,0,0
"015059b243c59a7004c7ffe6335ab2cd",0,0,0,0,0,0,0,0,0,0,0,0,0,0,0,0,3,0,0,0,0,0
"07266ddcd68a0f00dfc29ae2c7536fa3",0,0,0,0,0,0,0,0,0,0,0,0,0,0,0,0,2,0,0,0,0,0
"1a656374241d89bc0049b8a67d94e1a7",0,0,0,0,0,0,0,0,0,0,0,0,0,0,0,0,5,0,0,0,0,0
"242b3ac769d119bf0a1c20ab48b45ccd",0,0,0,0,0,0,0,0,0,0,0,0,0,0,0,0,9,0,0,0,0,0
"2c49ddd93717f329e40f8f556f78ac12",0,0,0,0,0,0,0,0,0,0,0,0,0,0,0,0,108,0,0,0,0,0
"342ddb983642b2180da7ec2da267ae3c",0,0,0,0,0,0,0,0,0,0,0,0,0,0,0,0,4,0,0,0,0,0
"35254ca51eeb502bbe847bc8d88bfa3a",0,0,0,0,0,0,0,0,0,0,0,0,0,0,0,0,2,0,0,0,0,0
"41959d01c5bbaa855e090f1aca7e564a",0,0,0,0,0,0,0,0,0,0,0,0,0,0,0,0,14,0,0,0,0,0
"4a93da12f97948ef81cad238a3cd3944",0,0,0,0,0,0,0,0,0,0,0,0,0,0,0,0,2,0,0,0,0,0
"4e431b2be0cc80688a58856d183960ba",0,0,0,0,0,0,0,0,0,0,0,0,0,0,0,0,43,0,0,0,0,0
"516fd4382423de12413f67122dce2cc1",0,0,0,0,0,0,0,0,0,0,0,0,0,0,0,0,3,0,0,0,0,0
"71052a03dead5153b941c1282981f40f",0,0,0,0,0,0,0,0,0,0,0,0,0,0,0,0,5,5,0,0,0,0
"8a1c84f02eddb6c288826ad9c0c30595",0,0,0,0,0,0,0,0,0,0,0,0,0,0,0,0,4,0,0,0,0,0
"9e6ca1f695da65da0db91b1223400279",0,0,0,0,0,0,0,0,0,0,0,0,0,0,0,0,3,16,6,0,0,0
"a9ba6553e6c22e118831418d89f31251",0,0,0,0,0,0,0,0,0,0,0,0,0,0,0,0,2234,0,0,0,0,0
"ad30d9245798712a26bed67404b9500f",0,0,0,0,0,0,0,0,0,0,0,0,0,0,0,0,4,13,0,0,0,0
"b01d46a4a43b00c395abe3105d762c0c",0,0,0,0,0,0,0,0,0,0,0,0,0,0,0,0,5,0,0,0,0,0
"b3ab8a76d0e4dea0fbbc10b0a1d28fa3",0,0,0,0,0,0,0,0,0,0,0,0,0,0,0,0,6,0,0,0,0,0
"c70c27ea1aa3bd36cf7d1c6f3e6964f7",0,0,0,0,0,0,0,0,0,0,0,0,0,0,0,0,16,23,17,0,0,0
"dc7a2caf1b761b17cbd869c02f679867",0,0,0,0,0,0,0,0,0,0,0,0,0,0,0,0,3,0,0,8,0,4
"e49b752959fa2caaeb5dcb1bf7c43085",0,0,0,0,0,0,0,0,0,0,0,0,0,0,0,0,2,0,0,0,0,0
"f56e0d2c2ecd3a5884d0b332e86ff3a0",0,0,0,0,0,0,0,0,0,0,0,0,0,0,0,0,4,12,0,0,0,0
"f9d99d333a9f2fcb6e554c390a170962",0,0,0,0,0,0,0,0,0,0,0,0,0,0,0,0,4,0,0,0,0,0
"006de53fd9a51d44c3b9de2908c4692b",0,0,0,0,0,0,0,0,0,0,0,0,0,0,0,0,0,4,0,0,0,0
"0166bce6062986c73374742502470664",0,0,0,0,0,0,0,0,0,0,0,0,0,0,0,0,0,5,0,0,0,0
"057c45fc8b9b0f993bcbbfca29f1329c",0,0,0,0,0,0,0,0,0,0,0,0,0,0,0,0,0,2,0,0,0,0
"06e517b037548b153072c8310dbbdcca",0,0,0,0,0,0,0,0,0,0,0,0,0,0,0,0,0,5,0,3,0,0
"0d24ed3aa5dac11a25a099717066e722",0,0,0,0,0,0,0,0,0,0,0,0,0,0,0,0,0,38,0,0,0,0
"0de5666ef9b445f6b08f08b34b39b62c",0,0,0,0,0,0,0,0,0,0,0,0,0,0,0,0,0,5,0,0,0,0
"107894a2a38bcb30cac1969db6c7bebd",0,0,0,0,0,0,0,0,0,0,0,0,0,0,0,0,0,13,0,0,0,0
"116eb2c7ac77edc1c606810304f57fa3",0,0,0,0,0,0,0,0,0,0,0,0,0,0,0,0,0,20,0,0,0,0
"11c48c00d53a4548d0355a19baa0912c",0,0,0,0,0,0,0,0,0,0,0,0,0,0,0,0,0,18,0,0,0,0
"17539bbe5838d34d771cb8ed7ea8cd8d",0,0,0,0,0,0,0,0,0,0,0,0,0,0,0,0,0,2,0,0,0,0
"19a10ba643cdf376c8b0b8abb763f336",0,0,0,0,0,0,0,0,0,0,0,0,0,0,0,0,0,4,0,0,0,0
"1ae265a060a1ff610ac4698f80ad9df8",0,0,0,0,0,0,0,0,0,0,0,0,0,0,0,0,0,15,0,0,0,0
"1d2de5577ac0226b8283af3f87c6742d",0,0,0,0,0,0,0,0,0,0,0,0,0,0,0,0,0,4,0,0,0,5
"206a901daf94ab59d2d11bdec2573bdf",0,0,0,0,0,0,0,0,0,0,0,0,0,0,0,0,0,5,0,0,0,0
"217e9f019f1f71d40d188dd8cd5856f1",0,0,0,0,0,0,0,0,0,0,0,0,0,0,0,0,0,17,0,0,0,0
"22f254d6e601aa67bd58a0c35f91841b",0,0,0,0,0,0,0,0,0,0,0,0,0,0,0,0,0,41,0,0,0,0
"239dba48fa1b746d63a0afcdc0e289e9",0,0,0,0,0,0,0,0,0,0,0,0,0,0,0,0,0,5,0,0,0,0
"263cc868e1904923c1232c6ba14dd64e",0,0,0,0,0,0,0,0,0,0,0,0,0,0,0,0,0,5,0,0,0,0
"29e423890ffb848a8c3da67157e007d2",0,0,0,0,0,0,0,0,0,0,0,0,0,0,0,0,0,7,0,0,0,0
"2a1edc2f3366ef6b7203ccbc8e09a94b",0,0,0,0,0,0,0,0,0,0,0,0,0,0,0,0,0,3,0,0,0,0
"2c903e1eed129344252e1f1fecdd0553",0,0,0,0,0,0,0,0,0,0,0,0,0,0,0,0,0,4,0,0,0,0
"2fd96036d42fc98a0eed44ec25e4266d",0,0,0,0,0,0,0,0,0,0,0,0,0,0,0,0,0,3,0,0,0,0
"31e11d7110448a2732a9d7fa421a85f6",0,0,0,0,0,0,0,0,0,0,0,0,0,0,0,0,0,17,0,0,0,0
"3233d64689b6f9179ab34abb389a3123",0,0,0,0,0,0,0,0,0,0,0,0,0,0,0,0,0,6,0,2,0,0
"32937a6b3033e7fdb3f4a5081ca40fc4",0,0,0,0,0,0,0,0,0,0,0,0,0,0,0,0,0,3,0,0,0,0
"33ea0701ac686a6885ed970eda37cfe0",0,0,0,0,0,0,0,0,0,0,0,0,0,0,0,0,0,18,0,0,0,0
"34fce6e925975e17a26266523836c8cc",0,0,0,0,0,0,0,0,0,0,0,0,0,0,0,0,0,11,0,0,0,0
"364e05e80ae1dba26127f71c5f76b529",0,0,0,0,0,0,0,0,0,0,0,0,0,0,0,0,0,4,0,0,0,0
"3d85548917c2962311fa30679e9853b1",0,0,0,0,0,0,0,0,0,0,0,0,0,0,0,0,0,3,4,0,0,0
"4131ed55628bfae596c691d896e1e610",0,0,0,0,0,0,0,0,0,0,0,0,0,0,0,0,0,6,0,0,0,0
"41761d558e8aab9a600fac6ad6a4027c",0,0,0,0,0,0,0,0,0,0,0,0,0,0,0,0,0,16,0,0,0,0
"433560bf5b37e3c86502cd98bb318396",0,0,0,0,0,0,0,0,0,0,0,0,0,0,0,0,0,5,0,0,0,0
"4347759ada5d26da5549aa48e693bb6f",0,0,0,0,0,0,0,0,0,0,0,0,0,0,0,0,0,35,0,0,0,0
"445f355d8e297ee694c86f4f54f01b07",0,0,0,0,0,0,0,0,0,0,0,0,0,0,0,0,0,3,0,0,0,0
"4477dc2a246422949dec596b1ddfc5b4",0,0,0,0,0,0,0,0,0,0,0,0,0,0,0,0,0,9,0,0,0,0
"4a77ab8c373fa4e1be1ae1dc97e32aaa",0,0,0,0,0,0,0,0,0,0,0,0,0,0,0,0,0,11,3,0,0,0
"4cf960dc2ca47a6ae9a779d7644e418b",0,0,0,0,0,0,0,0,0,0,0,0,0,0,0,0,0,16,9,0,0,0
"4d95cf777ad3e4a6605d2406d6512d29",0,0,0,0,0,0,0,0,0,0,0,0,0,0,0,0,0,13,0,0,0,3
"4f49fab0bea5a95af2998a2ef12f2248",0,0,0,0,0,0,0,0,0,0,0,0,0,0,0,0,0,6,0,0,0,0
"507e2ceecc64a8c7228389112277be69",0,0,0,0,0,0,0,0,0,0,0,0,0,0,0,0,0,4,0,0,0,0
"51a58a5b0683b2060afacdc81dbbb268",0,0,0,0,0,0,0,0,0,0,0,0,0,0,0,0,0,3,0,0,0,0
"53480f1fd5839e837941ad729de8c5af",0,0,0,0,0,0,0,0,0,0,0,0,0,0,0,0,0,6,0,0,0,0
"5451a5b2f4ef79609fe999c477a2ae6b",0,0,0,0,0,0,0,0,0,0,0,0,0,0,0,0,0,2,0,0,0,0
"5d17aaab220cd23fd574a3b0e8ab3b3c",0,0,0,0,0,0,0,0,0,0,0,0,0,0,0,0,0,3,0,0,0,0
"5e2faeee6674c1d747eefd6c8d0e2f9d",0,0,0,0,0,0,0,0,0,0,0,0,0,0,0,0,0,20,0,0,0,0
"5e601d359a77c724b003f80ec914d07e",0,0,0,0,0,0,0,0,0,0,0,0,0,0,0,0,0,4,0,0,0,0
"5f20a93033f956b7926480cadc30d5f7",0,0,0,0,0,0,0,0,0,0,0,0,0,0,0,0,0,9,0,0,2,0
"60312744a71aeabc9c11354a656c0724",0,0,0,0,0,0,0,0,0,0,0,0,0,0,0,0,0,2,0,0,0,0
"608b0181ad66502da5a360415278d216",0,0,0,0,0,0,0,0,0,0,0,0,0,0,0,0,0,6,0,0,0,0
"60bb3b12b78d2d7a2becd14ab6617576",0,0,0,0,0,0,0,0,0,0,0,0,0,0,0,0,0,7,0,0,0,0
"625e2ac9e312226a9591b3e9c634c1e8",0,0,0,0,0,0,0,0,0,0,0,0,0,0,0,0,0,7,8,0,0,0
"62706176babf12a0394965fbb6a219b2",0,0,0,0,0,0,0,0,0,0,0,0,0,0,0,0,0,6,0,0,0,0
"64979c7cf8639a73ba48d0471d19fba5",0,0,0,0,0,0,0,0,0,0,0,0,0,0,0,0,0,5,0,0,0,0
"656d47549a611be6a9120bc7b83daf7a",0,0,0,0,0,0,0,0,0,0,0,0,0,0,0,0,0,6,0,0,0,0
"657833b2961f312ab79f46aeac09c89b",0,0,0,0,0,0,0,0,0,0,0,0,0,0,0,0,0,3,0,0,0,0
"6621951ae88e73250d5ffa7ab4f4635b",0,0,0,0,0,0,0,0,0,0,0,0,0,0,0,0,0,3,0,0,0,0
"66fbce529a756238fb5c92f49ca98716",0,0,0,0,0,0,0,0,0,0,0,0,0,0,0,0,0,5,0,0,0,0
"68c9e392f78a9dee3458fccaa87d6cc0",0,0,0,0,0,0,0,0,0,0,0,0,0,0,0,0,0,3,0,0,0,0
"6a0b9e7e416a14ff6192e1533471617d",0,0,0,0,0,0,0,0,0,0,0,0,0,0,0,0,0,9,0,0,0,0
"6b0fedbd8c0301161dbca649857a6727",0,0,0,0,0,0,0,0,0,0,0,0,0,0,0,0,0,3,0,0,0,0
"6e720f19005a1de2aa019d85d24f3135",0,0,0,0,0,0,0,0,0,0,0,0,0,0,0,0,0,3,0,0,0,0
"706f56ea07af637010016e0e7bf05e16",0,0,0,0,0,0,0,0,0,0,0,0,0,0,0,0,0,4,0,0,0,0
"7352136719ba75d2e484d8b50073e20e",0,0,0,0,0,0,0,0,0,0,0,0,0,0,0,0,0,26,11,0,0,0
"739d252e0830d66d071ff8b3f2054d82",0,0,0,0,0,0,0,0,0,0,0,0,0,0,0,0,0,21,4,16,0,0
"75f85bc46250d61863ac9230e2b903dd",0,0,0,0,0,0,0,0,0,0,0,0,0,0,0,0,0,2,0,0,0,0
"76171deb672cad996543d83911ce0954",0,0,0,0,0,0,0,0,0,0,0,0,0,0,0,0,0,3,0,0,0,0
"783a2a370776ebc0f177085871963891",0,0,0,0,0,0,0,0,0,0,0,0,0,0,0,0,0,4,0,0,0,0
"7996a0ee55c6198bfaa4750c7ea4362c",0,0,0,0,0,0,0,0,0,0,0,0,0,0,0,0,0,8,6,0,0,0
"79e97edcd1393acfb8c679a4faef38dc",0,0,0,0,0,0,0,0,0,0,0,0,0,0,0,0,0,8,0,0,0,0
"7c814af692d2315266194f76ab824c39",0,0,0,0,0,0,0,0,0,0,0,0,0,0,0,0,0,20,6,0,0,0
"7f8ab6d245a09f8a7c6fa8591c9a4978",0,0,0,0,0,0,0,0,0,0,0,0,0,0,0,0,0,8,0,0,0,0
"807eacf6dcf522bdecd02cf3a6f79bf4",0,0,0,0,0,0,0,0,0,0,0,0,0,0,0,0,0,6,0,0,0,0
"861471dd5b97c451e206e8fe0973bf44",0,0,0,0,0,0,0,0,0,0,0,0,0,0,0,0,0,42,0,0,0,0
"8767983a4a06a8de6ec15ed0c52aca79",0,0,0,0,0,0,0,0,0,0,0,0,0,0,0,0,0,2,0,0,0,0
"88ef86d81534868395fb67e798019dcc",0,0,0,0,0,0,0,0,0,0,0,0,0,0,0,0,0,3,0,0,0,0
"8fd3d92296633e12b80b2803bd776527",0,0,0,0,0,0,0,0,0,0,0,0,0,0,0,0,0,3,0,0,0,0
"949c4b655f2472c2e55f3b31655b5dad",0,0,0,0,0,0,0,0,0,0,0,0,0,0,0,0,0,30,0,0,0,0
"9544007a18dc1fa4047e62fb43c4a4e2",0,0,0,0,0,0,0,0,0,0,0,0,0,0,0,0,0,22,0,0,0,0
"96b5e6da4440761ded59b75db453f05f",0,0,0,0,0,0,0,0,0,0,0,0,0,0,0,0,0,2,0,0,0,0
"96e345f9e06aabc3e9424a82af2cc56b",0,0,0,0,0,0,0,0,0,0,0,0,0,0,0,0,0,9,0,0,0,0
"9925bd900c1952e931aa2e683876f8e6",0,0,0,0,0,0,0,0,0,0,0,0,0,0,0,0,0,8,0,0,0,0
"9e97b8e85bd7333b33b64863f930354f",0,0,0,0,0,0,0,0,0,0,0,0,0,0,0,0,0,16,0,15,11,0
"9f341249ddc150c4595a05c80a6ab7bf",0,0,0,0,0,0,0,0,0,0,0,0,0,0,0,0,0,3,0,0,0,0
"9f52918c3be8f3d935f25ea29619de49",0,0,0,0,0,0,0,0,0,0,0,0,0,0,0,0,0,9,0,2,0,0
"a234e620c05415ff724d20b4fc75b5db",0,0,0,0,0,0,0,0,0,0,0,0,0,0,0,0,0,7,0,0,0,0
"a3c68e37584d79dcb3f844c97073f505",0,0,0,0,0,0,0,0,0,0,0,0,0,0,0,0,0,18,0,0,0,0
"ac7b8b6c4adada75f2410e3e5607c990",0,0,0,0,0,0,0,0,0,0,0,0,0,0,0,0,0,2,0,0,0,0
"acd51fd9416ea7c6ba44773304d8e6b5",0,0,0,0,0,0,0,0,0,0,0,0,0,0,0,0,0,16,0,0,0,0
"ad3d7761d2faab8ab17296392ebd2761",0,0,0,0,0,0,0,0,0,0,0,0,0,0,0,0,0,6,0,0,0,0
"aec516ea70630df5d58b94f3b2c894f5",0,0,0,0,0,0,0,0,0,0,0,0,0,0,0,0,0,8,0,0,0,0
"b4f407aa4fddc23192b3ea8829083873",0,0,0,0,0,0,0,0,0,0,0,0,0,0,0,0,0,4,0,0,0,0
"b5c112b33ed051c1181143ce3d4e2a62",0,0,0,0,0,0,0,0,0,0,0,0,0,0,0,0,0,3,0,0,0,5
"b6632aa13513e11c32a6e8254037c39b",0,0,0,0,0,0,0,0,0,0,0,0,0,0,0,0,0,9,0,6,0,0
"bc68c9facbafa6ffe12f1040c534c88b",0,0,0,0,0,0,0,0,0,0,0,0,0,0,0,0,0,4,0,0,0,0
"bf9900cf5b288563c3ba985e130d413c",0,0,0,0,0,0,0,0,0,0,0,0,0,0,0,0,0,7,0,0,0,0
"c26326f5d193e6b7ef64f5bd7ddfedfe",0,0,0,0,0,0,0,0,0,0,0,0,0,0,0,0,0,12,0,0,0,0
"c28a6f8707f210d32fd4ef86901df9da",0,0,0,0,0,0,0,0,0,0,0,0,0,0,0,0,0,2,0,0,0,0
"c2c3a0866a14cae4a79daac3b05a4b07",0,0,0,0,0,0,0,0,0,0,0,0,0,0,0,0,0,6,0,3,0,0
"c611a93d01ffccfed9c3ee1e1036f679",0,0,0,0,0,0,0,0,0,0,0,0,0,0,0,0,0,15,0,0,0,0
"c7c23ba83904b61f23131be8a57b54ea",0,0,0,0,0,0,0,0,0,0,0,0,0,0,0,0,0,5,0,0,0,3
"ceb8ea04a885087a7f1f56051ec5ab68",0,0,0,0,0,0,0,0,0,0,0,0,0,0,0,0,0,4,0,0,0,0
"cf163b2cbd9823f4b6bbc08a4eeea809",0,0,0,0,0,0,0,0,0,0,0,0,0,0,0,0,0,8,0,0,0,0
"d39a1a5ac15e598528d94dc92f9c64b7",0,0,0,0,0,0,0,0,0,0,0,0,0,0,0,0,0,16,8,4,0,0
"d5dd92cf9146d006e93c60503edf6ace",0,0,0,0,0,0,0,0,0,0,0,0,0,0,0,0,0,3,0,0,0,0
"da7b6490e7b74dddbf17b97419c698ae",0,0,0,0,0,0,0,0,0,0,0,0,0,0,0,0,0,8,0,0,0,0
"e108ddaf02eca02a205410d23cc7a8fa",0,0,0,0,0,0,0,0,0,0,0,0,0,0,0,0,0,10,0,0,0,0
"e1158d1673521c1a9f99330e4ca2f0d8",0,0,0,0,0,0,0,0,0,0,0,0,0,0,0,0,0,9,0,0,0,0
"e2650fb93ff6c8c97c1d71f8cdb2f3c8",0,0,0,0,0,0,0,0,0,0,0,0,0,0,0,0,0,5,0,0,2,0
"e583fb826e38da9e187c36e3ab4ff6b6",0,0,0,0,0,0,0,0,0,0,0,0,0,0,0,0,0,4,0,0,0,0
"e8280ba09c7213c66668553a0f8cb0f5",0,0,0,0,0,0,0,0,0,0,0,0,0,0,0,0,0,2,0,0,0,0
"ed6b24410b8db018bc4dbfbcd0e95e1d",0,0,0,0,0,0,0,0,0,0,0,0,0,0,0,0,0,6,0,0,0,0
"edb62817958b2b6502210cd959be4ec8",0,0,0,0,0,0,0,0,0,0,0,0,0,0,0,0,0,7,7,4,0,0
"ee5e5c9bbfebd808c49eadbc2daa284c",0,0,0,0,0,0,0,0,0,0,0,0,0,0,0,0,0,5,0,0,0,0
"ef9429bf4ccc498b32d38fcd75c1cbcc",0,0,0,0,0,0,0,0,0,0,0,0,0,0,0,0,0,11,7,0,0,0
"efca1cc1ddc4a0cf18744046fcb51d67",0,0,0,0,0,0,0,0,0,0,0,0,0,0,0,0,0,7,0,0,0,0
"f0c495bcf669b47183d4d642b2de6227",0,0,0,0,0,0,0,0,0,0,0,0,0,0,0,0,0,4,0,0,0,0
"f100143757c1e470072a773425a62847",0,0,0,0,0,0,0,0,0,0,0,0,0,0,0,0,0,50,0,0,0,0
"f3c32b4103539ea2928ba2912fb464c7",0,0,0,0,0,0,0,0,0,0,0,0,0,0,0,0,0,11,17,0,0,0
"f8c870b917462f77dad402c3221a611e",0,0,0,0,0,0,0,0,0,0,0,0,0,0,0,0,0,3,0,0,0,0
"fc560a5a1ee3a1df00a1d37bbe640bbd",0,0,0,0,0,0,0,0,0,0,0,0,0,0,0,0,0,6,0,0,0,0
"ff90a1d377b08052f51f1724a6e52445",0,0,0,0,0,0,0,0,0,0,0,0,0,0,0,0,0,3,0,0,0,0
"ff9ed165c4c162854f6f38de9720e505",0,0,0,0,0,0,0,0,0,0,0,0,0,0,0,0,0,5,0,0,0,0
"018ff9370cad6a596201a069030eb608",0,0,0,0,0,0,0,0,0,0,0,0,0,0,0,0,0,0,2,0,0,0
"03ab4513bae09891380fdf6306f80424",0,0,0,0,0,0,0,0,0,0,0,0,0,0,0,0,0,0,2,0,0,0
"0f42e5aab70526a500b159d07f468687",0,0,0,0,0,0,0,0,0,0,0,0,0,0,0,0,0,0,19,0,0,0
"1277ae83b35fe8e52f88209c15bd9efc",0,0,0,0,0,0,0,0,0,0,0,0,0,0,0,0,0,0,11,0,0,0
"1387ceea7aaa44e25939479deb5b9f7c",0,0,0,0,0,0,0,0,0,0,0,0,0,0,0,0,0,0,3,10,0,0
"17e79e7428e1faaee8e0f51182338103",0,0,0,0,0,0,0,0,0,0,0,0,0,0,0,0,0,0,4,0,0,0
"227aaf9a1077c191f8f2cd743ca355f2",0,0,0,0,0,0,0,0,0,0,0,0,0,0,0,0,0,0,10,0,0,0
"3bdb1b23136e9e81d05d89d726e4acb8",0,0,0,0,0,0,0,0,0,0,0,0,0,0,0,0,0,0,16,0,0,0
"3e3b45ca908ed18d811b5ccd94feef85",0,0,0,0,0,0,0,0,0,0,0,0,0,0,0,0,0,0,3,0,0,0
"3f37ddcc4412134a188dd52ca5204708",0,0,0,0,0,0,0,0,0,0,0,0,0,0,0,0,0,0,2,0,0,0
"44acfc3a2c15e75e85d32f995ee0b1c6",0,0,0,0,0,0,0,0,0,0,0,0,0,0,0,0,0,0,7,0,0,0
"5835a95ccc5d7920f37ae77774280e81",0,0,0,0,0,0,0,0,0,0,0,0,0,0,0,0,0,0,2,0,0,0
"5cbe57fbece4f3997e990771008843e1",0,0,0,0,0,0,0,0,0,0,0,0,0,0,0,0,0,0,3,0,0,0
"790a23752e3b1cd060558a06e1a4d89a",0,0,0,0,0,0,0,0,0,0,0,0,0,0,0,0,0,0,2,0,0,0
"7a6f0678e50197057a85881739511d13",0,0,0,0,0,0,0,0,0,0,0,0,0,0,0,0,0,0,6,0,0,0
"8f203a060515c20eb5d468b9e8edd8c9",0,0,0,0,0,0,0,0,0,0,0,0,0,0,0,0,0,0,6,0,0,0
"983a3ecd3f9580f2dfbba5027ed4c181",0,0,0,0,0,0,0,0,0,0,0,0,0,0,0,0,0,0,9,0,0,0
"b51ea50689a381207ab13fe65020f888",0,0,0,0,0,0,0,0,0,0,0,0,0,0,0,0,0,0,6,0,0,0
"c99b9e5e036fb5691542dc0dda933b07",0,0,0,0,0,0,0,0,0,0,0,0,0,0,0,0,0,0,3,0,0,0
"c9b3e073d6772782abe5299641442bbc",0,0,0,0,0,0,0,0,0,0,0,0,0,0,0,0,0,0,2,0,0,0
"cb9a89e4b7b2abf3cca252dcb84071b7",0,0,0,0,0,0,0,0,0,0,0,0,0,0,0,0,0,0,23,0,0,0
"d12e1cb43a1d8838c8d83967972e2156",0,0,0,0,0,0,0,0,0,0,0,0,0,0,0,0,0,0,44,0,0,0
"d15c4d9f3c9d376a2e4259d411de0d4f",0,0,0,0,0,0,0,0,0,0,0,0,0,0,0,0,0,0,2,0,0,0
"d8850473564e3ff315eafd65f49ffee8",0,0,0,0,0,0,0,0,0,0,0,0,0,0,0,0,0,0,2,0,0,0
"e0e57dd2cadee714295779466405b736",0,0,0,0,0,0,0,0,0,0,0,0,0,0,0,0,0,0,3,4,0,0
"e24a6b3022f9de6be2ecd0d449610fed",0,0,0,0,0,0,0,0,0,0,0,0,0,0,0,0,0,0,29,0,0,0
"ecae9c7831206f1f5356685b972081d2",0,0,0,0,0,0,0,0,0,0,0,0,0,0,0,0,0,0,7,0,0,0
"f7eab39cc23a527acd3ee71b91c794d2",0,0,0,0,0,0,0,0,0,0,0,0,0,0,0,0,0,0,8,0,0,0
"107649c54fddd53ff9f0bb5aeba0caec",0,0,0,0,0,0,0,0,0,0,0,0,0,0,0,0,0,0,0,2,0,0
"19dd65550939d5e857c1f4f2e4988948",0,0,0,0,0,0,0,0,0,0,0,0,0,0,0,0,0,0,0,4,0,0
"1ea73fefb443b8ab3497b15dd8fb1172",0,0,0,0,0,0,0,0,0,0,0,0,0,0,0,0,0,0,0,8,0,0
"29c3c18058d4b876129946719362dbb2",0,0,0,0,0,0,0,0,0,0,0,0,0,0,0,0,0,0,0,4,2,0
"2bbf6984b7e30283f709989c6640e6d5",0,0,0,0,0,0,0,0,0,0,0,0,0,0,0,0,0,0,0,12,0,0
"307be31c2c1e4b08bce6328a46e86069",0,0,0,0,0,0,0,0,0,0,0,0,0,0,0,0,0,0,0,2,0,0
"328ad8c08ec82314cf109ae4d647b456",0,0,0,0,0,0,0,0,0,0,0,0,0,0,0,0,0,0,0,17,0,0
"34681b6f2ac53df2e3925b81f3c73227",0,0,0,0,0,0,0,0,0,0,0,0,0,0,0,0,0,0,0,3,0,0
"46120e11d4f709929115544361b5c7f1",0,0,0,0,0,0,0,0,0,0,0,0,0,0,0,0,0,0,0,4,0,0
"4db5929da1fbd4c7ed5189841300dcf4",0,0,0,0,0,0,0,0,0,0,0,0,0,0,0,0,0,0,0,20,0,0
"5d2682ffb7178880f2ec6c8ecfbf1712",0,0,0,0,0,0,0,0,0,0,0,0,0,0,0,0,0,0,0,19,0,0
"78dbf8d3abdcb89d952d4d1614b31967",0,0,0,0,0,0,0,0,0,0,0,0,0,0,0,0,0,0,0,7,6,0
"7e3c16c0df1b70ea1845cc06c0957df4",0,0,0,0,0,0,0,0,0,0,0,0,0,0,0,0,0,0,0,6,0,0
"9bb07208da4d8114c715d9cefe018151",0,0,0,0,0,0,0,0,0,0,0,0,0,0,0,0,0,0,0,16,0,0
"9d304a239d6f79838efa99f09d6f14ff",0,0,0,0,0,0,0,0,0,0,0,0,0,0,0,0,0,0,0,3,0,0
"9e56d6515961ab82bcd097b2d9820a5b",0,0,0,0,0,0,0,0,0,0,0,0,0,0,0,0,0,0,0,5,0,0
"9f5ff9c49256b4f1430dcb4324ef505c",0,0,0,0,0,0,0,0,0,0,0,0,0,0,0,0,0,0,0,7,0,0
"ab80f35af49d0fa7551a4ce3938a758e",0,0,0,0,0,0,0,0,0,0,0,0,0,0,0,0,0,0,0,2,0,0
"adb85dffac6cfbe2d3c76d7ad2d30f68",0,0,0,0,0,0,0,0,0,0,0,0,0,0,0,0,0,0,0,2,0,0
"b544531bcd1b9e8a081f690a294f99fe",0,0,0,0,0,0,0,0,0,0,0,0,0,0,0,0,0,0,0,49,0,21
"ba8b6899674ebe1b49ac20933a4b29c1",0,0,0,0,0,0,0,0,0,0,0,0,0,0,0,0,0,0,0,6,0,0
"bb58064662afc82f73918bfaaeeccde6",0,0,0,0,0,0,0,0,0,0,0,0,0,0,0,0,0,0,0,11,0,0
"bb93ace6707c122d46b4f447a99a7161",0,0,0,0,0,0,0,0,0,0,0,0,0,0,0,0,0,0,0,6,0,0
"be2b4b413b1c10cd023ed066db190e60",0,0,0,0,0,0,0,0,0,0,0,0,0,0,0,0,0,0,0,2,0,0
"bfaf50777f047a955dba3ed276ddc2c3",0,0,0,0,0,0,0,0,0,0,0,0,0,0,0,0,0,0,0,31,0,0
"c21b5586a3882e416dfff0e656fa4a2c",0,0,0,0,0,0,0,0,0,0,0,0,0,0,0,0,0,0,0,2,0,0
"c576a078bc584bc588ea599460dfdaa5",0,0,0,0,0,0,0,0,0,0,0,0,0,0,0,0,0,0,0,3,0,0
"c70d0072224f991e00c65fb9e9bbaac6",0,0,0,0,0,0,0,0,0,0,0,0,0,0,0,0,0,0,0,3,0,0
"caf6b8663018c4e3e5fe2491d7ef33be",0,0,0,0,0,0,0,0,0,0,0,0,0,0,0,0,0,0,0,23,0,0
"ce4308fb80577ab3f4a98d5dd78b6bd5",0,0,0,0,0,0,0,0,0,0,0,0,0,0,0,0,0,0,0,9,0,0
"d35f806ab8d7125a933d6a444606a943",0,0,0,0,0,0,0,0,0,0,0,0,0,0,0,0,0,0,0,6,0,0
"d740b6553dfd44521bc26bb60edb16ce",0,0,0,0,0,0,0,0,0,0,0,0,0,0,0,0,0,0,0,11,0,0
"de74b19ad5250fa399fb49f25c9d70fa",0,0,0,0,0,0,0,0,0,0,0,0,0,0,0,0,0,0,0,39,0,0
"f41c77eeb98bd35d0942c181dd7e8c21",0,0,0,0,0,0,0,0,0,0,0,0,0,0,0,0,0,0,0,7,0,0
"f548a8f061b0a23915d2420ba9f4f4a4",0,0,0,0,0,0,0,0,0,0,0,0,0,0,0,0,0,0,0,11,0,0
"ffb0d3519efd68f1f52d18b4c1c30f86",0,0,0,0,0,0,0,0,0,0,0,0,0,0,0,0,0,0,0,5,0,0
"0a1bbfbdbb16f5fb2e37d2ca9475c50d",0,0,0,0,0,0,0,0,0,0,0,0,0,0,0,0,0,0,0,0,8,0
"4c467db108031b21bd4d5819deaf3123",0,0,0,0,0,0,0,0,0,0,0,0,0,0,0,0,0,0,0,0,17,0
"5bfd2bc02b7860a255aa34ec86e422fc",0,0,0,0,0,0,0,0,0,0,0,0,0,0,0,0,0,0,0,0,2,0
"5d9b59b3f9f947333a742f7d05f0ec85",0,0,0,0,0,0,0,0,0,0,0,0,0,0,0,0,0,0,0,0,3,0
"7ae3772aefaf33f92de1ce152ae711ef",0,0,0,0,0,0,0,0,0,0,0,0,0,0,0,0,0,0,0,0,2,0
"87ecec54c2127e991425d425fd269ef6",0,0,0,0,0,0,0,0,0,0,0,0,0,0,0,0,0,0,0,0,2,0
"9ec68a527aa95c81893ecaa5ca107324",0,0,0,0,0,0,0,0,0,0,0,0,0,0,0,0,0,0,0,0,9,4
"c17dca315e99cdc9e805e4e2c0244fab",0,0,0,0,0,0,0,0,0,0,0,0,0,0,0,0,0,0,0,0,19,0
"c64635af94d52bb2496824511538f62a",0,0,0,0,0,0,0,0,0,0,0,0,0,0,0,0,0,0,0,0,13,0
"00a50f999eb6e60c998d7af1c822ab16",0,0,0,0,0,0,0,0,0,0,0,0,0,0,0,0,0,0,0,0,0,5
"125bea06954f28a9bee2aec80ee81036",0,0,0,0,0,0,0,0,0,0,0,0,0,0,0,0,0,0,0,0,0,2
"25d31fc33d8bc14ada6af4acab7af24c",0,0,0,0,0,0,0,0,0,0,0,0,0,0,0,0,0,0,0,0,0,4
"355556cf4cecc843ed3bf07476c3a283",0,0,0,0,0,0,0,0,0,0,0,0,0,0,0,0,0,0,0,0,0,4
"36f44871d19dcc1019f54ee2735d4847",0,0,0,0,0,0,0,0,0,0,0,0,0,0,0,0,0,0,0,0,0,5
"53fb67d7846e99e306a1e693b8049d6d",0,0,0,0,0,0,0,0,0,0,0,0,0,0,0,0,0,0,0,0,0,13
"56e852720de48357a3d31bcdb9cc37b0",0,0,0,0,0,0,0,0,0,0,0,0,0,0,0,0,0,0,0,0,0,2
"5c7fa004d4d47ea25d3e5b420d732319",0,0,0,0,0,0,0,0,0,0,0,0,0,0,0,0,0,0,0,0,0,3
"6b7402a16f3586204fda9373b84a7615",0,0,0,0,0,0,0,0,0,0,0,0,0,0,0,0,0,0,0,0,0,2
"824635ceff78528e3b8f031157b971b7",0,0,0,0,0,0,0,0,0,0,0,0,0,0,0,0,0,0,0,0,0,2
"838ed5c5f9e33f7ad2eef431d88f15e5",0,0,0,0,0,0,0,0,0,0,0,0,0,0,0,0,0,0,0,0,0,4
"857f0c27fb40fba6f07d5f512b36b51b",0,0,0,0,0,0,0,0,0,0,0,0,0,0,0,0,0,0,0,0,0,3
"86dc846fb675b67bac4fa23333a93df6",0,0,0,0,0,0,0,0,0,0,0,0,0,0,0,0,0,0,0,0,0,5
"a8002f7e2c58163c8b8465c7a10b4b06",0,0,0,0,0,0,0,0,0,0,0,0,0,0,0,0,0,0,0,0,0,2
"b34475465335d10900a9b1b31fba0c5e",0,0,0,0,0,0,0,0,0,0,0,0,0,0,0,0,0,0,0,0,0,6
"b5a31a8c3ea9691e722f5bd3aba790d5",0,0,0,0,0,0,0,0,0,0,0,0,0,0,0,0,0,0,0,0,0,2
"b89d5d520222a1ec428ab79012db4362",0,0,0,0,0,0,0,0,0,0,0,0,0,0,0,0,0,0,0,0,0,12
"d86e24cf4a2747d37e25ce5b6ff69b1c",0,0,0,0,0,0,0,0,0,0,0,0,0,0,0,0,0,0,0,0,0,11
"e88ea605dde49a2de64e73d38f156a04",0,0,0,0,0,0,0,0,0,0,0,0,0,0,0,0,0,0,0,0,0,2
"ec6a13d61f4856347d3859d1eea7be43",0,0,0,0,0,0,0,0,0,0,0,0,0,0,0,0,0,0,0,0,0,14
"f860e31c9f331266b125ebfe1c6d728d",0,0,0,0,0,0,0,0,0,0,0,0,0,0,0,0,0,0,0,0,0,7
"ffe6ff63e597648eca58c0842fda7832",0,0,0,0,0,0,0,0,0,0,0,0,0,0,0,0,0,0,0,0,0,24
