"ASV_hash","Station_11","Station_117","Station_125","Station_135","Station_145","Station_162","Station_193","Station_199","Station_32","Station_45","Station_91"
"000f99ec62418bd5fa23afe980aa84e4",14,0,0,0,0,0,0,0,0,0,0
"018f7b6c7d1da4d0bc4399cbd4fbe686",16,0,0,0,0,0,0,0,0,0,0
"01eb2a55b4a7465e2c2bb2c5a6e83edf",3,0,0,0,0,0,0,0,0,0,0
"05110063c77ff440e5b3e14df95bdf73",15,0,0,0,0,0,0,0,0,0,0
"054469e3d202c6f26d21ce442e2bdde3",21,0,0,0,0,0,0,0,0,0,0
"061d845d3486316712bccde01a28197a",53,0,0,0,0,0,0,0,20,0,0
"06f004cb40308a4cbec56e502282de3d",24,0,0,0,0,0,0,0,70,40,0
"0aec45e126ef4644208261680651f321",12,0,0,0,0,0,0,0,0,0,0
"0aee7c70538c8a5d7f67293b7035703b",26,0,0,0,0,0,0,0,0,0,0
"0b29518c46ccadc501f7ff58e111d484",113,0,0,0,0,0,0,0,0,0,0
"0bda17dd02da77ee3ce74788c505a9b1",93,0,0,0,0,0,0,0,0,0,0
"0da941cd512f36c61393a43c0ccdaaf2",24,0,0,0,0,0,0,0,0,0,0
"0db866589f46e2c6d86bd8cda8a06fbe",275,0,0,0,0,0,0,0,55,0,0
"0e64fc48b6e6a316c50bc5c82907b46e",3,0,0,0,0,0,0,0,0,0,0
"0eef60da3afcad0465c304e492ad3673",37,0,0,0,0,0,0,0,10,0,0
"103920f17b7842d28ea1682f5c264ce8",10,0,0,0,0,0,0,0,0,0,0
"12a7ea5f662cc15ee7ff3c89f7049d22",130,0,0,0,0,0,0,0,120,0,0
"147e3b8b48f284ee2c1e3321e4f252b4",15,0,0,0,0,0,0,0,0,0,0
"151e59f15d96c003d27bdef3d3b81b0c",10,0,0,0,0,0,0,0,0,0,0
"1557f92147ef23202b25bc9fced7ae82",60,0,0,0,0,0,0,0,23,0,0
"15b4e28e2e78e651ff42b1c6c4e7fb5c",16,0,0,84,0,0,0,35,29,0,0
"160e3bbb57a5862403299610d8ef7146",72,0,0,0,0,0,0,0,35,46,0
"16a5df516d2848da329954d1e50482a3",237,0,0,0,0,0,0,0,0,0,0
"16e8ff2cafbb462a012ed7afaa560794",24,0,0,0,0,0,0,0,0,0,0
"17330d3566ba76ab23205257fde9fc58",24,0,0,0,0,0,0,0,0,0,0
"19c19bb993d300889cdd53063f2cce8f",5,0,0,0,0,0,0,0,13,4,0
"1a4417c7e055810790ab2c0cdf8a9821",12261,0,0,0,0,0,0,0,10959,0,0
"1b034e2b893fe8ee0b9d793c2ed68e56",28,0,0,0,0,0,0,0,0,0,0
"1b5cab98e4f7c4c34a71f51614b5aa90",76,0,0,0,0,0,0,0,10,0,0
"1d0798e9fa9318b30a4ba865332ce94a",67,0,0,0,0,0,0,0,40,0,0
"1ed4cd164c76cfab0841c40a1d1427a7",20,0,0,0,0,0,0,0,7,0,0
"1f5d5e364c1d3de092f3b00d87882b10",304,0,0,0,0,0,0,0,0,0,0
"20df96479d7044a3dbe1f11dd162b36f",30,0,0,0,0,0,0,0,23,0,0
"210b882b2286640e025df3554b589733",11,0,0,0,0,0,0,0,0,0,0
"22c42d5af8cc6499df57081705b5931c",15,0,0,0,0,0,0,0,6,0,0
"23aecfb8fccb1b0a9ab5d06aaf872927",13,0,0,0,0,0,0,0,26,0,0
"265348787db8940237b64139f561cb19",9,0,0,0,0,0,0,0,11,0,0
"27077b1a565bfb51ff404af3369dd0b0",14,0,0,0,0,0,0,0,41,0,0
"27f3f3e2247c15b54b2d798380f7ec62",562,0,0,0,0,0,0,0,182,186,0
"281d438fc8f49763ed63ad2f3b2e847e",7,0,0,0,0,0,0,0,0,0,0
"288477f962c42170e1f9ed4c1ee1fa73",6,0,0,0,0,0,0,0,9,0,0
"2bd78d319605af225f3fe23f65b7a4f6",180,40,0,82,0,38,96,56,42,32,0
"2cfb443629925691a9fbdedee5a57a70",46,0,0,0,0,0,0,0,0,0,0
"2ea446964c8c52ab261270ab2a66bcbf",330,0,0,0,0,0,0,0,352,328,0
"30c614adb3174bfe00e0d441dc685826",11,0,0,0,0,0,0,0,0,0,0
"31c52f0a42c61e039b6ef91d09b1b3e9",3,0,0,0,0,0,0,0,0,0,0
"331b6c71c2854a33eba9fd30c59ddd4f",85,0,0,0,0,0,0,0,0,0,0
"3409068e569e48b64954c6c72ccaa9f1",3,0,0,0,0,0,0,0,0,0,0
"34b6f7c1003eb4363342ce48a4fa9a95",45,0,0,0,0,0,0,0,0,0,0
"34df589cd82ebf8de35409c5ecccaebf",7,0,0,0,0,0,0,0,0,0,0
"34f7f816bc2727cd33f0d5946c25c1f2",132,0,0,0,0,0,0,0,10,0,0
"34fa86c8cf3258ce7bbc2a687e7232bd",733,0,0,0,0,0,0,0,0,0,0
"35696adde1f40aa7c726d87c5ab27444",5,0,0,0,0,0,0,0,0,0,0
"357ae8f9c76907428a7ea58d7abaed95",7,0,0,0,26,13,66,0,21,0,0
"35e25962f46ad22967b9c39ef31da11a",465,0,0,0,0,0,0,0,1607,0,0
"3843a3c36b2f6ad2496588d0fdc7d106",20,0,0,0,0,0,0,0,0,0,0
"38cc1e7622df1baef9eca7f09dd3e875",257,0,0,0,0,0,0,0,473,724,0
"398bc4bed58b1799b573fe03a554862a",107,130,0,0,0,0,48,40,268,36,0
"3b8a762ca0f8eb813bee055bd3d5848c",1212,0,0,0,0,0,0,0,209,0,0
"3b9ec88c8ae9ebf9ffc5b725bd3b7430",14,0,0,0,0,0,0,0,0,0,0
"3dc67c899286f572040f42e38ab8c909",40,0,0,0,0,0,0,0,0,0,0
"3f52f39230531c5ddcc3dd258bb41435",325,0,0,0,0,0,0,0,0,0,0
"3fcaaed2b5a111323b33ec8b1263cd39",115,0,0,0,0,0,0,0,0,0,0
"42f645698fa2a9f0c961ef3df271300a",24,0,0,0,0,0,0,0,145,30,0
"44056fa9628121e8fb06fb9f5559bf81",17,0,0,0,0,0,0,0,0,0,0
"44a5635b7c9337c8cabbfc9664699d84",42,0,0,0,0,0,0,0,0,0,0
"45f28a9547c7a9ca7165bef2fbb18abd",21,0,0,0,0,0,0,0,7,0,0
"494e14f54f49792cd32919349d2ce358",206,0,0,0,0,0,0,0,0,0,0
"497fb1a291bccd8fb819fcf8d963112a",28,0,0,0,0,0,0,0,0,0,0
"4bfda8864fd6d412156dedf8574a44b2",32,0,0,0,0,0,0,0,0,0,0
"4c673a45f16b18646e1f32e51c9cb7a6",9,0,0,0,0,0,0,0,0,0,0
"4d6afe22c83b60e6fd0aad9ba717206e",26,0,0,0,0,0,0,0,0,0,0
"520a6f483a96c8a689f70e5d9efd099f",128,0,0,0,0,0,0,0,14,0,0
"56bd6deda1cd22657cb632ed8c1e966d",125,0,0,0,0,0,0,0,48,9,0
"59f9d13e825b5aaa2c57bbfa77819433",16,4,0,0,15,7,0,0,0,0,0
"5b65fdc3ca50faa77bbd4fa5523f910a",4,0,0,0,0,0,0,0,0,0,0
"5c968b591f71b4be67166dca8a40ba12",9,0,2,0,6,0,5,13,0,0,0
"5d81e3f4934a6c4f6da1b7da1db30360",8,0,0,0,0,0,0,0,16,15,0
"5dba210f0efc93bff636faeb68f9b764",17,0,0,0,0,0,0,0,0,0,0
"5de4e288fdd389445351b8be26f86043",5,0,0,0,0,0,0,0,0,0,0
"5f1d48b8ee0517a42a1c1970585fd6f1",30,0,0,0,0,0,0,0,69,0,0
"5f2405be697d7f325d00daae18c44f6f",42,0,0,0,0,0,0,0,22,0,0
"60abc6253c988628071901d267696f5c",43,0,0,0,0,0,0,0,13,0,0
"62550518d4badb5b0fefdebdd516667a",53,0,0,0,0,0,0,0,0,0,0
"6324ab2ab97c97d0c8761e54cdd9b2b3",13,0,0,0,0,0,0,0,5,0,0
"6548efdc8303f7de90da35fbf70a01b2",73,0,0,0,0,0,0,0,0,0,0
"68f841a1b55050cac0aa876449e34215",4,0,0,0,0,0,0,0,0,0,0
"69f94b7bfce09c52839e1b14a8fcd785",17,0,0,0,0,0,0,0,0,0,0
"6fa5f47e1be8ddbd57f821eb5d1183e0",13,0,0,0,0,0,0,0,0,0,0
"70ba0be45b90b1e0b50efcc4391a6969",8,0,0,0,0,0,0,0,21,0,0
"71172176d4c894d2d24dff58ebd41c19",11,0,0,0,0,0,0,0,0,0,0
"73bc594489539172bf0833533023e769",7,0,0,0,0,0,0,0,0,0,0
"750e754e92dbdcd70dc8808b6236ac3a",11,0,0,0,0,0,0,0,6,64,0
"786ecddb109286e3414ef32d83653ca2",24,0,0,0,0,0,0,0,0,0,0
"792979e10fbcd9c83e263b878ae82c71",7,0,0,0,0,0,0,0,0,0,0
"799a318db31839cad58cf7930a96720b",4,0,0,0,0,0,0,0,0,0,0
"7eb588db1a0777abd0bcab9a540b5012",438,0,0,0,0,0,0,0,0,0,0
"80801be172b96353539db0fa3a33f9c2",6,0,0,0,0,0,0,0,5,0,0
"83789ea3549f7fd5e1759f85e0073ceb",164,0,0,0,0,0,0,0,76,16,0
"83cc83abc163819e5304601f1a18a98e",70,0,0,0,0,0,0,0,13,0,0
"8421ccf254981e8ff31f2885ebf701a3",29,0,0,0,0,0,0,0,0,0,0
"84a72294ca38752e4d6ea06821677605",93,0,0,0,0,0,0,0,0,0,0
"8512b82b250479482d725fa47416c9f0",15,0,0,0,0,0,0,0,0,0,0
"871a96d60d30aa408ea523ebf1f1bc16",47,0,0,0,0,0,0,0,0,0,0
"87e58544f75dbdcd752d527976661ca7",29,0,0,0,0,0,0,0,0,0,0
"895e7519cdf24bac0e114d49134add32",1518,0,0,0,0,0,0,0,57,0,0
"8a686a712769cc1a6480a2ff61407ed7",21,0,0,0,0,0,0,0,110,0,0
"8baa6b18415223f32dd527241c5ef059",84,0,0,0,0,0,0,0,73,0,0
"8cfb49caf0650c3520efd851dfc29c02",77,0,0,0,0,0,0,0,0,0,0
"8e86aabf58056b624414424f0a86f97e",38,0,0,0,0,0,0,0,4,0,0
"9053b62695f18b3f250170276df130ed",34,0,0,0,0,0,0,0,38,0,0
"9211a2f113125ff64cd2414d0b280813",7,0,0,0,0,0,0,0,0,0,0
"948fec247dbf40cfb5915d71e925cb01",2,0,0,0,0,0,0,0,0,0,0
"949c4b655f2472c2e55f3b31655b5dad",24,0,0,0,0,0,0,0,26,0,0
"95338517d1dff8a78f9a686261c67b0f",57,0,0,0,0,0,0,0,0,0,0
"959d79d8b8e06a04a3c63570ed602ff4",41,0,0,0,0,0,0,0,15,0,0
"96d61ae34fa2dc23690babb7c36b43e3",3,0,0,0,0,0,0,0,0,0,0
"990a2d1870a15ceff5dafb5ae6a2a051",6,0,0,0,0,0,0,0,0,0,0
"997172ca75d0b1373dd5c07828ae714f",35,0,0,0,0,0,0,0,0,0,0
"9a2aac3f8cf45ce11b3805ebed68dce3",5,0,0,0,0,0,0,0,0,0,0
"9de581e5558d4d3352f3685834f55dc8",10,0,0,0,0,0,0,0,0,0,0
"9e678bf06c9add0af64fdbff82d6f2d9",11,0,0,0,0,0,0,0,0,0,0
"9e7cdd16d373b3db326fee621bb5a1fd",83,0,0,0,0,0,0,0,27,3,0
"9fa7106b2544c803053d452b2066c468",12,0,0,0,0,0,0,0,15,0,0
"a1f54ecb90b2959f7025f22e462b8f53",6,0,0,0,0,0,0,0,0,0,0
"a2baa07810395c436b259df735471e17",3,0,0,0,0,0,0,0,0,0,0
"a30e9d69317b80d299592e17c04d347a",10,0,0,0,0,0,0,0,0,0,0
"a70a92f49b21117beb92a0224dae01d9",27,0,0,0,0,0,0,0,15,0,0
"a866da18343f2eb6f780293347222d03",3943,0,0,0,0,0,0,0,771,96,0
"a975061cf204b25ddeb269ee79e8fa6b",24,0,0,0,0,0,0,0,0,58,0
"a99eec10e9f7abfb9219078d2b792b78",9,0,0,0,0,0,0,0,0,0,0
"abb4f2e0d9b8c80efb5eff31badde960",64,0,0,0,0,0,0,0,30,3,0
"afe2a9125e3916824716d2c736cdcf7f",8,0,0,0,0,0,0,0,45,19,0
"aff9f8f033cb2774e375660c3f336d6a",37,0,0,0,0,0,0,0,0,0,0
"b23e5b54646df2e7e2c93d797bc764c2",2,0,0,0,0,0,0,0,52,0,0
"b61c03c27365fdbb5b0950589a291af9",6,0,0,0,0,0,0,0,0,0,0
"b7f0be8a6458f7c6fe28f332cb3b0d59",27,0,0,0,0,0,0,0,0,0,0
"bb50eead310a55f13e4230fabb9f0340",47,0,0,0,0,0,0,0,19,0,0
"bd72b7bacb9c63ae0e4efe9ee489eb08",53,0,0,0,0,0,0,0,68,5,0
"bdba27253a29b1dacb6ac6a8a1ca61c6",11,0,0,0,0,0,0,0,0,0,0
"be285122a3c40c3947bf2e9ad5d1973a",24,0,0,0,0,0,0,0,0,0,0
"be6622fd8aad3e85adb6d2fb863d2755",26,0,0,0,0,0,0,0,34,0,0
"bf36896c17263dc0635c30bb7c2d498a",3,0,0,0,0,0,0,0,0,0,0
"c002ce52708260fc536e8f4bfba78ee4",4,0,0,0,0,0,0,0,0,0,0
"c104ba5a3c3ed119dbab8240b1ba1972",645,0,0,0,211,0,0,189,188,292,0
"c18dd3794bd4f041047e8b88a308d667",4,0,0,0,0,0,0,0,7,0,0
"c2b7762c304c4120e0e37403c19704ce",111,0,0,0,0,0,0,0,204,149,0
"c34906f561c8a780ae8377d3c7608b4f",100,0,0,0,0,0,0,0,0,0,0
"c6c9d0eddea4f44ffe34999ab204c32e",28,0,0,0,0,0,0,0,57,0,0
"c76af96d472aac3700471667508331e5",63,0,0,0,0,0,0,0,0,0,0
"cac9b9d420765137d59d7c955fc297ed",27,0,0,0,0,0,0,0,58,0,0
"cacd0c46be98ed7fb5a1cfccdbaab498",26,0,0,0,0,0,0,0,0,0,0
"cb6cb823433eac6d42654ae25235c95f",58,0,12,0,51,0,36,0,150,127,0
"ccda40a1549737b8482dc128f282beeb",28,0,0,0,0,0,0,0,0,0,0
"d4a6dfb358463e3dcb18b9c0bc791620",16,0,0,0,0,0,0,0,50,0,0
"d4c16eae53c1ac6be21bd33a7def010b",408,0,0,0,0,0,0,0,87,0,0
"d4ead7b5bbb671f887d67c2502ad42c6",92,0,0,0,0,0,0,0,15,0,0
"d773e94552df875a1aee4878ca43d71c",7,0,0,0,0,0,0,0,0,0,0
"d838f79424bcb1824d32380be4d2852d",343,0,0,0,0,0,0,0,0,0,0
"d9006814132bf1872b02cef52b2872d9",13,0,0,0,0,0,0,0,0,0,0
"d978cd0bf563da9044aa3c526dbf822c",476,0,0,0,0,0,0,0,0,0,0
"d9e6122d0022c2e9d1dda8c1f6bbee4e",57,0,0,0,0,0,0,0,19,14,0
"da384857e950fa724ce2615bb3496c3a",71,0,0,0,0,0,0,0,34,0,0
"dda723a155cb72a47728ed04f02a9bd0",425,0,0,0,0,0,0,0,89,0,0
"ddea9f8ffe90cc150c111eaeb2025a8d",700,0,0,160,0,183,0,53,297,0,0
"e135ebf6ae27e33818dafcc1e348fa94",158,0,0,0,0,0,0,0,29,0,0
"e31ffaabb3b14f015aad1e69a9aac991",8,0,0,0,0,0,0,0,0,0,0
"e5a8108f20979fbf9f7d2def60fff07e",6,0,0,0,0,0,0,0,17,0,0
"e62df60b3470a0adf7c91a445cebdc06",38,0,0,0,0,0,0,0,0,0,0
"e753174c73f2e20963ab24cdc18c8000",12,0,0,0,0,0,0,0,0,0,0
"e7ea820c1ced5b464f7e64af20c877d2",30,0,0,0,0,0,0,0,11,0,0
"e80127d5c332784522dd06cb2d323d9b",48,0,0,0,0,0,0,0,62,0,0
"ea2708fee94ad7f67da5ae2664522980",9,0,0,0,0,0,0,0,0,0,0
"ea38b33c9d401486736b68981bb28bce",10,0,0,0,0,0,0,0,0,0,0
"ecf14f4e5dcf2014f5200c03abadd726",48,0,0,0,0,0,0,0,49,0,0
"ed5fd352b3f0a5ea221fa867cc00e3cc",64,0,0,0,0,0,0,0,0,0,0
"eef499bee7188c52cf25d78bd7f73062",8,0,0,0,0,0,0,0,17,6,0
"f081226bb8c7fd1f54d312371445a8f7",3,0,0,0,0,0,0,0,13,6,0
"f0eea2f6a8c7bd8d5534a07454899aa4",87,0,0,0,0,0,0,0,0,0,0
"f23f172919c29c31c926760c24b1ea5d",20,0,0,0,0,0,0,0,0,0,0
"f50425b3be8ca23926cd53757399c441",188,0,0,0,0,0,0,0,4,0,0
"f525e504d61fdb2f6aea183cb1c39f78",1701,0,0,0,0,0,0,0,28,0,0
"f8ae2e457e8a9dd80f72eb07ce47fc4b",10,0,0,0,0,0,0,0,0,0,0
"f90b1bf6003dbc2415142f65842c5204",27,0,0,0,0,0,0,0,469,62,0
"fc3a54eb3508eed85957c21336e1070e",109,0,0,0,0,0,0,0,0,0,0
"fd2ab3c19bbbaf9070bfc43614f937e3",13,0,0,0,0,0,0,0,28,0,0
"fe92733e3f269247984034054260893a",11,0,0,0,0,0,0,0,0,0,0
"fee0fd7d306652bee01d47b539896659",116,0,0,0,0,0,0,0,0,0,0
"0021da5e24a76f1d7754222e977e2c4e",0,7,0,7,10,7,0,0,8,2,0
"00a50f999eb6e60c998d7af1c822ab16",0,5,0,5,0,0,0,0,0,0,0
"055ae88987890faf68df7ae2e85c58d9",0,27,0,0,0,0,0,58,0,0,0
"0ebdec2202da34a8ade87555cdd09408",0,7,0,0,0,0,0,0,0,0,0
"0fd17bf30a424dccf3c824373161d865",0,18,8,30,45,29,0,0,0,0,0
"12593fd88c6966286a558777e4d2018a",0,38,0,0,0,0,0,21,0,0,0
"1295abae17c38d0508e886d9c927c8d2",0,9,0,16,0,0,0,0,0,0,0
"1763013abf58682523843a8638ee027f",0,49,0,64,0,0,0,0,146,28,0
"181bb5cc19574116778d0f9d8b9093ed",0,4,0,0,0,0,0,0,0,0,0
"19640a53a55cebd96bfd0f2fd582a9aa",0,3,0,0,0,0,0,0,0,0,0
"1be372bcd0e2a4f6b10887cb9f0ce407",0,3,0,0,0,0,0,0,0,0,0
"1f73a462ffcd200dcc460e72be42d470",0,7,0,0,0,0,0,0,0,0,0
"260a412ffd0f8497f7762b1f7d83de72",0,5,0,0,0,0,4,0,0,0,0
"29c3c18058d4b876129946719362dbb2",0,3,0,0,2,2,0,0,0,0,0
"2e9e6e2d7df10c4861b5022b80aaa12f",0,5,0,3,0,0,11,0,0,0,0
"3233d64689b6f9179ab34abb389a3123",0,8,0,0,0,10,16,18,0,0,0
"37e40cae0a95829b7125ee0a51ab8a05",0,5,6,0,0,0,9,0,0,0,0
"3d85548917c2962311fa30679e9853b1",0,10,0,0,0,0,0,0,0,0,0
"3e07ddd2b5925deced3400dbaf3afe47",0,7,0,0,0,0,0,0,0,0,0
"402cc8859868dbc873686fdf6362fe3b",0,2,0,0,0,0,0,0,0,0,0
"415e1fb79c34ae000013018203b90d64",0,3,0,0,0,0,0,0,0,0,0
"428fdff16e960ac80c7adbea7cfd9ed2",0,37,3,3,5,18,0,0,0,0,0
"438112c1298f8a927a60ac034bef22d3",0,8,0,19,23,17,0,0,0,0,0
"44bb659751bdde92ee0351a4e9923a62",0,3,0,0,0,0,0,0,0,0,0
"471b17aa32ce3d03a8fb12570847e257",0,6,2,0,0,0,4,0,0,0,0
"52be0363725044efb179ad83a37dd5d5",0,4,0,0,0,0,0,0,0,0,0
"554173f75dd31213bbf59cd87dc4ab6a",0,11,0,3,8,13,0,0,0,0,0
"589da88d488689edb3af93ab0725c831",0,7,0,0,0,0,0,0,0,0,0
"5928aaf2fcb6a32c1e3f878cdca17fe6",0,22,16,7,0,105,46,0,0,0,0
"5ccca5834aa75dad9431bbd7fb080c26",0,2,0,0,0,0,0,0,0,0,0
"5db92f9ffa0ae5299422c610944db6db",0,23,0,34,0,42,17,0,0,0,0
"69d5e76a547453409f6d38913fd629c9",0,12,0,0,0,18,21,0,0,0,0
"6a0b9e7e416a14ff6192e1533471617d",0,5,0,12,0,0,0,0,0,0,0
"6d7fe285d7c38f5657ed922821cce45f",0,25,0,0,21,0,9,18,0,0,5
"750aa8ae079867edc31d5618f84c890b",0,35,24,41,0,28,0,0,0,69,17
"81401ef0de9f00bed5cf92526b9870e7",0,6,0,6,11,0,0,9,0,0,0
"815faa4c45870e0dec67577a2ca2d545",0,7,0,0,0,0,0,0,0,0,0
"826523ba7487f7aac76dc7e5631148ac",0,9,8,0,0,12,0,0,0,0,0
"86917e711bff0e57728f8dddc07f92e0",0,13,0,3,23,0,0,17,0,0,0
"8db334deaf486268e8010494b286f605",0,5,0,0,0,3,0,51,0,0,0
"963550282dbec203453a41a7b5ca96f8",0,16,0,3,0,0,0,0,21,0,0
"973d656acbfcaa9a45325de371c89a5d",0,80,149,0,82,95,89,61,0,0,0
"97568989e5c6dfdeb0c5cdf147818e59",0,12,66,0,0,239,255,12,99,0,0
"9cccb445962ff9938487aceebd339235",0,5,0,0,0,0,0,0,0,0,0
"9e6ca1f695da65da0db91b1223400279",0,2,6,6,6,0,14,0,0,0,0
"a15a00e12b5b222cdb90aafcc3c078b5",0,3,0,0,0,0,0,0,0,0,0
"a2471ce57c05bdf3f5f7b3d1270b6446",0,20,22,0,10,11,0,0,0,0,0
"a253b862cf7791c9c2bb94e865b775b9",0,9,0,17,0,10,0,22,0,0,0
"a3d95c3c1f3ec97dd9b78dfcfb905b5c",0,2,0,0,0,0,0,0,0,0,0
"a5345d7680e02e651bc60478ba492087",0,125,22,0,0,0,0,0,0,0,0
"a85b37aacae9fd1390aded496e5be3f0",0,9,0,0,0,0,0,4,0,0,0
"ae59713f8a524d7f8ff2c084976290b6",0,9,0,10,0,0,18,0,0,0,0
"b837f0fe0cec97ec768e44c19acbb269",0,3,0,0,0,0,0,0,0,0,0
"b9d0260e182d32e82cb2793eb7b8325d",0,50,34,0,18,49,140,0,0,0,0
"badcc2dff8b101cb0f1a8ecf39d80b82",0,72,0,0,0,0,0,0,0,0,0
"bc63b40ded854a385d47328f0a82a814",0,56,19,19,0,48,0,9,0,0,76
"bcda7f5999f4932e93ec8085b8079041",0,6,0,0,0,0,10,0,0,0,0
"bd212cedfae6fc28108e4b88db2de17e",0,2,7,0,0,0,0,0,0,0,0
"bdef40253b51de6e3a02a3c09cf28663",0,6,0,55,21,8,24,6,0,0,0
"c5601c628ab67abb00c488bbad1c3a10",0,12,0,0,0,0,0,0,0,0,0
"c5b464c409d81165a9ab36a1845f40b1",0,3,0,0,0,0,41,0,0,0,0
"c70c27ea1aa3bd36cf7d1c6f3e6964f7",0,12,11,25,25,0,33,25,0,0,0
"c9ebab0df31f33b8cd0039e6714e6037",0,7,0,6,0,0,0,0,0,0,0
"dd8cfc2696fdcf0859150946a7eded86",0,10,20,0,0,0,0,0,0,0,0
"dda3e4a016984437578f8e87c0f3bdf2",0,3,0,0,0,0,0,0,0,0,0
"e0ad181607edd982c54eed48ecfb82e2",0,7,0,3,0,0,0,0,0,0,0
"e0f23e75e52a44fa10ee5cc106b18033",0,13,0,0,3,0,0,13,0,0,0
"e2201a615fdc029f545952815b2f5c56",0,9,0,0,7,0,0,0,0,0,0
"e266ffede8fbdbbd00e6eae9f711a38d",0,6,0,24,0,16,0,28,54,0,0
"e27c72275a8a9410ea69fed4a91db529",0,8,0,0,0,0,0,0,0,0,0
"e2fd73ea5cd09b17038e730aeb3e23b9",0,4,0,0,0,6,0,0,0,0,0
"e7d8e5a01f7ba103cb0e5e94d89409cc",0,133,207,529,299,174,0,0,0,0,0
"f09fbcc6f812fd48b1b5c1dbdaccdc23",0,43,0,0,0,0,0,0,0,0,0
"f6657ea335de6325237d2330c1a66759",0,6,0,0,0,0,0,0,0,0,0
"f854c1d5ef3e034b45eebc11094e94d8",0,5,0,0,0,0,0,0,0,0,0
"fc3642efcc1ad80187fd56078f686b5d",0,22,0,34,0,0,0,22,0,0,34
"002655bcc605b9830640604859e7e989",0,0,18,0,0,0,0,0,0,0,0
"083c70f83515f06fb6c2300973650b80",0,0,5,0,0,0,0,0,0,0,0
"0b38f53e8849f9313ea6ce832087fc82",0,0,5,0,0,0,0,0,0,0,0
"12531edb01e8f87a9551369410364b4c",0,0,11,0,0,0,0,0,0,0,0
"1c0babc73d4debcbb447afe3af909294",0,0,132,0,0,0,0,0,0,0,0
"1d2de5577ac0226b8283af3f87c6742d",0,0,3,0,0,0,0,0,0,0,0
"1d3ede3e5edebe1d15eed78fc63e7105",0,0,23,0,0,0,0,0,0,0,0
"1ec443b170f2bbfc28e346436661ab35",0,0,6,0,0,0,0,0,0,0,0
"210b1dfb7e47db1e88f77e1a8fd62847",0,0,11,15,0,12,0,0,0,0,0
"24f371bdff27bfcb4273baebac62a585",0,0,5,0,0,0,0,0,0,0,0
"289ad5c58063d28e35d4c17c69802d1e",0,0,12,0,0,0,0,0,0,6,0
"307d6d2dbe577a43e4d473d36464cb4f",0,0,236,0,0,0,0,0,0,0,0
"344831fd8c69c59da694840524a4e281",0,0,4,5,0,0,3,0,0,0,0
"35903b149f5b1a46cefb808d3d5b747a",0,0,2,0,0,0,0,0,0,0,0
"36302dafd7ed1fd6d9a97ba81d5eecf3",0,0,7,22,21,14,54,22,0,0,0
"3aa269999723ab805822458ca947f482",0,0,34,0,0,0,0,0,0,96,0
"3aeae72c1d12f0d152bbd104cf7ed031",0,0,18,40,0,6,0,0,0,0,0
"3f7614f2da2c08e79a5a7fdd0dc0fcdf",0,0,37,21,0,27,41,32,0,0,0
"452dfc144a9f7e25394e998e0f4b896e",0,0,3,0,0,0,0,7,0,0,4
"4693e17dcd58ebd31e79f8b8dd62b3dc",0,0,12,0,0,0,0,0,0,0,0
"507e2ceecc64a8c7228389112277be69",0,0,2,0,0,6,27,0,0,0,0
"5193844f437c6233c03be5a0317df08c",0,0,17,86,0,0,77,9,0,0,0
"532981624dd80f78294d2f7d3671a5ed",0,0,11,0,0,20,0,0,0,0,0
"60342963986fece9c4bb15943689beb7",0,0,26,0,0,0,44,0,0,0,0
"639d81b230a868c11c06de587ab6c33a",0,0,7,0,0,0,0,0,0,0,0
"698e16e4a677de5ecabbd84f56a6534c",0,0,3,0,0,0,0,0,0,0,0
"6a6e51178c26e32f983e1778511b62f4",0,0,12,0,0,0,0,0,0,0,2
"6e6be6969262c3b1a3539abf4a5ce41e",0,0,93,147,0,0,0,0,0,0,0
"6f84b0aec309fd50ec0102d60d2dba28",0,0,14,0,0,0,11,0,0,0,0
"6fde1ccd5981a2d7770660abc9e8fa19",0,0,8,22,9,25,141,34,0,0,0
"739d252e0830d66d071ff8b3f2054d82",0,0,48,22,33,30,0,0,0,0,0
"8039e0880ef1a50dbabe19b6b7397ca7",0,0,34,0,34,40,0,0,0,0,0
"822dba2dd6d27c1c01f59adbe53d9d74",0,0,5,0,0,0,0,0,0,0,0
"880324b404f4dd50e2af78ab81db1331",0,0,6,0,0,0,0,0,0,0,0
"919c3ee81d883d82f4b5b3f672b3bb76",0,0,35,0,0,0,28,0,0,0,0
"9a8a637a9d6830691a699f88d7a953f2",0,0,20,0,0,5,24,0,0,0,0
"9cd204b97eb84b98145930f67635ddc6",0,0,77,8,12,4,0,0,0,0,0
"a1478f5e2425ee98f1712a2e87f8381b",0,0,2,0,0,0,0,0,0,0,0
"a4bbf321b62347b786db54851177ca16",0,0,14,0,12,0,46,0,0,0,0
"acd51fd9416ea7c6ba44773304d8e6b5",0,0,9,0,0,0,0,0,0,0,0
"b10a29db9b643d7ac1088fdd6103f908",0,0,17,0,0,0,0,0,0,0,0
"b53f41f088e3a7b6f4e014dcf25c44e1",0,0,3,0,0,0,0,0,0,0,0
"b6651eef644677bc4b7437f9160f683e",0,0,32,0,0,0,0,0,0,0,0
"b6e7f2dca1c7c351df397e63a3a5f08f",0,0,10,13,0,0,0,0,4,3,0
"c029e5aef2ff3b6eafc04a5f0c4e883e",0,0,2,0,0,0,0,0,0,0,0
"c2c3a0866a14cae4a79daac3b05a4b07",0,0,2,0,0,0,0,0,0,0,0
"c411cf43eb7ea5ea8a634ccf606eca88",0,0,8,0,0,0,0,0,0,0,0
"c4f4577920724fff144255355c601b07",0,0,18,0,0,7,126,30,0,0,0
"d662318c57015d82faa9dcc2830aa9fa",0,0,43,0,57,100,120,97,0,0,19
"d8074cadac349bb6e194bba42ad2b956",0,0,2,7,0,0,0,0,0,0,10
"da7860c2a58e2a1c4695228366a86244",0,0,18,6,0,0,36,0,90,40,0
"e1b89e0900c5867951e538455ec98e39",0,0,3,0,0,0,0,0,0,0,0
"e3b2e8dd679abe48fef453fdd76409d4",0,0,2,0,0,0,0,0,0,0,0
"e83079e33e7ced61ba4bf3fa47fd3b5b",0,0,35,0,0,29,0,59,0,0,0
"ec3b89f6e322fa2c1d8f9074d724a0fc",0,0,2,0,0,0,0,0,0,0,0
"ed9c292d027d986fce63a31fc053a0a0",0,0,2,0,0,0,0,0,0,0,0
"f08d4804f7761863a73ff389df29277f",0,0,7,0,0,0,0,0,0,0,0
"f16f2e832688fc459a38b7cb46a7ee06",0,0,8,0,0,0,0,0,0,0,0
"f6b559223a02f6f20ff85833b2db7744",0,0,4,0,0,0,0,0,0,0,0
"f7f9ef30ca777e975ebb0016fe73f972",0,0,5,0,0,0,0,0,0,0,0
"f9c5107c50ab43996e917b184807e598",0,0,21,0,0,0,0,0,0,0,0
"fba42672d7f7ff81749800c7548ed4d2",0,0,4,0,0,0,0,0,0,0,0
"fde1f2d352be712e5602a77fdbec2870",0,0,6,10,0,9,13,0,0,0,0
"fee289e44b5df6dec884a1f6ca21b5de",0,0,13,0,0,0,0,0,0,0,0
"ff90a1d377b08052f51f1724a6e52445",0,0,3,4,0,0,0,0,0,0,0
"003cdfea87bbc20f432f8cd4d3bdc6b0",0,0,0,6,0,0,0,0,0,0,0
"0098a64e86dea092dc6553c671aca6be",0,0,0,15,0,0,0,0,0,0,0
"026f9a2bea4f623becfc31fba722aca5",0,0,0,17,0,0,0,0,0,0,0
"0615826b4b9e1dd6e30b75c1ce3bbfb1",0,0,0,3,0,0,0,0,0,0,0
"0680c8e1521426113e6b3415484f1c1e",0,0,0,10,0,0,10,0,0,0,0
"0a4a01bdbd6a0a58afc4ec367738da4c",0,0,0,6,0,0,9,0,0,0,0
"0e0d586cc6f6e07fe16b2ab2162351f5",0,0,0,5,0,0,0,0,0,0,0
"10e716dd5b3898e2cfda17d283eeaedc",0,0,0,3,0,0,0,0,0,0,0
"10ea869c7966e06b19ab56129bda4b41",0,0,0,31,0,0,0,0,0,0,0
"134d89fd8f923621f3cb6edc712470a7",0,0,0,15,0,0,3,0,0,0,0
"156f2dedae76a3166a97345d00da4346",0,0,0,2,0,0,0,0,0,0,0
"174b031c22c9f0fc92202b844d126e1c",0,0,0,16,13,0,0,0,0,0,0
"17e79e7428e1faaee8e0f51182338103",0,0,0,7,0,0,0,0,0,0,0
"180c60d232f1eba1655649b25927f0f0",0,0,0,6,0,0,12,17,0,0,0
"18fe252f30eca2009939051c6a7d7104",0,0,0,3,0,0,0,0,0,0,0
"1ae265a060a1ff610ac4698f80ad9df8",0,0,0,19,0,17,0,19,0,0,0
"1af82836b76bafcb5c93ec82c7ef68cb",0,0,0,70,0,0,0,21,0,0,0
"1b6df79686718cfaa314b7455a81ca8b",0,0,0,8,0,0,9,0,0,0,0
"1e4a5f41d758bc20715fd52ee7e220d8",0,0,0,3,0,0,0,14,0,0,0
"20a8a377654bbfcb46f57e557f3a4fdd",0,0,0,11,0,0,0,0,0,0,0
"227aaf9a1077c191f8f2cd743ca355f2",0,0,0,54,7,0,24,0,0,0,0
"230168c5fb14a3552a2c9053d8d98310",0,0,0,53,0,0,0,0,0,0,0
"2589c04274f78addebaa5f7b84d8ce6d",0,0,0,2,0,0,0,0,0,0,0
"260e764bc60f657b9487ba1ec74407d6",0,0,0,4,0,0,2,0,0,0,0
"261e6f890face28f755be244572b621b",0,0,0,2,0,0,0,0,0,0,0
"26d27ea507c7ba5af5a3083a99921058",0,0,0,5,0,0,0,0,0,0,0
"274f4719145ca27e242c791b86c12c87",0,0,0,6,0,5,0,0,0,0,0
"2754f8145001f59f68a3e6943834c866",0,0,0,79,0,6,252,294,0,0,0
"28fe4f0d65d4e8bdd48aff3e52f71626",0,0,0,2,0,0,0,0,0,0,0
"29a5e98d883f37e71e127fde3ad026b0",0,0,0,8,0,0,0,0,0,0,0
"2a66694dd64eaa52c6f581a4dacfa465",0,0,0,32,0,0,0,0,0,0,0
"2ba61899812ccae431a6f98b7e9bbed6",0,0,0,17,0,0,0,0,0,0,0
"2ce1de4d8fcd13907f567e67e3dbff0a",0,0,0,30,0,15,0,0,0,0,0
"2d3254af8f4428892e73720c5e1764fe",0,0,0,11,0,16,16,20,0,0,0
"2dd8060bfb6a11154433fe5ef3cbc222",0,0,0,13,0,0,15,6,0,0,0
"2e010c4f99cfd17bc5ef5e0491e667be",0,0,0,38,0,0,0,0,0,0,0
"2e86edaa3a27ce1186a8e6b94d2b38e3",0,0,0,10,0,0,0,0,0,0,0
"2f1e7cc81b7429d84b997e24e5f77ad8",0,0,0,4,0,0,0,0,0,0,0
"3014165d5f15a3bddf4968db2952f864",0,0,0,33,21,19,25,19,0,0,0
"309862def3feafe0648fa3730f2cec5e",0,0,0,2,0,0,0,0,0,0,0
"30a6c4b3119db2c38e80cd632cd5bba5",0,0,0,4,0,0,8,2,0,0,0
"31a59dea34372e08ac569e6d7c2c0bd9",0,0,0,7,0,0,0,0,0,0,0
"31e11d7110448a2732a9d7fa421a85f6",0,0,0,17,0,0,0,0,0,2,0
"3240bb9cd3d2f16e1727089fd4fb44ac",0,0,0,2,0,3,0,0,0,0,0
"32d1f00f3516114fe0f699ee3c7168eb",0,0,0,8,0,6,0,6,0,0,0
"34cffc7895800ef744a2cbba071cc23a",0,0,0,3,0,0,0,0,0,0,0
"34fce6e925975e17a26266523836c8cc",0,0,0,14,0,0,0,0,0,0,0
"397c46e1f31903ea419e6d085202bc9e",0,0,0,13,0,0,0,0,0,0,0
"3d17ac8c26d5e750409a267705ead392",0,0,0,56,0,0,0,0,0,0,0
"3f37ddcc4412134a188dd52ca5204708",0,0,0,2,0,0,0,0,0,0,0
"3f6b616564bb61c6eadbd7418e239879",0,0,0,2,0,0,0,0,0,0,0
"3fb182d5fcbd98a34bcc896218cbe212",0,0,0,25,0,0,0,0,0,0,0
"40f6c21a78a19d7816d915ea0f02a619",0,0,0,135,35,78,0,69,0,0,0
"4131ed55628bfae596c691d896e1e610",0,0,0,12,0,0,0,0,0,0,0
"41419a3fff82b71e858d045785e45ab5",0,0,0,22,0,24,0,0,0,0,0
"420b8525f6ffa2663447e1f6d2ab53e9",0,0,0,9,0,0,0,0,0,0,0
"4347759ada5d26da5549aa48e693bb6f",0,0,0,11,0,0,0,0,0,0,0
"43d9624d68344e220ba5efa26f685ffa",0,0,0,4,0,0,18,0,0,99,0
"45f73650e9cfc723abb9df3b2c3f8035",0,0,0,3,0,0,0,0,0,0,0
"46a9855159ff7c5cd13c8fe2236d218a",0,0,0,14,0,8,0,0,0,0,0
"48030451a8987604758caf40e2840be7",0,0,0,16,0,0,0,0,0,0,0
"488375a2ef6ccc7e6b6bd2bbea2a0567",0,0,0,27,0,14,0,0,0,0,0
"492083dc7bebbc04a27c919b513f5080",0,0,0,6,0,0,0,0,0,0,0
"49a6bb016729bab5d8921c9eb57e95f8",0,0,0,10,0,0,0,0,0,0,0
"49c6835c28e0bb7e19a18277e21a8134",0,0,0,15,11,0,0,0,0,0,0
"4cbb1e9d1872379bafe12d6e1a6799a3",0,0,0,6,0,0,0,0,0,0,0
"4ff953d13181ac10e2dfd093dda395d0",0,0,0,7,0,0,0,0,0,0,0
"504c290afdaa4600dc4698c09921330f",0,0,0,5,0,0,0,0,0,0,0
"5165e3e90446cb5410df6d80ac963899",0,0,0,4,0,0,0,0,0,0,0
"5216561325bf83ac8e658f6e2050d479",0,0,0,4,0,0,0,7,0,0,0
"52fcf46c2895ab2b8a90f2ccde994f44",0,0,0,8,0,0,0,0,0,0,0
"5364886f2ec493b3361208ad5915a3ab",0,0,0,5,0,0,3,0,0,0,0
"56a590539525a65acc2476c5098678d2",0,0,0,16,49,0,32,14,0,0,0
"5809ecdda3dbd9fbaefac492f3d2de53",0,0,0,10,0,0,6,0,0,0,0
"58d27de207d3a7a02b44d8385d66bd3c",0,0,0,2,0,0,0,0,0,0,0
"5afc78d0675635e53b756115c557cd53",0,0,0,2,0,0,0,6,0,0,0
"5f0c59ae8f764c2f1e407b301bbdae87",0,0,0,9,0,0,0,0,0,0,0
"6087c4e74c59eaae9dcd58a1cb9d301d",0,0,0,10,0,44,0,0,0,0,0
"6499d32033b581a24652e10b5eef7446",0,0,0,3,0,0,0,0,0,0,0
"64b2ea06fbcaf40ed3307c90a4df4909",0,0,0,7,8,12,10,0,0,0,0
"64f24b11df1905cc153941146887813d",0,0,0,57,0,0,0,0,0,0,0
"66bdd3c94b3b8a67626c85aa1bf27dc2",0,0,0,41,29,41,56,34,0,0,0
"6751e07d2d1fdf35e8634ab6f9be0c12",0,0,0,4,0,0,0,0,0,0,0
"6787c0b411cac6e230adafa50a27b462",0,0,0,2,0,0,0,0,0,0,0
"6842ad78bdb7ca1b16ba1ee9760d0e53",0,0,0,4,0,0,0,0,0,0,0
"688e5d65402ebf5855d180949c2323ad",0,0,0,4,0,2,42,0,0,0,0
"690b3b80d296067aea1ca51715153d3e",0,0,0,13,0,0,10,0,0,0,0
"699e6bd73eb4b3d11462d24a4359184f",0,0,0,12,0,0,0,0,0,0,0
"6a7abdd0227d0d61666a7fd23f7f89fc",0,0,0,9,0,0,0,0,0,0,0
"6b42d2a75dd79b96e77f6e5b7afaf44e",0,0,0,9,7,0,16,0,0,0,0
"6d68922ef5af2bc80f6ea6826f10716b",0,0,0,5,0,0,0,0,0,0,0
"6dd938af664677443bd6613ecbcfce6b",0,0,0,2,0,0,0,5,0,0,0
"6e50828b8858c538b5c6e7bbb7ab894e",0,0,0,11,0,0,0,0,0,0,0
"6edb9b00ba53aa3fa707ac9eddcd063b",0,0,0,12,0,0,0,0,0,0,0
"6f6aa60ebee114df28c92a4a9ab8fed5",0,0,0,2,0,0,0,0,0,0,0
"71262a084aa507c5c10a7cc95c788845",0,0,0,41,0,0,0,0,0,0,0
"733b273bffc66c5888176db2f14e6587",0,0,0,5,0,0,0,0,0,0,0
"7395ba8e0eaf4284eba9b7c8a64a8990",0,0,0,9,0,0,0,11,0,0,0
"7489e447dd7abb8f53eaae7a46cdf2f1",0,0,0,5,0,0,0,0,0,0,0
"75c96d37c65e5b81f8bd2eaa8fb2e6df",0,0,0,25,0,0,0,0,0,0,0
"773f918e1c1b25ca2c8a46e72786289d",0,0,0,7,0,0,0,0,0,0,0
"7814ea40efe02c33308bfe94ff282bb8",0,0,0,5,0,0,11,13,0,0,0
"794165db8c3b7e63d613e1cdd52a11d5",0,0,0,3,0,0,0,0,0,0,0
"7d50555913c0d8e8f6e55a775518df8f",0,0,0,58,0,601,443,710,0,0,0
"7fda1f240f3b9ea31e24b7084a8c7cae",0,0,0,6,0,0,0,0,0,0,0
"807eacf6dcf522bdecd02cf3a6f79bf4",0,0,0,7,0,0,0,0,0,0,0
"80e7c46a67b467ca74c9e6c157f048a8",0,0,0,6,0,0,0,0,0,0,0
"8211a7cbd8e25d83e4f293da30c735d2",0,0,0,24,0,0,0,0,0,0,0
"825ba9ad93c4b39feace5c2d3c414e42",0,0,0,17,27,35,0,0,0,0,0
"828ecd248db6d75a320ee1f3a755e984",0,0,0,13,0,17,0,6,0,0,0
"829a885a7f7640d7470d027f97dd6dfa",0,0,0,8,0,8,0,0,0,0,0
"83cd35b11b138d320683c1f16aef9345",0,0,0,7,0,2,0,0,0,0,0
"861471dd5b97c451e206e8fe0973bf44",0,0,0,127,0,0,0,0,0,0,0
"8618ba4c64f11f462b8705b75a71aef3",0,0,0,7,0,0,0,0,0,0,0
"877548993f125ad384d0d43920cc601a",0,0,0,7,0,0,0,0,0,0,0
"878fe5273311c7680ac92bc655bddb27",0,0,0,4,0,0,0,0,0,0,0
"8949ec09a474d8bb25319486f327327b",0,0,0,11,0,0,0,0,0,0,0
"8b1f25ac71c56e2197f3911a8c433c28",0,0,0,2,0,0,0,0,0,0,0
"8d5f552980e0048009713c41b70e0eaa",0,0,0,41,0,0,0,0,0,0,0
"8e4b15cf029b79266f4e3e8c8e13efec",0,0,0,13,20,0,9,12,0,0,0
"8fda8678d48d20b3b6fd188753beea83",0,0,0,10,0,0,0,0,0,0,0
"92626f2f1d450a4b79639dc3cd43b94e",0,0,0,7,0,0,36,17,0,0,9
"927316b247e632e333eb9f6517f240f2",0,0,0,3,0,0,0,0,0,0,0
"94d54ac74fff677f30cf712b3b7cf504",0,0,0,4,0,0,0,0,0,0,0
"94f0110c8c75b65a4368f8c578bcb4f6",0,0,0,12,0,0,16,0,0,0,0
"99aaaf29d68f4ef92e91a6d8f3ab2976",0,0,0,13,0,0,0,0,0,0,0
"9bb5699c217e246dd9895555aad784ad",0,0,0,52,0,0,0,0,0,45,0
"9cc3e46c071fe497b48456876deea464",0,0,0,2,0,0,0,0,0,0,0
"9e82a9286dbb35dd88c5e8d1d65edde1",0,0,0,13,0,0,92,5,0,0,0
"9ec68a527aa95c81893ecaa5ca107324",0,0,0,16,0,0,0,0,0,0,7
"9fbf75a160464ddc2a2f09e642493922",0,0,0,6,0,0,0,0,0,0,0
"a52a9565190d3676cafc73ad16b794bc",0,0,0,2,0,0,0,0,0,0,0
"a59cc42d97a8c37ca13e37e8d2ba5a90",0,0,0,25,0,0,19,15,0,0,0
"a5c831dfacecfa87551e5978b3057c2c",0,0,0,16,0,25,0,0,0,0,0
"a886e90258b59cebb324cca1472da185",0,0,0,25,0,6,0,5,0,0,0
"a9460bd0493a3aa70374ebdc01e7b520",0,0,0,2,0,0,0,0,0,0,0
"aa219b104506689ea3c903a2fa757bb0",0,0,0,4,0,0,0,0,0,6,0
"aab751405448244a67ac1c5ee9c4f393",0,0,0,6,0,0,0,0,0,0,0
"ac16242b567458becf0032084f84541b",0,0,0,5,0,0,0,0,0,0,0
"ac2cd7a14e4ee3ed5c2d9df5477eab7b",0,0,0,4,0,0,0,0,0,0,0
"ac49d5f417a627e237c1df37b73d2d58",0,0,0,56,0,0,0,0,85,163,0
"ae6e1010913bff7ebac1d362c29354d5",0,0,0,11,0,0,0,0,0,0,0
"aeb96b70ca7117418756f9ddf7b22891",0,0,0,4,0,0,0,0,0,0,0
"afe0d52a77619429b6eb7151a6d62aa0",0,0,0,2,0,0,0,0,0,0,0
"b1393dcadb05b77b1ea2713d235b9d84",0,0,0,17,0,0,0,0,0,0,0
"b377ddbe67f56c2142a08e51e653f3ef",0,0,0,4,0,0,0,0,0,0,0
"b384b008c08c2b0d027d8b5c4aefa0e7",0,0,0,2,0,0,5,0,0,0,0
"b3ab8a76d0e4dea0fbbc10b0a1d28fa3",0,0,0,6,0,0,0,0,0,0,0
"b6aea8f2f15a242d50940ccd3b51c12a",0,0,0,13,0,0,20,0,0,0,0
"b99cfb471290767930bb4826a5301ed7",0,0,0,4,0,0,0,0,0,0,0
"ba054b9dcd8eb6ad8f697c08b25102ed",0,0,0,2,0,0,0,0,0,0,0
"bb084047c96a6d28e40c66d93959fad4",0,0,0,4,0,0,0,0,0,0,0
"bbccc645e43a1262447a04936ef2343d",0,0,0,2,0,0,0,0,0,0,0
"bbfa42622ffbb348ee4b5570416039fc",0,0,0,25,13,0,15,0,0,0,0
"bda634596eca5918724f01957d01727f",0,0,0,4,0,0,0,0,0,0,0
"bf7960aec5884b9dd1213a8570e65cd8",0,0,0,7,0,2,4,0,0,0,0
"bf9900cf5b288563c3ba985e130d413c",0,0,0,4,0,0,0,0,0,0,0
"bfc1f52b2a0abd15a6237f2a4b2f6615",0,0,0,6,0,8,0,0,0,0,0
"c28a6f8707f210d32fd4ef86901df9da",0,0,0,5,0,0,0,0,0,0,0
"c4e7c67b90747cdd08434f61d6352c49",0,0,0,3,0,0,0,0,0,0,0
"c656afc01cb78e1d776827e1cd609b97",0,0,0,13,0,0,0,0,0,0,0
"c934aa2789c86511ddb122cc93325058",0,0,0,7,0,0,100,0,0,0,0
"c9e9442c8a2a450afba7696a45782559",0,0,0,12,0,0,0,0,0,0,0
"cc328f21bb1e569e603a8167ba5f2b87",0,0,0,15,0,0,0,0,0,0,0
"cf163b2cbd9823f4b6bbc08a4eeea809",0,0,0,13,0,0,0,0,0,0,0
"d12e2feb3f1149fc340b8a08f405f6b4",0,0,0,2,0,0,0,0,0,0,0
"d40e7b24c853c06fa496e34c16531817",0,0,0,34,0,0,0,0,0,0,0
"d5b7625de3522e51692cf74c1f8db111",0,0,0,2,0,0,0,0,0,0,0
"d5d7bca579dd6d7d88b012236768b318",0,0,0,11,0,0,0,0,0,0,0
"d639ac7ede548706f3c85204b29b3f13",0,0,0,8,3,0,0,0,0,0,0
"d8850473564e3ff315eafd65f49ffee8",0,0,0,14,0,0,0,0,0,0,0
"d94b70c632b78242b98d38fee06f7515",0,0,0,11,0,0,0,0,0,0,0
"dd9b8827075b37fdf5bcdd8bb4800517",0,0,0,7,6,0,0,0,0,0,0
"de74b19ad5250fa399fb49f25c9d70fa",0,0,0,17,0,0,0,0,0,0,0
"e11f019d94067d0e0c62e936961154c4",0,0,0,34,0,0,29,0,0,0,0
"e24a6b3022f9de6be2ecd0d449610fed",0,0,0,53,0,0,13,18,0,0,0
"e342c15c85b8a39df3c7a4f07716af19",0,0,0,4,0,0,0,0,0,0,0
"e6c34eea38947d5d98f1d2ccce4b133b",0,0,0,14,0,0,0,0,0,0,0
"e7c8fc31259612911793dd08fedbe974",0,0,0,23,0,0,0,0,0,0,0
"e82f84c429a45fe5dd8e81b2d921e04d",0,0,0,95,0,16,0,0,0,0,0
"e88ea605dde49a2de64e73d38f156a04",0,0,0,44,0,0,18,0,0,0,3
"e9584e0f4cb8652e4301856213338dba",0,0,0,2,0,0,0,0,0,0,0
"e98bdd2b2b5086a01984cebd353c8afd",0,0,0,4,0,0,0,0,0,0,0
"ea9c4452c893caad2db9dd41f3be52e1",0,0,0,7,0,0,0,0,0,0,0
"eab73f3616abc887bd342c9670641a6c",0,0,0,6,0,0,0,0,0,0,0
"ec5aada6127e1d6e524b9adb0ea1dd76",0,0,0,9,0,0,0,0,0,0,0
"ed22f786faafcdbe56247ce337186b41",0,0,0,21,0,0,0,0,0,0,0
"edc633e965173937f41f597e8a077d85",0,0,0,3,0,0,0,0,0,0,0
"ef479dc2a3c08cca4131511b87f003d6",0,0,0,16,11,0,0,0,0,0,0
"f0c495bcf669b47183d4d642b2de6227",0,0,0,8,0,0,0,0,0,0,0
"f5e4c2e5657ef7bdd6e651f4cac9484c",0,0,0,48,0,0,0,0,0,0,0
"f77cae753b25392dc3cbb125a0a83a6a",0,0,0,4,0,0,0,0,0,0,0
"fa044a2bcca6822392e0dcc76d76d7e9",0,0,0,29,21,0,41,0,0,0,0
"fae98d112446444d8334e51e114a55d7",0,0,0,16,0,0,0,0,0,0,0
"fe822d148a9f79bc4ffe20bb4e316166",0,0,0,2,0,0,0,2,0,0,0
"089a34549a46c69397b15fe546727101",0,0,0,0,18,0,0,0,0,0,0
"09fed32bb07ca647b7a10da89730f18c",0,0,0,0,11,0,0,6,0,0,0
"0ca99f008c746bd8427d8594b82360dd",0,0,0,0,5,0,0,0,0,0,0
"11336060cb30b57421274857322a1b3b",0,0,0,0,15,0,0,0,0,0,0
"16865e7a560354a65bd82f9d47a793cd",0,0,0,0,12,0,29,0,0,27,0
"19cfdcf27537a843dfb80eb7a0ebd2c8",0,0,0,0,3,0,0,0,0,0,0
"2599f626299e9aa8ce93435ba8ed747b",0,0,0,0,33,0,0,5,0,0,0
"29aefaf92e4a78a4a856e5b1683b5b3a",0,0,0,0,2,0,0,0,0,0,0
"32cca8247ce0bc7dbcfe5bcb474db9f9",0,0,0,0,9,0,0,16,0,0,0
"342434457abcbe4d99aa0ce37f8cfeaf",0,0,0,0,4,0,0,0,0,0,0
"36536d2840c6e590337230bc31d38e60",0,0,0,0,4,0,0,0,0,0,0
"3b3e727bfcb74113377802cef5db1eb3",0,0,0,0,3,0,0,0,0,0,0
"3d9ad333ae5c47ac51eaf5a0e1430c13",0,0,0,0,10,0,0,0,0,0,0
"41088c678c3746a0dd560a90eb0c5f45",0,0,0,0,30,24,85,0,0,19,0
"4ba3945e38b6bf8a59b5bab52265716f",0,0,0,0,3,4,0,0,0,5,0
"4cac6bb7dcd7663580ff86210bc2ad71",0,0,0,0,8,0,0,0,0,0,0
"4ee30267eecb528f6e89f94c2cd2500c",0,0,0,0,6,4,0,0,0,0,0
"4f6a2dbcc87d7eb6979294cf20b88fe8",0,0,0,0,19,0,0,28,0,0,0
"50fd78b2e7cdf4c38463349850079e6e",0,0,0,0,3,0,0,0,0,0,0
"5702cd7df935678667fc8e3ac1d1b624",0,0,0,0,22,0,0,0,0,0,0
"5ad8b05d14549c1a2aa6d0e230c627f6",0,0,0,0,7,5,40,2,0,0,0
"5ce78e3c4f46db218721ac9e571ba8c6",0,0,0,0,6,6,0,0,0,0,0
"6052ff55d21c877c94c286820de83841",0,0,0,0,34,12,0,0,0,13,0
"62d2ba9b4c735a753b131ee9693812ca",0,0,0,0,3,0,0,0,0,0,0
"66711e63dda216dffbc076b14fd67a0c",0,0,0,0,9,0,0,6,0,5,0
"6832f1ec4e472061dfc2b0461210dedf",0,0,0,0,2,0,0,0,0,0,0
"6aa68994ab50e6d926dbc6db29c52d6a",0,0,0,0,6,0,0,0,0,0,0
"78686b6cf4b8146eedc759d097c01e89",0,0,0,0,5,0,0,0,0,0,0
"7a114a07454ea81f6ee15d973db8d360",0,0,0,0,6,0,0,0,0,0,0
"7fa9b0a89521c7a0277562f0f7417a7f",0,0,0,0,6,0,0,0,0,0,0
"80c7400acd6dbfa5fd1ae9306492c5e6",0,0,0,0,14,0,0,0,0,0,0
"810a0d96674c6bfae5d898568a2db30b",0,0,0,0,18,0,0,0,0,0,0
"834b7f3e34fab6d34a958614575d3ade",0,0,0,0,2,0,0,0,0,0,0
"83680b975ea917c39f6d3b42bc880192",0,0,0,0,3,0,0,0,0,0,0
"8b2dd2a75d3b5f141c05ba8537280e4a",0,0,0,0,20,0,0,0,0,0,0
"8d36d4716c3478ffe62270edaa52a8f2",0,0,0,0,19,0,0,0,0,0,14
"8eb5062bca2d9132cb5528c56fa4b5f5",0,0,0,0,6,0,0,0,0,0,0
"91f6191c7e4218810cc469c01f81cf1e",0,0,0,0,3,0,0,0,0,0,0
"98725d7032cedae3ccee79a648a1a1f2",0,0,0,0,31,0,0,0,0,0,0
"9cf608f90a001ae4fee3bf93f0e8ff91",0,0,0,0,9,0,9,0,0,7,0
"9db343ef0f37835d46496923d9eeccaf",0,0,0,0,8,0,0,0,0,0,0
"9db91ba691116831ba7e4afdb71c08c4",0,0,0,0,8,0,8,0,0,0,0
"a0efe1662b0b68ddaa92df12f2ec6232",0,0,0,0,3,11,0,10,0,0,0
"a11537f3827f029a39cec348dec00342",0,0,0,0,6,0,0,0,0,0,0
"a84d1ecd79880c796c3d76b46fac8679",0,0,0,0,5,0,3,0,0,0,0
"aa421d0154bc38ce2af62a22e3531673",0,0,0,0,7,0,0,0,0,0,0
"af32108e2a227cecb100c8827ad07817",0,0,0,0,4,0,0,0,0,0,0
"b2c11ed6507509a475fbb57da7c36b48",0,0,0,0,10,3,5,0,0,0,0
"b331325bc1ac4e44a840a732601984ce",0,0,0,0,9,0,0,0,0,0,0
"b69c1a8078328fcdd1e8a944730833a8",0,0,0,0,15,0,0,0,0,0,0
"b73414f5eca8ee9aa431ad93f8a283de",0,0,0,0,7,0,9,4,0,0,0
"bc621c84703530ecd93e68f26a8239c7",0,0,0,0,9,0,0,0,0,0,0
"c6e1457b9e6f64ec1455c038f78a0004",0,0,0,0,4,0,0,0,0,10,0
"c7c23ba83904b61f23131be8a57b54ea",0,0,0,0,5,0,0,0,0,0,0
"d47c35a71a411144365dd031109a2fb5",0,0,0,0,5,0,0,0,0,0,0
"d6591e0a162efe79ea18082c9041b590",0,0,0,0,23,0,0,0,0,0,0
"dd3cf31e9013b1ba67c0740802680e6c",0,0,0,0,8,0,24,0,0,0,0
"dd6584fc20b5b624bd42db0b5b858526",0,0,0,0,2,0,0,0,0,0,0
"de9b46501d422c73943ee767af83ad7c",0,0,0,0,4,0,14,9,0,0,0
"e80af96d1f6babdd7c8c32c466be3354",0,0,0,0,13,8,0,11,0,0,0
"f07ca3c966c7917a358e48e80e9a6307",0,0,0,0,14,0,0,0,0,0,0
"f20ca883260afeb9cfb918015ddda6c7",0,0,0,0,4,0,0,0,0,0,0
"fb23e7ba3e566d0cbafeeaf3f1945685",0,0,0,0,3,0,0,0,0,0,0
"fb84351f5364583d993946d6a8b9c3d1",0,0,0,0,3,0,0,0,0,0,0
"fb8c839d56f2f990ddeff6869148cf49",0,0,0,0,35,0,0,0,0,0,0
"fe40bb6a56f15750f7653283b653fb55",0,0,0,0,32,0,0,0,0,0,0
"051d3f6e91dda9de438981d28e0fb845",0,0,0,0,0,4,0,0,0,0,0
"06e517b037548b153072c8310dbbdcca",0,0,0,0,0,2,0,0,0,0,0
"0a503d897e5f69449125db2561ce5c49",0,0,0,0,0,18,0,0,0,0,0
"11c61fdd723f8e0c39cbcb946123b215",0,0,0,0,0,14,0,0,0,0,0
"16ea42de1a198e8540764ebe96933557",0,0,0,0,0,5,0,0,0,0,0
"1a5722efbfa6b2474f1e1d834201ceb1",0,0,0,0,0,8,0,0,0,0,0
"2093942fc2b26b2341845c95d33a4d34",0,0,0,0,0,5,0,0,0,0,5
"22ae15bc385d3d3e816f328114dd5748",0,0,0,0,0,3,0,0,0,0,0
"22f254d6e601aa67bd58a0c35f91841b",0,0,0,0,0,117,38,0,159,55,0
"25b0901ff2b37cd802a5991ef245b2f4",0,0,0,0,0,22,0,0,0,0,0
"2b79e0020cfb5aaea456b376042085e1",0,0,0,0,0,5,0,0,0,0,0
"2ced16dc79020626ec95c11472ea6886",0,0,0,0,0,4,0,5,0,0,0
"31dc489ea80e59b20d6a5d66b3058aeb",0,0,0,0,0,6,0,0,0,0,0
"33fd440227a9518a505f281fe688e6e6",0,0,0,0,0,5,0,0,0,0,0
"34de7d46e76358cf3c1be328178050d2",0,0,0,0,0,9,0,0,0,0,0
"36f72d0beeac2653886e76a396b5fc36",0,0,0,0,0,5,0,0,0,0,0
"383d1b3a7addddcbe98bb8b1867754f2",0,0,0,0,0,3,0,0,0,0,3
"3d36e6c8cc92373d2efd167acc2a4f10",0,0,0,0,0,4,0,6,0,0,0
"42e16b476d715ae1dd15aff7f841344b",0,0,0,0,0,6,0,0,0,0,0
"4723592f25c024b34a0e232777ae5140",0,0,0,0,0,4,0,0,0,0,0
"4fc83f6a9909f452e6fc0a3d11d4f558",0,0,0,0,0,43,26,0,0,0,0
"53e38a88b59c3bd638af88e39ed67703",0,0,0,0,0,12,6,0,0,0,0
"5460b418cb5aa0ed6c1a4b91e42b17be",0,0,0,0,0,23,0,0,294,143,0
"54aed2876c97488f0f968ae3a6738a12",0,0,0,0,0,4,0,0,0,0,0
"5634d9c7a727c24c20a385ce91fdc4c3",0,0,0,0,0,4,0,0,0,0,0
"585b5128f86bd7fe35217c202c3efb1e",0,0,0,0,0,27,0,0,0,0,0
"587f06540735b3a03a706a18ac60ca8a",0,0,0,0,0,8,18,0,0,0,0
"5d33f7bac6a2aa1a18c03d405233a8f0",0,0,0,0,0,7,0,0,0,0,0
"5f3fb10d80bffaa461029c3817274b00",0,0,0,0,0,3,4,0,0,0,0
"69d547634c5a6adf6e0ff204b6d7216f",0,0,0,0,0,5,0,0,0,0,0
"6d1d3e7cb1f65776bf9b85a1182a8a1c",0,0,0,0,0,5,0,0,0,0,0
"6d80415daf129c200c405b7620753af4",0,0,0,0,0,2,0,0,0,0,0
"737a9baf58e6dd9581ec3aa9012daea4",0,0,0,0,0,7,6,0,0,0,0
"74f90ba34ae2015607730e57c05b7ed1",0,0,0,0,0,2,0,0,0,0,0
"7fc8f4138bca59d367cc2e3e5eff00d8",0,0,0,0,0,6,0,0,0,0,0
"8274bb5729007bc4568dc2fd433e1c44",0,0,0,0,0,5,0,0,0,0,0
"828572e01d3a11506c42875af23bb688",0,0,0,0,0,14,0,0,0,0,0
"8716e71b7448dc7ad05fa879f923bce2",0,0,0,0,0,5,0,0,0,0,0
"9202654cf7cd1eeb991c9ff5d9d75a0e",0,0,0,0,0,4,0,2,0,0,0
"93e193c67549e01bf5c31e3137706f40",0,0,0,0,0,16,0,0,0,0,0
"9469738cbb80fe0ada2cf58a25f046ea",0,0,0,0,0,5,0,0,0,0,0
"9f4e1382ce7d191ff760a1ef239b8c20",0,0,0,0,0,19,0,11,0,0,0
"9f566cf8fc5871f5756a997f5602bfb5",0,0,0,0,0,4,0,0,0,0,0
"a33f46c60820fc69f1abaf3569fe78ce",0,0,0,0,0,4,0,0,0,0,0
"a6e08495609ee0c4d2aef5f31a00cd2f",0,0,0,0,0,2822,0,0,0,0,0
"a9129602c58c553127db81381e84d45a",0,0,0,0,0,5,0,0,0,0,0
"ab0cfec9b8f3935b4dd2d4826fce6020",0,0,0,0,0,3,0,0,0,0,0
"b3342537f79321d4a371fd07d405c158",0,0,0,0,0,4,0,0,0,0,0
"b54ef9df20dbb54da1cf11de767421ec",0,0,0,0,0,3,0,0,0,0,0
"b6632aa13513e11c32a6e8254037c39b",0,0,0,0,0,4,0,4,0,0,0
"ba6968148afdb13b840b388cfabcc7d5",0,0,0,0,0,8,0,0,0,0,0
"ba92ae0df7e48da7b60afb3bd5566e86",0,0,0,0,0,6,0,0,0,0,0
"bd8c42fe6af0fb4b2c262c98adf3230d",0,0,0,0,0,4,0,0,0,0,0
"be713bf1f82187a2958f9bb4b47a492e",0,0,0,0,0,74,0,25,0,0,0
"beca7d2bc390bfd5f6b41df2fd12b13e",0,0,0,0,0,84,0,0,0,0,0
"c3fb088f5b2bea5f28691d6215e46752",0,0,0,0,0,2,0,0,0,0,0
"c81ce7e7a0673fa66afeb9344fe6ec91",0,0,0,0,0,2,0,0,0,0,0
"cc4eabe79496003b6412d2d2f485ecc8",0,0,0,0,0,5,0,0,0,0,0
"d0537d2e55f6aed0479bdcdee54ad275",0,0,0,0,0,3,0,0,0,0,0
"d1873939021522112deac7239e4854dc",0,0,0,0,0,11,30,6,0,0,0
"d1c4302d1cd231618bbe86c737653a9a",0,0,0,0,0,4,2,0,0,0,0
"d1e1386cb993c3d2c338d079eaccdf45",0,0,0,0,0,11,0,0,0,0,0
"d4fab27a5e6e41cdc9cd6e5a34438d74",0,0,0,0,0,7,0,0,0,0,0
"d740b6553dfd44521bc26bb60edb16ce",0,0,0,0,0,5,15,0,0,0,0
"d7ac1275fab8047df094601def093dbf",0,0,0,0,0,4,0,0,0,0,0
"db7302175092fbc7a5c782cf1873d217",0,0,0,0,0,16,0,0,0,0,0
"dbe7711598a79e3cb3887bc6caab7c11",0,0,0,0,0,90,0,0,0,0,0
"df18a34107d91499da8a381bc6e60ae5",0,0,0,0,0,3,0,0,0,0,0
"e0fb879c8ae7aa114be699c6d2e4ee3a",0,0,0,0,0,3,0,0,0,0,0
"e48044a464c44f7f02475510df18f84c",0,0,0,0,0,28,0,0,0,0,0
"e74136d4e56b13c0b28395529e8f5dd3",0,0,0,0,0,7,0,21,0,0,0
"e8dc22cdf2726d3f408c420524cc4194",0,0,0,0,0,2,0,0,0,0,0
"e9bd4e5965c9a7d715b92560c86788c6",0,0,0,0,0,5,0,0,0,0,0
"ecc92e9719b2e479f8e14d906d494197",0,0,0,0,0,2,0,0,0,0,0
"f30b15714f76cc372ef0c4d8a87bc912",0,0,0,0,0,36,0,0,0,0,0
"002d55af395c67c4e55d585dc0ae4685",0,0,0,0,0,0,13,0,0,0,0
"009535630b29bd3ded7a0b07114c93b3",0,0,0,0,0,0,28,0,0,0,0
"0344056e5c6e0e088f5733408d9e25eb",0,0,0,0,0,0,4,2,0,0,0
"038f57764547450de2ee9a5ad3ad90d0",0,0,0,0,0,0,7,0,0,0,0
"047aea5a333860d45dd0b5898721d79e",0,0,0,0,0,0,8,4,0,0,0
"04a58c3a56faae28f4ab665b46f41b3b",0,0,0,0,0,0,5,0,0,0,0
"04bb4879ae86944b8984acaabc6967cb",0,0,0,0,0,0,19,0,0,0,0
"0531687fa76b855611beb2a96ea4e0c6",0,0,0,0,0,0,7,0,0,0,0
"057c45fc8b9b0f993bcbbfca29f1329c",0,0,0,0,0,0,138,0,0,0,0
"079e35d7de2f8085e2d18e5286d8cf16",0,0,0,0,0,0,17,0,0,0,0
"07f1d379c77c2ea5f3def93d525fd27e",0,0,0,0,0,0,5,4,0,0,0
"08484ec03e6641d4fcfef8a80d8d8137",0,0,0,0,0,0,19,0,0,0,0
"09f1acfd19ce04b2779d0bd3c6116b0e",0,0,0,0,0,0,52,14,0,0,0
"0b18036fa227c11f5cccccf0863b2d89",0,0,0,0,0,0,2,0,0,0,0
"0b658fde33c473e0388ac69504e3cc7c",0,0,0,0,0,0,72,29,0,0,0
"0c599bae57eba112237272a9af53d4e8",0,0,0,0,0,0,31,0,0,0,0
"0e1b93a47716fa951bc3c26130314f3c",0,0,0,0,0,0,14,0,0,0,0
"0f2ba2d38f1c135b434d02ebccb6ed74",0,0,0,0,0,0,4,4,0,0,3
"0f5cbeedfa82ca42f893c593ced1e743",0,0,0,0,0,0,9,0,0,0,0
"0fd45137b71e532d06e224a357de6845",0,0,0,0,0,0,4,0,0,0,0
"10ae765b82346011b4333afc89f71375",0,0,0,0,0,0,5,0,0,0,0
"10b9dab148d6983c159ae6b5cce31154",0,0,0,0,0,0,6,0,0,0,0
"114eb1407f0ae69658ca5a1c29628026",0,0,0,0,0,0,3,0,0,0,0
"11aaffe15d736251f179a4aabab47172",0,0,0,0,0,0,8,0,0,0,0
"12fcf515cec56a8a8ff3925b019584c3",0,0,0,0,0,0,8,0,0,0,0
"131cb6868d99b5603bca809f0b745dcd",0,0,0,0,0,0,31,0,0,0,0
"1372fdf46e20b8f1b48159d6f436a522",0,0,0,0,0,0,31,0,0,0,0
"14a617150bf85ec55faf49dbd6d9da7e",0,0,0,0,0,0,5,0,0,0,0
"14ba0c3eebb154bbc946777fe7d8ac5a",0,0,0,0,0,0,5,0,0,0,0
"1577f54147d1d2c020446fb1667acd9f",0,0,0,0,0,0,9,0,0,0,0
"15c69bf90f54f9799db376f52ddc3d8d",0,0,0,0,0,0,6,0,0,0,0
"15e6ddf7df96b0304574ef310ef02da2",0,0,0,0,0,0,16,27,0,0,0
"16b8a9aba555b070039785ab71da5228",0,0,0,0,0,0,4,0,0,0,0
"173f1307f32103b37f4b6192f383d2ae",0,0,0,0,0,0,4,0,0,0,0
"175bd3cf7d7350366ecc244851cb6484",0,0,0,0,0,0,5,0,0,0,0
"17bc32d76f8ea61bcc88e7e3646d4d8c",0,0,0,0,0,0,3,0,0,0,0
"1892a1a9542686d9769393417308f789",0,0,0,0,0,0,3,0,0,0,0
"18ef1ffb33e11ea30a3db0201f7db61b",0,0,0,0,0,0,4,0,0,0,0
"191363c0202ff3ec670c758bf017c4d7",0,0,0,0,0,0,47,0,0,0,0
"19fd6fb5184c6116baa6a7aca73e2210",0,0,0,0,0,0,12,12,0,0,0
"1a6ec8fe374c8fcc8698f37d00c42d08",0,0,0,0,0,0,7,0,0,0,0
"1f5694c4c5bd7f0c9d4992d7d41592a9",0,0,0,0,0,0,51,13,0,0,0
"1f8ead57b05653cb31c6ea7875fdb5f6",0,0,0,0,0,0,2,0,0,0,0
"2103d47eb972e09e56ce313418f80dd2",0,0,0,0,0,0,3,0,66,215,0
"21d1aaa5dc2e042b17eae13cf5c48cf4",0,0,0,0,0,0,11,15,0,0,0
"223a3f222fa5be4c7a62c6294d470b4f",0,0,0,0,0,0,27,9,0,0,0
"22e251b9ace204a7b246cce62ec63a5e",0,0,0,0,0,0,6,0,0,0,0
"2468507020e17ea6b1858410396d7b6e",0,0,0,0,0,0,11,0,0,0,0
"25406317b88e6e66c2cb3caa4a12b955",0,0,0,0,0,0,16,0,26,33,0
"264ed72915c4d85ceee6a4d60243c397",0,0,0,0,0,0,5,0,0,0,0
"26b4e2969e19fd04db3dfb23f381e7e5",0,0,0,0,0,0,25,0,0,0,0
"273bca79e1afc2f3a3691cb03c513534",0,0,0,0,0,0,4,0,0,0,0
"2783ad702e78c1c527e9dfc6f2e2920e",0,0,0,0,0,0,7,0,0,0,0
"27d99d27fdb8e2cda876f8366e19451f",0,0,0,0,0,0,39,0,0,0,0
"2850d87a196e583776ea46417e7407cf",0,0,0,0,0,0,42,0,0,0,0
"29b7d96deeb12bc5f2e25b94434e0706",0,0,0,0,0,0,13,0,0,0,0
"2d332a68da71eea901f1ef6bdc820cda",0,0,0,0,0,0,296,0,0,0,0
"2e0f6a1eb6459a1525d25e80d8527c02",0,0,0,0,0,0,2,0,0,0,0
"2f316d97bc68ff9ff500c65b399b907c",0,0,0,0,0,0,238,0,0,0,0
"2fd8845e69d23ce7cc2be2922dfd5150",0,0,0,0,0,0,7,0,0,0,0
"3007d30ab1774765a4467955f33dddcb",0,0,0,0,0,0,6,0,0,0,0
"30d5178aec2cd61c284e4ab4e171b944",0,0,0,0,0,0,44,0,0,0,0
"30d67693b11f589a248cba80b57f5980",0,0,0,0,0,0,31,0,0,0,0
"31004641b09063f00d07b93ffb7d5d22",0,0,0,0,0,0,12,0,0,0,0
"33980181eb0c41e7c4fcac0544cea7d4",0,0,0,0,0,0,9,0,0,0,0
"33ea0701ac686a6885ed970eda37cfe0",0,0,0,0,0,0,21,0,0,0,0
"343f210f96db62e9efc22ae95f17682d",0,0,0,0,0,0,35,9,0,0,0
"3443fdf9b2cdb0d058528fde6132b527",0,0,0,0,0,0,19,0,0,0,0
"34681b6f2ac53df2e3925b81f3c73227",0,0,0,0,0,0,20,0,0,0,0
"35e2179b29c45e007d5cc74db7ca179b",0,0,0,0,0,0,2,0,0,0,0
"36bd43bb4b65d139ae743bb5fe383829",0,0,0,0,0,0,6,0,0,0,0
"36f81bdbab260bb0521e2cd7bcf61117",0,0,0,0,0,0,12,0,0,0,0
"38ccc6037ca794ef0f4f7036f07d7344",0,0,0,0,0,0,45,0,0,0,0
"38ccf21e6c4352d027643f8146aa7399",0,0,0,0,0,0,3,0,0,0,0
"3a2bfb1b602fb56f5b65b2831aab50f2",0,0,0,0,0,0,9,0,0,0,0
"3b1e869bd5fce6e6eddc91e961b9727d",0,0,0,0,0,0,24,0,0,0,0
"3c1ed87db1dcb93f3dc9b144f7c1c828",0,0,0,0,0,0,36,0,0,0,0
"3c9d456b46012c9bf9f5cf1a6b7dad2b",0,0,0,0,0,0,7,0,0,0,0
"3cb16bb79ad23f380a251e8665286532",0,0,0,0,0,0,29,0,0,0,0
"3d5fa97ad1ee7df4104d71f0b9fbeeb7",0,0,0,0,0,0,7,0,0,0,0
"3f8175b85850b41d54932f9c17f96040",0,0,0,0,0,0,14,0,0,0,0
"41761d558e8aab9a600fac6ad6a4027c",0,0,0,0,0,0,44,0,0,0,0
"437fa67cfd3aead9225a05bdb404c37d",0,0,0,0,0,0,7,8,0,5,0
"4660da9589ffbbab82b2b3b1c7c5d1ea",0,0,0,0,0,0,8,0,0,0,0
"473b2cb83f5bab191bd122bacded9ece",0,0,0,0,0,0,4,0,0,20,0
"48531c7a910162d7a3769a72de3b1b17",0,0,0,0,0,0,5,0,0,0,0
"485461cfc35835436f8c4b746ea9a18b",0,0,0,0,0,0,9,0,0,0,0
"4c67e92fa9c5b4f67c6ab5685756d631",0,0,0,0,0,0,4,0,0,0,0
"4c68b0b1bbd5331767a9841a8cdfd324",0,0,0,0,0,0,34,0,0,0,0
"4d558f2c97b83c80ddaa7d2ecc119f91",0,0,0,0,0,0,7,0,0,0,0
"4db5929da1fbd4c7ed5189841300dcf4",0,0,0,0,0,0,9,0,0,0,0
"4f588e0e229d15c60297f6d574eadef0",0,0,0,0,0,0,5,0,0,0,0
"50bc341bab9fc029e959cb2230c1e2c1",0,0,0,0,0,0,13,0,0,0,0
"515140fc5021d7e179033b4638a5bc84",0,0,0,0,0,0,8,0,0,0,0
"519b9d22e001d09ea0812b97670c6283",0,0,0,0,0,0,4,0,0,0,0
"558442ef0695f033d9cf21c6bf5d9cda",0,0,0,0,0,0,19,0,0,0,0
"560d86be08763c02ec54a5fc4e880b70",0,0,0,0,0,0,29,10,0,0,0
"568760d169e263c1823266e5154ea6b0",0,0,0,0,0,0,4,2,0,0,0
"5779e1dd687f4c96b3914a10a994f48b",0,0,0,0,0,0,15,0,0,0,0
"5b051583d840950cb1230792e65640cd",0,0,0,0,0,0,19,0,0,18,0
"5f9b74cda84dd889db1c6e3035adbaa7",0,0,0,0,0,0,57,0,0,0,0
"60ebb08f215d6a9bb43b428e575d4f01",0,0,0,0,0,0,50,0,0,0,0
"616c8e355f646135c3ab45a19e90e23a",0,0,0,0,0,0,36,0,0,0,0
"61874b446c5759ba5be950cf8fcf9f6e",0,0,0,0,0,0,7,0,0,0,0
"631f050a666def685909ab99cb4ceb50",0,0,0,0,0,0,23,0,0,0,0
"63d1e2947f0ec9a0f8c0255bbc1d3b1f",0,0,0,0,0,0,2,0,0,0,0
"6403f36dfc4df290c8af4b7cf227b0fa",0,0,0,0,0,0,20,0,0,0,0
"648c5387b520f1e2dc1edf0235d54590",0,0,0,0,0,0,8,0,0,0,0
"64c80d3a8fa2c3b9ed9a034ea77b4791",0,0,0,0,0,0,5,0,0,0,0
"6652559e046d180cd17c1dc7c8fe41ab",0,0,0,0,0,0,27,0,0,0,0
"6722807926e051c2ec29ee3a08ee6ac2",0,0,0,0,0,0,6,0,0,0,0
"68406260b1b3a9d5ca80cc3768e77c78",0,0,0,0,0,0,6,0,0,0,0
"68f0dfe8f68f71b3f7f900d86220760b",0,0,0,0,0,0,24,12,0,0,0
"6b4bcd092c6429f8b6d2798994231a2c",0,0,0,0,0,0,21,0,0,0,0
"6b7bb775bb2db26ab84c425008b57c10",0,0,0,0,0,0,9,12,0,0,0
"6cf1910034583c319c18acf595a75013",0,0,0,0,0,0,22,0,0,0,0
"6df53696a9812708bac3040c4a3791ed",0,0,0,0,0,0,10,0,0,0,0
"6ed28df174063037b67659ecadff89e9",0,0,0,0,0,0,4,0,0,0,0
"6f7d7b1642ab5086f89204ea566c2c2b",0,0,0,0,0,0,79,0,0,0,0
"7081e7359e8cde67131b0359578b9e14",0,0,0,0,0,0,6,0,0,0,0
"70874e55baa91cfd37cd17940bd459b8",0,0,0,0,0,0,10,0,0,0,0
"713a4c1d4fe22e02bdc6e96df815f715",0,0,0,0,0,0,9,0,0,0,0
"7375406d3ed4cbf5bb0d6861c348941c",0,0,0,0,0,0,7,0,0,0,0
"7464bbc36da4c0e73ee676455278f219",0,0,0,0,0,0,13,0,0,0,0
"74674103915cb13563201382bb5da41d",0,0,0,0,0,0,24,0,0,0,0
"7661c2b8619f2b45a3d4c00ec66bc675",0,0,0,0,0,0,2,0,0,0,0
"7782f3359a2fb8fa93fb8d957ebda591",0,0,0,0,0,0,8,0,0,0,0
"78dbf8d3abdcb89d952d4d1614b31967",0,0,0,0,0,0,12,0,0,0,0
"7ae65a7793501305e8bd47565216b3df",0,0,0,0,0,0,4,0,0,0,0
"7b82ac86a13f949ae4de060c184e5293",0,0,0,0,0,0,32,0,0,0,0
"7c4e99aeef06f450fdbc8a437b6dd08d",0,0,0,0,0,0,8,0,0,0,0
"7d5463bee0ecddcb2d58904f911c4340",0,0,0,0,0,0,3,0,0,0,0
"7d8b5418ad392e713541660689a072d8",0,0,0,0,0,0,16,0,0,0,0
"7e3c16c0df1b70ea1845cc06c0957df4",0,0,0,0,0,0,31,0,0,0,0
"7e5f32930a708aa36dae46ebc8bb7fee",0,0,0,0,0,0,7,0,0,0,0
"7e95371003c38909ee27035257db08f6",0,0,0,0,0,0,6,0,0,0,0
"7ea3d83c7840c639b1dbccde39c9bba5",0,0,0,0,0,0,28,0,0,0,0
"7f04188a0cfc1f5d6a0b2f47ee38e828",0,0,0,0,0,0,8,0,0,0,0
"7fa5e2472312753ab8efe2efeda88032",0,0,0,0,0,0,3,0,0,0,0
"807d16a94051897898ea78cc515870ba",0,0,0,0,0,0,2,0,0,0,0
"816c9945bec45085ece608d182839a3b",0,0,0,0,0,0,3,0,0,0,0
"824635ceff78528e3b8f031157b971b7",0,0,0,0,0,0,50,8,0,0,0
"82e47c651566307cd1bddd37beeb2274",0,0,0,0,0,0,2,0,0,0,0
"838d7343c306f0c8171570be24ae6338",0,0,0,0,0,0,18,0,0,0,0
"850cc9e73a5a150fd471f9d79feba414",0,0,0,0,0,0,8,0,0,0,0
"85270d4a8aaf0b19da093c16e41eb180",0,0,0,0,0,0,17,0,0,0,0
"85b8decc313d000531d0de0dc5b3c6bb",0,0,0,0,0,0,6,0,0,0,0
"87bb1949eafd11eb955a207990cd40e2",0,0,0,0,0,0,13,0,0,0,0
"8860b102ba6b062e8d1f06402676622f",0,0,0,0,0,0,2,0,0,0,0
"88b73828d07f5b3ad1c6af0c35d55886",0,0,0,0,0,0,22,0,0,0,0
"89266dccd6bdb488f71f06e8df9a842f",0,0,0,0,0,0,17,0,0,0,0
"8b6af49a390c8ee7d7e43db6109ebf4d",0,0,0,0,0,0,8,0,0,0,0
"8f1f9cab7064d9c076e153288a55c3c5",0,0,0,0,0,0,7,0,0,0,0
"8f291dbb90f2eeced18832c4486cface",0,0,0,0,0,0,4,0,0,0,0
"8f3aff8148b5f00e072e85fbb4239968",0,0,0,0,0,0,2,0,0,0,0
"8f930a64bc0a7fab125d50f1005bed2c",0,0,0,0,0,0,43,0,28,0,0
"9094403c505d29a0dd723be7537e55ab",0,0,0,0,0,0,11,0,0,0,0
"90a2301f96c24619a5fdc3364f4c019f",0,0,0,0,0,0,26,0,0,0,0
"90ad077eff4df5740690ee2e4f24410a",0,0,0,0,0,0,12,0,0,0,0
"91d40df492ef97e1cdb22f3509a75843",0,0,0,0,0,0,6,0,0,0,0
"9458369e21e4e67c27392e519736e57f",0,0,0,0,0,0,9,0,0,0,0
"96045e000ab84bc6608582d498f10341",0,0,0,0,0,0,8,0,0,0,0
"99002786d90cba92c62bcb04f5df0adc",0,0,0,0,0,0,10,0,0,0,0
"990b4382c1b9e4a80b77694fe665273b",0,0,0,0,0,0,4,0,0,0,0
"999bd035f57e8767039d73746572944d",0,0,0,0,0,0,4,0,0,0,0
"99b4cbf32c3fa5d179654e86f2096c1d",0,0,0,0,0,0,15,0,0,0,0
"99bca37611b5a43ffcc6fd6e6614db67",0,0,0,0,0,0,2,0,0,0,0
"99bff2bb7b3fe745cdddcc0f87a5f15b",0,0,0,0,0,0,2,0,0,0,0
"9d116426206ddf96e17ffba1130e01aa",0,0,0,0,0,0,16,0,0,0,0
"9e3f0806c78441a6d545f76d9239e830",0,0,0,0,0,0,11,0,0,0,0
"9fcf815733a1105c57bffb7e28c29f60",0,0,0,0,0,0,7,0,0,0,0
"a43ef3c5e80b8796f1fbbb638ef8ce54",0,0,0,0,0,0,19,0,0,0,0
"a578527f197200fff7f9095ed7f9f4dd",0,0,0,0,0,0,7,0,0,0,0
"a5896158bf7fbf589048648ecd66942b",0,0,0,0,0,0,12,0,0,0,0
"a757e3acfe1ffd94bb14a14c1cc89182",0,0,0,0,0,0,16,0,0,0,0
"a7b197e43e28a3cc0ca1d147cf4b31ec",0,0,0,0,0,0,5,0,0,0,0
"a877afc652c3dabc57ef0c8e078549b6",0,0,0,0,0,0,7,0,0,0,0
"a9860a5fd0a7f33a139258c3f9fe283d",0,0,0,0,0,0,9,0,0,0,0
"a9b51b06dea4cbedc99502e82a927c00",0,0,0,0,0,0,19,10,0,0,0
"aa18fafa0b607affd808c56860859e3a",0,0,0,0,0,0,4,0,0,0,0
"ac27c075d65e497c6c674bd842bdff08",0,0,0,0,0,0,48,0,0,0,0
"ac7ede4e107a3f1d86991392fb9a5194",0,0,0,0,0,0,17,0,0,0,0
"acd8111b3bcbc95945f577fcfe56f362",0,0,0,0,0,0,31,0,0,0,0
"ae6d8c45c70eca710c12ee3fe39e5eeb",0,0,0,0,0,0,6,0,0,0,0
"aed5e6a3fe06bfb041ef6e1ee5a8183c",0,0,0,0,0,0,6,0,0,0,0
"af3db6043bae88435bab1ac0beba5207",0,0,0,0,0,0,7,0,0,0,0
"aff060088c6657f21b2a233e6f5d7f5d",0,0,0,0,0,0,9,0,0,0,0
"b15861e64754ea53d7bf06cb2cc71e8a",0,0,0,0,0,0,26,0,0,0,0
"b2376a30240344fa06d508b7736bea2e",0,0,0,0,0,0,3,0,0,0,0
"b528d5c93831c162b99ff84b64a68231",0,0,0,0,0,0,55,0,0,0,0
"b587b3d6c7c15527a96092269993d9be",0,0,0,0,0,0,5,0,0,0,0
"b685394dc4b92bf73735cdf3bb94a4c9",0,0,0,0,0,0,4,0,0,0,0
"b8799ae4f5a650ff2bd76699f376cd42",0,0,0,0,0,0,8,0,0,0,0
"b8b209d16a0f6edaa0845ece7ed08778",0,0,0,0,0,0,5,0,0,0,0
"bc305e7394b1f8262eb46eed4721e4db",0,0,0,0,0,0,3,0,0,0,0
"bce89eb0bd9db393ee30828b17291a98",0,0,0,0,0,0,7,0,0,0,0
"bd5326fd0dfebd65b925dc7679a8859b",0,0,0,0,0,0,5,0,0,0,0
"bdb976e0b42f9491762ef5260923e3ca",0,0,0,0,0,0,3,0,0,0,0
"be6b994db809ae4298eeb54ad7636d9d",0,0,0,0,0,0,72,0,37,178,0
"c05bbd464f8e41f830861c677c966901",0,0,0,0,0,0,13,0,0,0,0
"c130f9dbe0f90158708a309963b755d5",0,0,0,0,0,0,9,0,0,0,0
"c1a75a46c33ab3a4e13d9440a700727d",0,0,0,0,0,0,358,0,0,0,0
"c1caca1a956a6a88d59fd580b0312893",0,0,0,0,0,0,42,0,0,0,0
"c3a1e4dbb5f43b236fb78ad7efcc71e5",0,0,0,0,0,0,23,0,0,0,0
"c611a93d01ffccfed9c3ee1e1036f679",0,0,0,0,0,0,58,0,0,0,0
"c68a69dc544ea6230f591da11a9b1d9c",0,0,0,0,0,0,27,0,0,0,0
"c7620f5c2a5be80f20bfe63f43567af4",0,0,0,0,0,0,10,10,0,0,0
"c77e92f7fbeed3e620549b4780bedcdb",0,0,0,0,0,0,6,0,0,0,0
"c787a540c2615eba1591246dd6e36efb",0,0,0,0,0,0,2,0,0,0,0
"c8861f8b123c223b2903df50a96aeaf6",0,0,0,0,0,0,65,0,0,0,0
"c921411b27dec12a4aee8c28e9d253a0",0,0,0,0,0,0,3,0,0,0,0
"c99b9e5e036fb5691542dc0dda933b07",0,0,0,0,0,0,28,0,0,0,0
"caae86816f243208d225fb1e798ffaab",0,0,0,0,0,0,435,0,0,0,0
"cb176ab25700c5679917c26ff71e4eb4",0,0,0,0,0,0,10,0,0,0,0
"cb5acb4b8c673193c0ec1c4a88102cd7",0,0,0,0,0,0,12,0,0,0,0
"cd092632bdd022ca170e6153aecfa989",0,0,0,0,0,0,46,0,0,0,0
"cd4044ca8422ea2edaacfe70b8913b64",0,0,0,0,0,0,10,0,0,0,0
"cdd3c3c658d41bb7c28f506d07306d35",0,0,0,0,0,0,7,0,0,0,0
"ce4308fb80577ab3f4a98d5dd78b6bd5",0,0,0,0,0,0,4,4,0,0,0
"d2f64fdb308d728452869ceccae14f26",0,0,0,0,0,0,3,0,0,0,0
"d32deb020f2dd0352d07a2a03612d930",0,0,0,0,0,0,24,0,0,0,0
"d42194409505c32b2e408c9d57c630ab",0,0,0,0,0,0,2,0,0,0,0
"d602e82bb84956e38c2f6c51fef56ac2",0,0,0,0,0,0,11,0,0,0,0
"d8c5a351204c2103878ad482636fa2d6",0,0,0,0,0,0,15,23,0,0,0
"d9408e89bb191b3af402911d12a29ee4",0,0,0,0,0,0,13,0,0,5,0
"dad64e8378f0afe565c235e21f5db16e",0,0,0,0,0,0,7,0,0,0,0
"dc4ded30868503d972688cfb163b2623",0,0,0,0,0,0,136,0,0,0,0
"dc7dda30e189dbb85724aecaeba2b996",0,0,0,0,0,0,8,0,0,0,0
"dd798471ae4a3af5ffbd253c8f8b720a",0,0,0,0,0,0,2,0,0,0,0
"de5ac69060f09f5a3b1853dce06b94d5",0,0,0,0,0,0,16,0,0,0,0
"dfe342a65c6f9dbef8cdfb81cc689b81",0,0,0,0,0,0,94,0,0,0,0
"e01d48fff474f3a2de2987a30ded196f",0,0,0,0,0,0,5,0,0,0,0
"e0a79477ab85daf5a69cc8ad16b30fd8",0,0,0,0,0,0,8,3,0,0,0
"e16d910ac4116c53d7c060d079ce2746",0,0,0,0,0,0,75,0,0,0,0
"e2b496b6acfb872840c92a55fc399637",0,0,0,0,0,0,6,0,0,0,0
"e388dcf8f312545bc9217970f747b7c7",0,0,0,0,0,0,17,10,0,0,0
"e444d6b57e305c0cf64db7edac209869",0,0,0,0,0,0,13,4,0,0,0
"e53f11fbff8dab48556692f405e8a03d",0,0,0,0,0,0,3,0,0,0,0
"e5f8064f65732b79751d48b1d70719a8",0,0,0,0,0,0,2,0,0,0,0
"e8aa3b09d70400188bbfbfec8d4a58fb",0,0,0,0,0,0,4,0,0,0,0
"e999adca8d08fbf74624e80b28a67870",0,0,0,0,0,0,18,0,0,0,0
"ece9be43c9e9420c53c6c8fc8e8b67d8",0,0,0,0,0,0,12,25,0,0,0
"ef9429bf4ccc498b32d38fcd75c1cbcc",0,0,0,0,0,0,31,0,0,0,0
"f0dbb38cb7fe9e7bc6ef6b272ba8cd0c",0,0,0,0,0,0,502,0,0,0,0
"f100143757c1e470072a773425a62847",0,0,0,0,0,0,41,0,0,0,0
"f3d0cdd3bb4af0fd0b074e6661697646",0,0,0,0,0,0,5,0,0,0,0
"f41c77eeb98bd35d0942c181dd7e8c21",0,0,0,0,0,0,5,0,0,0,0
"f47048081e0c36b877e8e58806889043",0,0,0,0,0,0,5,0,0,0,0
"f6a9d6bc475e2c5f88390d96c68c3c32",0,0,0,0,0,0,22,0,0,0,0
"f702368ae277455f054ce6dbf838b86a",0,0,0,0,0,0,13,0,0,0,0
"f79c153ce990112e7006c4d05e467b0a",0,0,0,0,0,0,5,0,0,0,0
"f8906f1f3f57d1efed807d4d83afca4b",0,0,0,0,0,0,36,0,0,0,0
"f965daf3ac4d6902eec9ab43fcbb7068",0,0,0,0,0,0,14,0,0,0,0
"faac420bc8b91477179ab6dc0cd33bd0",0,0,0,0,0,0,6,0,0,0,0
"fb5ce52642cf03403210dfb9d5786cd8",0,0,0,0,0,0,5,0,0,0,0
"fba31ed10f5ebbea98361aeff0c873a4",0,0,0,0,0,0,17,0,0,0,0
"fd222c693edd8d5f8686a6c2072b3037",0,0,0,0,0,0,7,0,0,13,0
"fd460ace9de843415bf4c35fc997e8a4",0,0,0,0,0,0,8,0,0,0,0
"fdbcf28cf0dc250b18aecb8495e50c8f",0,0,0,0,0,0,2,0,0,0,0
"fe6a9df76bea7b6d38ed766d072b4436",0,0,0,0,0,0,2,0,0,0,0
"ff08f24dacf31f9de85e3a13173b6f75",0,0,0,0,0,0,7,0,0,0,0
"ff9ed165c4c162854f6f38de9720e505",0,0,0,0,0,0,5,0,0,0,0
"02844e36bfee71a127da3fed7d8be4c4",0,0,0,0,0,0,0,26,0,30,0
"0b710186d15ddab4e96992496d72ebdc",0,0,0,0,0,0,0,18,0,0,0
"0b7a0216742132aadf4541c6f3175331",0,0,0,0,0,0,0,4,0,0,0
"0f42e5aab70526a500b159d07f468687",0,0,0,0,0,0,0,17,0,68,0
"16d3e696674e1e5718347b267e52c3db",0,0,0,0,0,0,0,4,0,0,0
"18222ae84f9471958e6e6af3a9cc4b6b",0,0,0,0,0,0,0,4,0,0,0
"1d17d4269b043641a2c87c13009b25ec",0,0,0,0,0,0,0,18,0,0,0
"1fb5477e4cbfde397752a060822d0a41",0,0,0,0,0,0,0,7,0,0,0
"20474760ece4cbde53eb395206c1792f",0,0,0,0,0,0,0,9,0,0,0
"2298bc2f0d1cd651b67e8c727da4850b",0,0,0,0,0,0,0,12,0,0,0
"229ec05f020cb94a9a9000be25dca041",0,0,0,0,0,0,0,34,0,0,0
"2327ea6cd783a4cf23e448ffa6a69188",0,0,0,0,0,0,0,2,0,0,0
"245c54726245295b7196c4bccd4e8d79",0,0,0,0,0,0,0,9,0,0,0
"24a67b31d55a655dc562c6b384cd81ce",0,0,0,0,0,0,0,2,0,0,0
"2511f5954f3ad13e49fbe9af563fec54",0,0,0,0,0,0,0,21,0,0,0
"2a2384af2e6ef3aae409200cb2312771",0,0,0,0,0,0,0,7,0,0,0
"3195bf32f718b558475b90ed5213bce6",0,0,0,0,0,0,0,14,0,0,0
"39264f8ce89598e6b547079e51b1654d",0,0,0,0,0,0,0,29,0,0,0
"3d2e88bdfd3d0829e1e46e5e1b0b7c02",0,0,0,0,0,0,0,4,0,0,0
"3dbed1f8e0fb3bcdb17fba09fd446085",0,0,0,0,0,0,0,2,0,0,0
"3f17302d98986433219e8490cb10a3f4",0,0,0,0,0,0,0,10,0,0,0
"4374d332f17b9d8c1105969f4a8b3164",0,0,0,0,0,0,0,3,0,0,0
"440a7a1c0c82b854ccb2a93780fd175c",0,0,0,0,0,0,0,2,0,0,0
"44b38ce1bbb128c035da2f891bdb4464",0,0,0,0,0,0,0,5,0,0,0
"4619b589ae1874ff24c6082ca2e80a0c",0,0,0,0,0,0,0,2,0,0,0
"48abbe0d8b349cbe52233200bd0d1afc",0,0,0,0,0,0,0,11,0,0,0
"496b515602b2aaae3a1abadc4f059ee2",0,0,0,0,0,0,0,6,0,0,0
"4e502b1fba4213968f789ead8922a5e5",0,0,0,0,0,0,0,7,0,0,0
"4e7036a496ed55aa876564fc6691bfed",0,0,0,0,0,0,0,5,0,0,0
"4ed288cd2874579d655e2de9681678ec",0,0,0,0,0,0,0,9,0,0,0
"567d1f66e67f32d6c35e3c95214169ba",0,0,0,0,0,0,0,11,0,0,0
"5c98afaffef2436a2255a77a179b9e3c",0,0,0,0,0,0,0,6,0,0,0
"5f903cdf54df58672a35102357729878",0,0,0,0,0,0,0,5,0,0,0
"616274c4e0bebf233259a4d04545885d",0,0,0,0,0,0,0,15,0,0,0
"61b751211f371aa7424520ae43e4ae9a",0,0,0,0,0,0,0,4,0,0,0
"63dba06ff81f57648c96c88c1e00c499",0,0,0,0,0,0,0,4,0,0,0
"69102feab90827b42753e17a0f41860c",0,0,0,0,0,0,0,4,0,0,0
"6d473e58a38f7df41e47861a129733d3",0,0,0,0,0,0,0,3,0,0,0
"75effed22141c6f40a0d5694c3ea3eb9",0,0,0,0,0,0,0,15,0,0,0
"7bebb25a8bb551f108a3e9c275e87079",0,0,0,0,0,0,0,560,0,0,0
"7d41654461314a3a06dbf2c699c8db92",0,0,0,0,0,0,0,4,0,0,0
"7d7aed3c1c76115e92f59c5df030b32a",0,0,0,0,0,0,0,3,0,0,0
"82872bff4e5a2cb87c9fd3749fb0cdda",0,0,0,0,0,0,0,22,0,0,0
"8882d29d7d64e9c947f908b550cb68a4",0,0,0,0,0,0,0,5,0,0,0
"88fe526e18c9eba636b40c67614330f8",0,0,0,0,0,0,0,12,0,0,0
"8c9f5ee1489e8cc262a14f424cff6f4c",0,0,0,0,0,0,0,25,0,0,0
"8cdb2b4c12e2d87c8c09d908c30e7c5c",0,0,0,0,0,0,0,2,0,0,0
"8d08fcccf90878145d3631955b6af663",0,0,0,0,0,0,0,4,0,0,0
"91536d1c223d2c58766554ca2d1ba313",0,0,0,0,0,0,0,16,0,0,0
"970dc3bb571196ac845ebec95009249c",0,0,0,0,0,0,0,7,0,0,0
"99d4258f32bde3478cf071eba9d393ac",0,0,0,0,0,0,0,2,0,0,0
"9b188c4cf18a410dd9a244f6034a931e",0,0,0,0,0,0,0,11,0,0,0
"9b637e1847213df81cf9f6a30a77bb79",0,0,0,0,0,0,0,9,0,0,0
"9e58af8da3dd1a6d24f7d70460b60c7d",0,0,0,0,0,0,0,3,0,0,0
"9ef465aeb160cf13f8a74c0bc6ca0ae8",0,0,0,0,0,0,0,26,0,0,0
"9f3bc135b8ec013e19ba9ff1abc67345",0,0,0,0,0,0,0,4,0,0,0
"a1a6579169cd871cd950411b770d4b87",0,0,0,0,0,0,0,11,0,0,0
"a4c99029d6f4d093627f1651d37b6f6c",0,0,0,0,0,0,0,2,0,0,0
"ad4e5cb19fc9d0a16d8cb7c2863d30ac",0,0,0,0,0,0,0,17,0,0,0
"af62447c9db2b7bb7681f9b71efd8e63",0,0,0,0,0,0,0,6,0,0,0
"b3114557f32f89a7129425c6d25d8494",0,0,0,0,0,0,0,3,0,0,0
"ba8b6899674ebe1b49ac20933a4b29c1",0,0,0,0,0,0,0,2,14,0,0
"baca52c1d674be7fefbd67b2b4473238",0,0,0,0,0,0,0,4,0,0,0
"be5740430be7eb3a4ed02fd86391ffa7",0,0,0,0,0,0,0,9,0,0,0
"c12402ffaf2245e98577e71bb5fbeef3",0,0,0,0,0,0,0,4,0,0,0
"c21b5586a3882e416dfff0e656fa4a2c",0,0,0,0,0,0,0,4,0,2,0
"c42696bf7b4041ec4f33fccb03485355",0,0,0,0,0,0,0,4,0,0,0
"c743156a21d1e8ca7587cc654a9ad9c5",0,0,0,0,0,0,0,19,0,0,0
"c9fe97dfea0dfef327afcd817c2886b7",0,0,0,0,0,0,0,2,0,0,0
"cd9c857e5d8fce029cefa16b7f1f6e94",0,0,0,0,0,0,0,14,0,0,0
"ce9302f61ff41258fab7126404e60b07",0,0,0,0,0,0,0,23,0,0,0
"d0db1c9f3876b8c4332d99cc295597c4",0,0,0,0,0,0,0,10,0,0,0
"d2787de190bf965e31a95e81b8af2cec",0,0,0,0,0,0,0,3,0,0,0
"dadc98d2f8fe24c9c44a4438242128b9",0,0,0,0,0,0,0,3,0,0,0
"dcfc03ce0e70f29cdf66a103e4c1fc31",0,0,0,0,0,0,0,2,0,0,0
"df696563696b689abe85a396d13b600c",0,0,0,0,0,0,0,9,0,0,0
"e0d3e67eef9cfe4f8d03410786bf404b",0,0,0,0,0,0,0,9,0,0,0
"e19b761d3887a5502a5394d76f7a2814",0,0,0,0,0,0,0,29,0,0,0
"e310b02c2cf5b4bc8549bba134727fe7",0,0,0,0,0,0,0,2,0,0,0
"e7cbcdf48d0afda059d06020d90cc266",0,0,0,0,0,0,0,139,0,0,0
"e8ee834ea414e3d4e23482125eb7e36c",0,0,0,0,0,0,0,2,0,0,0
"f3845f4de14b1eacb86fa892ab3e4f51",0,0,0,0,0,0,0,4,0,0,0
"f3c32b4103539ea2928ba2912fb464c7",0,0,0,0,0,0,0,7,0,0,0
"f63752a9a470b719ac9e35a510d3ccb3",0,0,0,0,0,0,0,19,0,0,0
"f7da9d7bb67e6d88bedb9534ba0e3397",0,0,0,0,0,0,0,9,0,0,0
"fbfbf57b36adfedaf161932d2c7864e9",0,0,0,0,0,0,0,4,0,0,0
"01780661b222a9e712fac8cd8d382ae2",0,0,0,0,0,0,0,0,15,28,0
"0283fc489bd78459fa2c1913ecf3bb7f",0,0,0,0,0,0,0,0,153,30,0
"040f1851c527c288e06c264af8370066",0,0,0,0,0,0,0,0,137,8,0
"08a7aad5df296f3b71f9a7d766c0738b",0,0,0,0,0,0,0,0,2,0,0
"08ce4efd581f44f5197d8e466f2c43b9",0,0,0,0,0,0,0,0,12,18,0
"0bd5113fd3ed9c76d73ac82997ddd780",0,0,0,0,0,0,0,0,9,0,0
"11c4880f6c7b7b6ac966827f12a3b621",0,0,0,0,0,0,0,0,5,0,0
"15eae11a1ac4cff7d9f3f0932087244e",0,0,0,0,0,0,0,0,62,181,0
"16d2d9a62a620e35934c7d5439f2119c",0,0,0,0,0,0,0,0,17,0,0
"1b00f488d0db1cef74f4612df8964ce3",0,0,0,0,0,0,0,0,35,0,0
"1c15f7d2860e9839882cfc9f65fd74e5",0,0,0,0,0,0,0,0,28,0,0
"1d9f4b127c1ab56709a71d43cb6dccd6",0,0,0,0,0,0,0,0,11,0,0
"1fe7d824d15091af07b12760014f0aa6",0,0,0,0,0,0,0,0,13,0,0
"217e9f019f1f71d40d188dd8cd5856f1",0,0,0,0,0,0,0,0,15,31,0
"21f016fcc2093a9d5ff8bc1415a053c1",0,0,0,0,0,0,0,0,38,22,0
"255d48644a80d94ad3b75e44fbe1c71b",0,0,0,0,0,0,0,0,8,0,0
"275c9b205c293f5102dda08fb807c184",0,0,0,0,0,0,0,0,13,0,0
"28235260e307535e9a442d5ecbdd2320",0,0,0,0,0,0,0,0,2,0,0
"28e0425923bfc02dcf9e9952a80f316b",0,0,0,0,0,0,0,0,32,0,0
"2c79f18aa33a4de1b470740c261d8a3c",0,0,0,0,0,0,0,0,14,0,0
"2ea0fc42c8d0bc57864d91ebbd9b525a",0,0,0,0,0,0,0,0,40,0,0
"325752fcc54d3bb5afd1584c3c909edc",0,0,0,0,0,0,0,0,2,0,0
"32bcd0d9c4a998376616f5ed1b7af7d5",0,0,0,0,0,0,0,0,5,0,0
"33e4664a0a87722bbb7544a08fa88570",0,0,0,0,0,0,0,0,24,32,0
"39870791247f2d2ad76ef6c659742e50",0,0,0,0,0,0,0,0,9,3,0
"3a615e51ab7e26c4fcb84f5688a93989",0,0,0,0,0,0,0,0,11,0,0
"3b5b8e8a3cbaa5e23e35b588dc2af880",0,0,0,0,0,0,0,0,4,0,0
"3b8bb52ff4d816df95d666a52869eefb",0,0,0,0,0,0,0,0,35,0,0
"3b9df7e479937f6dd1071056987dafb6",0,0,0,0,0,0,0,0,56,120,0
"3cf27c3f6dac3eacc959da20bfe707b1",0,0,0,0,0,0,0,0,30,0,0
"3e5f2bee8621da77f8a74f1a3f037cce",0,0,0,0,0,0,0,0,3,0,0
"44c4750d712737618e0630cc77c8c49e",0,0,0,0,0,0,0,0,6,0,0
"45c17a004cd82c077944242a855031a0",0,0,0,0,0,0,0,0,9,48,0
"4aa87f70023cec3c784fe5db0bd294cc",0,0,0,0,0,0,0,0,10,0,0
"4baf1ee425a4fe814b17ac7bf3fb0ede",0,0,0,0,0,0,0,0,11,37,0
"4d2ec2c11aae0c04f8c03529bdd94818",0,0,0,0,0,0,0,0,18,0,0
"4e9ea57e61d0ab2f59dd0d73755dc047",0,0,0,0,0,0,0,0,13,8,0
"4f7ceb494d86333455a88ca009bb547f",0,0,0,0,0,0,0,0,5,0,0
"50252ce948a7190eb93465ca66c04fd5",0,0,0,0,0,0,0,0,5,43,0
"528ee38dfbf71e27a758b21e8f3e84e1",0,0,0,0,0,0,0,0,2,0,0
"534796388069185a451075d916a1ec5b",0,0,0,0,0,0,0,0,19,10,0
"539660fe42df424824ee859db0398de1",0,0,0,0,0,0,0,0,4,0,0
"5467cf66abc9360477e00b76569aa39f",0,0,0,0,0,0,0,0,40,55,0
"55fb0f233a3001950a2e0ae83f521d68",0,0,0,0,0,0,0,0,2,0,0
"58349cc274ea25e70c4b6c54a01a3547",0,0,0,0,0,0,0,0,7,0,0
"58ff02e17b4d2daca091ecae6ff9558e",0,0,0,0,0,0,0,0,9,0,0
"59d5432bc4a31b1a3a74f7792e57e35d",0,0,0,0,0,0,0,0,4,0,0
"5ba2f7d81a3e88e2981d1d5760a85028",0,0,0,0,0,0,0,0,117,82,0
"5f0918d4e8b45363527edf2d33271b5d",0,0,0,0,0,0,0,0,16,0,0
"61e8a14ae61e2ad1ffd5f648c6c28743",0,0,0,0,0,0,0,0,17,0,0
"6263c247eb998431ba3f5fabddfce4e3",0,0,0,0,0,0,0,0,29,13,0
"632f23e4cb378345141065bf9cd7ada7",0,0,0,0,0,0,0,0,7,0,0
"67e69cdbc3ed155519c79a2f4272aaa2",0,0,0,0,0,0,0,0,25,22,0
"68cf3dd77ce24ed5355f3c8e187b4aa5",0,0,0,0,0,0,0,0,120,0,0
"6c776869551a388d07276410ef83ddf2",0,0,0,0,0,0,0,0,67,0,41
"6c8dd68c297e1ef08b7a8d1150556343",0,0,0,0,0,0,0,0,9,0,0
"6d4594f6534ecaad15e70b20b762bb8d",0,0,0,0,0,0,0,0,24,0,0
"72389d800a1e057908f35d757dbe66df",0,0,0,0,0,0,0,0,3,0,0
"741282e82bae1819a6fd6b686da5aef5",0,0,0,0,0,0,0,0,42,0,0
"74ecb981b73ab0d4e4e5af5015792a9f",0,0,0,0,0,0,0,0,14,39,0
"7bb7702e12dd89e772166e4255dcf2b7",0,0,0,0,0,0,0,0,86,0,0
"7bddda4517f8cf2440086852e266044b",0,0,0,0,0,0,0,0,9,0,0
"7c8e4b4b1066e22f3ea94c82897d084f",0,0,0,0,0,0,0,0,18,0,0
"7d21aedf908e08cd0a25890ab694483e",0,0,0,0,0,0,0,0,7,0,0
"7f168afbdb33a71836a808b05e45b23c",0,0,0,0,0,0,0,0,12,0,0
"823e63703035d168062ea7ceb6496f8c",0,0,0,0,0,0,0,0,21,0,0
"84fe46c429d31d2a5e22344e30d70755",0,0,0,0,0,0,0,0,105,0,0
"85996e1090265ce06635d4c79873ae73",0,0,0,0,0,0,0,0,2,0,0
"859f69a136133421316085ef41910d4b",0,0,0,0,0,0,0,0,4,0,0
"85c0f033521a1df7de9fafd38c8d6c9f",0,0,0,0,0,0,0,0,5,0,0
"85cd33cfbe48bd8f69cfd3e1fd0b2fe3",0,0,0,0,0,0,0,0,28,0,0
"8674329587ec886336f4b62ab7cb6130",0,0,0,0,0,0,0,0,63,0,0
"86b529a8e3bd3e9590097980c7f9a2fb",0,0,0,0,0,0,0,0,9,6,0
"8956d3283ff49034ed8b5324b94ffd70",0,0,0,0,0,0,0,0,23,0,0
"8bf4affb8e291dca7db0d1f25263b131",0,0,0,0,0,0,0,0,105,0,0
"8e1592cc412d35dbbe948faa7f1b111e",0,0,0,0,0,0,0,0,27,0,0
"9015962672e2c841ed9d5c41a7c2dfa4",0,0,0,0,0,0,0,0,38,0,0
"97f07c3e5fdb4eddb76b2a63c446ef08",0,0,0,0,0,0,0,0,53,30,0
"9abf374d970f1f4f252bf1bd69d09ed9",0,0,0,0,0,0,0,0,31,30,0
"9beb34dcf13450783c7106e26b921019",0,0,0,0,0,0,0,0,39,0,0
"9cb6c2f5238a948855ebacc3007cb844",0,0,0,0,0,0,0,0,12,22,0
"9d52e81cafb933cda9824c4fa2edea84",0,0,0,0,0,0,0,0,19,0,0
"9f046302e7b4feea3a57a0c3e12bab2d",0,0,0,0,0,0,0,0,4,0,0
"a1555e0242efbb412da36e44480ecd42",0,0,0,0,0,0,0,0,27,0,0
"a317e54708c349f88ea0d5919aa5725e",0,0,0,0,0,0,0,0,12,6,0
"a355a45259c07ae972768c1abb7f16b7",0,0,0,0,0,0,0,0,25,0,0
"a57531da92a43f5d8858c7de6d696896",0,0,0,0,0,0,0,0,16,17,0
"a93d340ed2d93fccc5444dc8f7cb2013",0,0,0,0,0,0,0,0,10,0,0
"a9ee65ad482f3d9b0edaaed593a5b621",0,0,0,0,0,0,0,0,5,0,0
"aaf6b154f0babffa80994fc9da7f0e38",0,0,0,0,0,0,0,0,12,0,0
"ab3c5419b377e800017bb019fb2930a2",0,0,0,0,0,0,0,0,4,0,0
"ab6c03fc9eb563396518fd182d9dc1cf",0,0,0,0,0,0,0,0,8,13,0
"ae392dacfd9160bf986e33ba08ec1f30",0,0,0,0,0,0,0,0,74,0,0
"b077d9baa89e129a5731b982550262c4",0,0,0,0,0,0,0,0,5,0,0
"b37572d0e35ed735f55e9624c0409866",0,0,0,0,0,0,0,0,4,0,0
"b51a93c679edf2ca9e84df7363d871b5",0,0,0,0,0,0,0,0,3,0,0
"b544531bcd1b9e8a081f690a294f99fe",0,0,0,0,0,0,0,0,20,133,0
"b5719f6049093306acdb2f6a5b59811e",0,0,0,0,0,0,0,0,24,22,0
"bfac57308f72ba010228f0cd91ca6758",0,0,0,0,0,0,0,0,20,0,0
"c17dca315e99cdc9e805e4e2c0244fab",0,0,0,0,0,0,0,0,14,0,0
"c25bb056bc8adbf7517a11f609537eb8",0,0,0,0,0,0,0,0,3,0,0
"c2ce7e26ec82752c363810f39ad0b809",0,0,0,0,0,0,0,0,17,0,0
"c413bed2a95831184e69fba4fabcf32a",0,0,0,0,0,0,0,0,203,0,0
"c53ab31caf99cb5c529d0374d5f37969",0,0,0,0,0,0,0,0,11,25,0
"c85f80b9a26bc75f392d60417ce31ea1",0,0,0,0,0,0,0,0,160,7,0
"ca2f42a244d2ca032f88c0ec11d2a62e",0,0,0,0,0,0,0,0,9,12,0
"cdad2a7040606e6ca4fe5ddabcad32ac",0,0,0,0,0,0,0,0,28,0,0
"ce3e97971b0693fca9d93cd9c6ea0a86",0,0,0,0,0,0,0,0,3,0,0
"ce7cc5a76f86179ccbd1670c44b7f739",0,0,0,0,0,0,0,0,20,9,0
"ce81069bbe0c8cd0785ec88aa1b9377d",0,0,0,0,0,0,0,0,4,6,0
"d1ffc61d6559731070ef7a3e9d44a90b",0,0,0,0,0,0,0,0,27,0,0
"d26f815fa771f5926209909770903457",0,0,0,0,0,0,0,0,41,0,0
"d2aaa681bd88e97ba17e9acddf0a8c66",0,0,0,0,0,0,0,0,4,0,0
"d5e8d72db58c491c9d63c0b3640cc75b",0,0,0,0,0,0,0,0,6,0,0
"d743e0d25414263ee33b7fbdd209eeed",0,0,0,0,0,0,0,0,31,0,0
"dd6d8d4b372dc8c92aa3cc7966cf7ec1",0,0,0,0,0,0,0,0,5,0,0
"df15b92f027d675a3ccc22dbb8654585",0,0,0,0,0,0,0,0,13,0,0
"e111c9b52819f0ec3c62672f66ba467c",0,0,0,0,0,0,0,0,3,0,0
"e12ad628be05f3ff16398d429a4eb40e",0,0,0,0,0,0,0,0,10,12,0
"e5ce3291e866cf05209b18666d718414",0,0,0,0,0,0,0,0,4,0,0
"e5fbfc94090aa6a2d607a1e624ca374a",0,0,0,0,0,0,0,0,17,0,0
"e608779fc6e35a30e0731b9b262a003a",0,0,0,0,0,0,0,0,4,0,0
"e75b1dd376db021a4cd117acf4e7da46",0,0,0,0,0,0,0,0,33,0,0
"e94a61ca63478051fe3f2ad0f78c911d",0,0,0,0,0,0,0,0,6,2,0
"ee36b24bb796dbb45a03d738da608159",0,0,0,0,0,0,0,0,82,15,0
"ef5426eec71f5252fdb82fc9f02647f7",0,0,0,0,0,0,0,0,3,0,0
"f1ec76ed24d2f190db8ccfc3c8829853",0,0,0,0,0,0,0,0,67,0,0
"f38f9d692336359af63bc456e365799f",0,0,0,0,0,0,0,0,28,0,0
"f39f0ba6aff54d64e31a39d3ded50022",0,0,0,0,0,0,0,0,3,0,0
"f909179a31b27870db9580baf79906d2",0,0,0,0,0,0,0,0,2,0,0
"fc11ab2dea2ee4bfd9a83484853364e7",0,0,0,0,0,0,0,0,8,0,0
"fc2ea9577053c511ea9fa5db36c98f36",0,0,0,0,0,0,0,0,35,0,0
"fc46fef1a46ab993a1274d73b5a75409",0,0,0,0,0,0,0,0,9,9,0
"fd57f6ad8d1e2e981b5f9f6979eba9d2",0,0,0,0,0,0,0,0,10,0,0
"0078dae25a16983e211bc4e61ed54c88",0,0,0,0,0,0,0,0,0,3,0
"00c8d15157a66a6a8ff586abd9c0e057",0,0,0,0,0,0,0,0,0,8,0
"08f2d227116ccb3763d1fbc407858475",0,0,0,0,0,0,0,0,0,44,0
"0d7b1661e166b93a800dd8bd23cfc485",0,0,0,0,0,0,0,0,0,11,0
"138d56ee5b8dcfa5cd0d8bda4f29e40f",0,0,0,0,0,0,0,0,0,5,0
"1a95f5bf35e7dfd16f48ca32db16a7a1",0,0,0,0,0,0,0,0,0,5,0
"1b462b2d8c07721d2a6f17d19f99bca6",0,0,0,0,0,0,0,0,0,7,0
"1bc3bac4a030de16a3745451bbf893f6",0,0,0,0,0,0,0,0,0,5,0
"1cc05359fb34e429e7efeb6cb7e1da58",0,0,0,0,0,0,0,0,0,29,0
"20c24ffa530e086ac2d3d8ee2dd0fb39",0,0,0,0,0,0,0,0,0,12,0
"2300a37103061edda38585f4316cce06",0,0,0,0,0,0,0,0,0,6,0
"23745e29ffa8cd08adbf7b30781359a2",0,0,0,0,0,0,0,0,0,19,0
"284418684dc60ceab5e4a7e3c4cfc424",0,0,0,0,0,0,0,0,0,27,0
"292eeb51a52c017638ead530cc70c53e",0,0,0,0,0,0,0,0,0,5,0
"2a3a4d801df97d57a5e268e54e213486",0,0,0,0,0,0,0,0,0,4,0
"2c903bf8a66960fd67dd69fc3d584687",0,0,0,0,0,0,0,0,0,24,0
"2c903e1eed129344252e1f1fecdd0553",0,0,0,0,0,0,0,0,0,6,0
"2cfdc1e3f5921543931b11209b3456b4",0,0,0,0,0,0,0,0,0,2,0
"30e8029bad860ecdbf14806efa817ca2",0,0,0,0,0,0,0,0,0,11,0
"336db56233c123301dcbf9e54bd850e1",0,0,0,0,0,0,0,0,0,5,0
"3456fee8aaffc0ab124ea2b86986eac0",0,0,0,0,0,0,0,0,0,87,0
"345f114b42c0372d6096f2cd4f5747c8",0,0,0,0,0,0,0,0,0,9,0
"359266fae0d805707a81c88b8366b98a",0,0,0,0,0,0,0,0,0,2,0
"364ee1c544995cf21012f21565eec36e",0,0,0,0,0,0,0,0,0,107,0
"3848ece4ff5a7d1a097c6af8d25c6bb8",0,0,0,0,0,0,0,0,0,10,0
"394a5af0b9a068d4a4930ecace92b832",0,0,0,0,0,0,0,0,0,6,0
"3aab8fcf9b96c606200833675816787f",0,0,0,0,0,0,0,0,0,433,0
"3d2a8cc551249a063afeb258644095a6",0,0,0,0,0,0,0,0,0,4,0
"3e12933df267f907a666bd00a3dae4e4",0,0,0,0,0,0,0,0,0,15,0
"41dcce8c308ef307f72c2a2aaf1ff9d4",0,0,0,0,0,0,0,0,0,2,0
"43f709b9e2ca9821cd52df9dc680db42",0,0,0,0,0,0,0,0,0,37,0
"4438c9d228ab933c09de48f92758d154",0,0,0,0,0,0,0,0,0,157,0
"46a8c2a68b593098680c78982a59357c",0,0,0,0,0,0,0,0,0,6,0
"486d026151ab4258f78e186509f0e96e",0,0,0,0,0,0,0,0,0,3,0
"48ca832d71ec8830b02a79df080871e6",0,0,0,0,0,0,0,0,0,12,0
"4f951959e0b39b543eb8d4210af1c659",0,0,0,0,0,0,0,0,0,2,0
"539591ca0b1ccba1670b9d2119c07091",0,0,0,0,0,0,0,0,0,13,0
"59927026942d79cf0b2ed72f5061be42",0,0,0,0,0,0,0,0,0,38,0
"5b4882cc0717baedb3998ac9c6a13f3d",0,0,0,0,0,0,0,0,0,10,0
"5b98b49a087e87a19569636245b70c07",0,0,0,0,0,0,0,0,0,8,0
"5e601d359a77c724b003f80ec914d07e",0,0,0,0,0,0,0,0,0,10,0
"5eb9ede2c49be939dd0591e97d52b13f",0,0,0,0,0,0,0,0,0,15,0
"6a089670346628aeb48c00c034f2de5b",0,0,0,0,0,0,0,0,0,4,0
"6a5c4cf4c68cae9d09df48c92543d2bf",0,0,0,0,0,0,0,0,0,9,0
"6ae15ccf781613b84521ce12dda957d0",0,0,0,0,0,0,0,0,0,4,0
"6fd8aa6a0e5fc81f8ec1622816f94108",0,0,0,0,0,0,0,0,0,26,0
"70350fd2e8cfabeb3bf4f5023d832e13",0,0,0,0,0,0,0,0,0,8,0
"7249a4f17d63e587d76bfa0691b052d1",0,0,0,0,0,0,0,0,0,4,0
"738a21a739053c36ab78c9556c36c77b",0,0,0,0,0,0,0,0,0,18,0
"75f85bc46250d61863ac9230e2b903dd",0,0,0,0,0,0,0,0,0,7,0
"7645af4853237e75e879e9e045170699",0,0,0,0,0,0,0,0,0,10,0
"78d4d39a9c0c4b1e1192b8109a6cf6a7",0,0,0,0,0,0,0,0,0,9,0
"78f7db808e95eb324d9b8aeaf91a387f",0,0,0,0,0,0,0,0,0,6,0
"7a43cebedbbf13a80a0c17042beb73cc",0,0,0,0,0,0,0,0,0,5,0
"7c196a91dbc0c6af32187f3046cf1d20",0,0,0,0,0,0,0,0,0,19,0
"7c7fb9775233c3831ad9c8f7383623df",0,0,0,0,0,0,0,0,0,6,0
"7f5b6ad9550fece0d36780f06277f1b4",0,0,0,0,0,0,0,0,0,15,0
"8085bf2cdb2ecfbdf7fdbff5688cd40a",0,0,0,0,0,0,0,0,0,6,0
"8128e35ecd2ec649cc8c59d87f36418e",0,0,0,0,0,0,0,0,0,4,0
"817eb3f4ab33c6ed59930850acee6831",0,0,0,0,0,0,0,0,0,13,0
"82f2cbc56ca56d78f8892ebb4a2199bf",0,0,0,0,0,0,0,0,0,11,0
"8345f72460bc08e082a845cb1c564b62",0,0,0,0,0,0,0,0,0,11,0
"841ae379877e31013f8fbef822fae2db",0,0,0,0,0,0,0,0,0,73,0
"8d22ba0038127291ce64a8fc30c3048b",0,0,0,0,0,0,0,0,0,11,0
"8d2a8d5bd0223905bdec808e99f3a29e",0,0,0,0,0,0,0,0,0,6,0
"8d401bab3aef4e5ebe91eb4e66aeb274",0,0,0,0,0,0,0,0,0,41,0
"8d5aa494c7be6f2bca30ec08f1823e84",0,0,0,0,0,0,0,0,0,7,0
"8e1863cfd95d92db917c2e8c5de8095b",0,0,0,0,0,0,0,0,0,16,0
"8f0992dc4d260d95a597090fb4388d27",0,0,0,0,0,0,0,0,0,7,0
"9086bc956542d0c177e7c3d424e5d5e1",0,0,0,0,0,0,0,0,0,19,0
"9544007a18dc1fa4047e62fb43c4a4e2",0,0,0,0,0,0,0,0,0,357,0
"9e09c8170cb6eb444823505cb194f130",0,0,0,0,0,0,0,0,0,13,0
"9e5c334f15ba1ee92c82c8cdc4fcbff2",0,0,0,0,0,0,0,0,0,3,0
"a24451b746b7436038aac658b022642e",0,0,0,0,0,0,0,0,0,5,0
"ac557a936fbf3b0940fd1526aa049d05",0,0,0,0,0,0,0,0,0,2,0
"ae9160a1d02b3341b75a4bf5e56d7049",0,0,0,0,0,0,0,0,0,15,0
"b62d22cf751eda91430f98b599fc7315",0,0,0,0,0,0,0,0,0,15,0
"b715d7804e0b4333b67dbdbbdd99b946",0,0,0,0,0,0,0,0,0,2,0
"b7be204f0f45165e657c46f5b2077779",0,0,0,0,0,0,0,0,0,46,0
"bb4ece9a362d4f12d3ff380e0dc965a4",0,0,0,0,0,0,0,0,0,7,0
"bbbb9b17d241456841f66e8a1c64b484",0,0,0,0,0,0,0,0,0,127,0
"c01bcf0aea85f9a2b97a09f0860efd83",0,0,0,0,0,0,0,0,0,11,0
"c0fadff5650d8002ceaf9c9a3e5f468c",0,0,0,0,0,0,0,0,0,7,0
"c35c2adf452f8d43a06a3f74f68935e6",0,0,0,0,0,0,0,0,0,21,0
"c4b54f1a03676e729df1879554156f4f",0,0,0,0,0,0,0,0,0,5,0
"c60ebd6755ce6cd55e0061c11c56463d",0,0,0,0,0,0,0,0,0,32,0
"c765f2671849991210236ccc02bd094f",0,0,0,0,0,0,0,0,0,9,0
"c98ad1389fc17762d10368be26e36df4",0,0,0,0,0,0,0,0,0,3,0
"ca1c42fe5cdf24c2207a3595598d2dc5",0,0,0,0,0,0,0,0,0,3,0
"d11e9f2328b425694ab7614e0c18dba7",0,0,0,0,0,0,0,0,0,3,0
"d158eed0f79e4b0b831df733c3b6ac63",0,0,0,0,0,0,0,0,0,5,0
"d7e374a56167c670dcc5c570fa9935df",0,0,0,0,0,0,0,0,0,5,0
"d8b2b0d9345534d13b202f3ae27761c7",0,0,0,0,0,0,0,0,0,3,0
"dc7a2caf1b761b17cbd869c02f679867",0,0,0,0,0,0,0,0,0,11,0
"dd0779f5f750aa9fe218a4a3875a0623",0,0,0,0,0,0,0,0,0,5,0
"de66bca309af4c0541cc97b862adc6c3",0,0,0,0,0,0,0,0,0,3,0
"de964deb77f8bc6d79ab20208118ac22",0,0,0,0,0,0,0,0,0,6,0
"e461e4ac58a235d0a11f8ae2112c2c1e",0,0,0,0,0,0,0,0,0,32,0
"e659a56215fc0d5702fcb368227011bd",0,0,0,0,0,0,0,0,0,2,0
"e9fc3c2bd356a0ae3bcf7377adbc702d",0,0,0,0,0,0,0,0,0,15,0
"ec961d625ed277371763c50a5168699e",0,0,0,0,0,0,0,0,0,5,0
"ee4411770670e4b1061edaf44b9bdce5",0,0,0,0,0,0,0,0,0,28,0
"ee92dfaa4d2656007eb2987e9e7921b3",0,0,0,0,0,0,0,0,0,10,0
"ef342e5e1a6e32f6132ab5f20331d8fe",0,0,0,0,0,0,0,0,0,5,0
"f0dcb9fbc3d3f9a954f3c7d13b7dd85b",0,0,0,0,0,0,0,0,0,4,0
"f1b0112ffe9616a245aedc7c68386fc2",0,0,0,0,0,0,0,0,0,3,0
"f2327c73f6db7b113737ee384e8362b2",0,0,0,0,0,0,0,0,0,11,0
"f7729f0aba774881faafb83269e37ca6",0,0,0,0,0,0,0,0,0,4,0
"f8e46fe61c324fa785dc98462d7447d1",0,0,0,0,0,0,0,0,0,4,0
"fbd3a78821a28b7d96b55cc74bc70c8e",0,0,0,0,0,0,0,0,0,18,0
"fc1b514247dbd47e1ab39d2f9f8f1aba",0,0,0,0,0,0,0,0,0,9,0
"00f78fc6fa0b803eeadf4e8d4cf73397",0,0,0,0,0,0,0,0,0,0,2
"0cb6ddb823a1acfb812a5b08020a4af7",0,0,0,0,0,0,0,0,0,0,3
"10e15d094e1585e8afcdf00f8ce55e89",0,0,0,0,0,0,0,0,0,0,8
"1345ef82e926c41987393acceb2b079e",0,0,0,0,0,0,0,0,0,0,3
"16be88ce9bcad2cc295ee1f826ba5e1f",0,0,0,0,0,0,0,0,0,0,11
"1f404c512b0b4d5b67859f357d13ee49",0,0,0,0,0,0,0,0,0,0,37
"2fea34276e6fd3e8b842f2f7dd545c46",0,0,0,0,0,0,0,0,0,0,17
"466a60f2011dc211c6ecb90f8750dde9",0,0,0,0,0,0,0,0,0,0,4
"4b6f8712943132f6ad559c61cc3512ed",0,0,0,0,0,0,0,0,0,0,3
"53322c4aa44438d4a70fcbd9abf14b5c",0,0,0,0,0,0,0,0,0,0,48
"540885eb3f6144bad9375ef8f7c20ecd",0,0,0,0,0,0,0,0,0,0,3
"590f1bb83957f473bcd904cc82a1b0de",0,0,0,0,0,0,0,0,0,0,4
"6d622ed640fadb6a3031f1f4f0714701",0,0,0,0,0,0,0,0,0,0,10
"81f0d398e0689d2293f76de17a828666",0,0,0,0,0,0,0,0,0,0,5
"b9e452b0a8204a3fdbb1eeb24326c1ee",0,0,0,0,0,0,0,0,0,0,115
"db48af831c267ee50133afe16fe1f267",0,0,0,0,0,0,0,0,0,0,2
